criticality,defect_severity,asset_criticality,failure_consequence,deferral_history,mandatory,duration_minutes,restoration_minutes,power_isolation,snt_disconnection,department_risk,window_hours,traffic_block,failure_after_deferral,safety_escalation,emergency_intervention,disruption_minutes,maintenance_effectiveness,outcome_risk_score
5,2,5,1,5,1,60,15,1,1,0.86,4.0,1,1,0,0,172.4049863015409,0.8460105769954981,0.46571591714467575
4,3,2,5,8,1,30,30,0,1,0.72,48.0,1,1,1,0,89.41118283232626,0.5233627868225286,0.6729720601439739
1,1,4,3,1,1,30,20,0,1,0.86,1.5,1,1,0,0,88.00846332004019,0.7967425131423077,0.4129003329600653
3,4,1,4,5,0,90,0,0,0,0.82,1.5,1,1,0,0,116.57773367614539,0.6456877420408019,0.4425203471745741
5,4,5,3,1,1,45,60,0,0,0.86,96.0,0,1,0,1,77.66631692736831,0.6498565306501841,0.6062875874727327
3,4,5,1,6,0,75,45,0,0,0.72,72.0,0,1,0,0,108.10153093003825,0.7029528915025203,0.43286098488151575
4,5,3,4,5,0,180,15,1,0,0.86,3.0,0,1,0,0,70.87499829757898,0.5992448089742138,0.4153028622368577
4,3,5,4,1,1,90,15,0,0,0.72,4.0,1,1,0,1,22.528232160538593,0.7542242114873884,0.5622231266362419
4,1,3,4,0,1,75,15,0,0,0.86,1.5,0,1,0,0,63.56968706381148,0.7537942537234589,0.39961419361523226
4,2,4,3,3,0,75,0,0,1,0.72,1.5,1,1,1,0,91.31923155818419,0.7799652077241792,0.6562819231647636
1,4,3,3,1,0,75,15,0,0,0.82,4.0,1,1,0,1,54.36741618778001,0.6686008542229305,0.5894428843295816
3,5,2,4,5,1,45,15,0,0,0.86,48.0,1,1,1,0,47.77257645703401,0.5782213661570493,0.641372888673696
3,1,3,5,1,1,60,30,0,0,0.86,2.0,1,0,1,1,56.98198945671576,0.8071063026086623,0.4814905517885375
5,3,1,3,8,1,60,10,0,0,0.82,12.0,1,1,0,1,71.9254813916536,0.6395380368453006,0.6031826583485981
5,1,4,2,2,1,75,0,0,0,0.82,48.0,1,0,0,0,49.10048210949098,0.7326823833785245,0.05144588790316394
5,3,4,5,7,1,180,60,0,1,0.72,8.0,1,1,0,1,29.851262744187633,0.7465345806241979,0.5676434211857646
4,1,5,4,3,0,60,0,1,0,0.72,2.0,1,1,0,1,79.37348922371629,0.6561157701604646,0.6069875555712451
3,2,4,5,8,0,75,60,0,0,0.82,24.0,1,1,1,0,94.80736924821683,0.7290884279620428,0.6621687228748017
4,3,4,1,4,0,45,20,1,0,0.86,3.0,1,1,0,1,105.98111428534202,0.7041512359804262,0.6213634896715982
5,4,1,1,2,0,30,15,0,1,0.86,4.0,1,1,0,1,83.51571343760924,0.631980103768253,0.6114385350279617
4,5,2,2,3,0,45,0,1,1,0.82,12.0,1,1,1,1,153.761977947903,0.6515765655221772,0.8968976257120496
1,2,2,3,3,0,150,45,0,0,0.86,4.0,0,1,0,0,97.31813615849872,0.7190642335219688,0.42454426109246135
5,1,3,5,4,1,90,15,1,0,0.86,8.0,1,0,1,0,33.72471237013187,0.6448156276852572,0.2873460476421199
5,3,1,1,4,0,150,60,0,0,0.86,1.5,1,0,0,0,112.17453398668779,0.6076059532851656,0.10225060592783028
1,5,5,3,2,0,30,60,0,0,0.72,48.0,1,0,1,0,73.51067139676579,0.43211508042770097,0.32875905863457144
2,1,5,3,4,1,90,10,0,1,0.86,3.0,1,1,0,1,11.970424599788581,0.5891599311886812,0.5667390878833181
2,2,1,4,8,0,90,20,1,0,0.82,4.0,1,1,0,0,35.791168532373256,0.6687692496498427,0.3870469315460932
5,5,3,4,2,0,75,10,1,1,0.82,48.0,1,1,1,0,17.246661177440053,0.6410528447039537,0.6166240749890166
4,5,3,4,3,0,150,30,1,0,0.86,2.0,1,1,1,1,82.79656055770599,0.6603520637617906,0.8489730625751454
1,2,4,4,1,0,90,20,1,0,0.82,3.0,1,1,1,1,44.1005390081833,0.7470020671974527,0.8171102146349671
1,1,2,5,6,1,120,45,0,1,0.72,1.5,1,0,1,1,58.53921066604656,0.6989749835584201,0.4900978915949416
2,4,3,4,8,0,60,20,0,0,0.72,4.0,1,1,0,1,43.46667162590788,0.523663527731706,0.5923213341427191
4,4,5,4,0,0,60,0,0,0,0.86,4.0,1,1,1,0,30.99474202905234,0.611627124483636,0.6278492626388471
5,3,4,5,5,0,150,0,1,0,0.86,8.0,1,1,0,0,104.79329310853751,0.49178704660227296,0.4454371021435326
3,4,1,2,4,0,120,20,0,0,0.86,12.0,1,0,0,0,32.72489263441907,0.7226493419332785,0.041231141154283224
3,3,2,5,2,1,30,10,0,0,0.72,8.0,1,1,0,1,88.68713725993626,0.4294245069918251,0.6290650426838631
5,5,5,3,7,1,180,0,0,1,0.86,48.0,1,1,1,1,68.69868337349901,0.43156003340043575,0.8555899199109688
5,5,2,3,4,1,45,20,0,0,0.86,1.5,0,1,0,0,64.58452680996976,0.657484723249617,0.4070324205791734
5,1,2,2,8,0,150,45,0,0,0.72,72.0,1,0,0,0,98.50940222912354,0.645554129439241,0.09048414575866882
2,4,5,5,4,1,150,60,0,0,0.72,8.0,1,1,1,1,13.629087795210262,0.6884751130292521,0.8008928006180925
2,3,2,5,1,1,75,10,1,0,0.72,2.0,1,1,1,1,45.684902232073945,0.6426210706160391,0.8254731265449265
3,4,5,4,1,0,180,15,1,1,0.86,1.5,1,0,0,1,66.95597137365735,0.641231315687318,0.2597511221509926
4,2,5,5,2,0,60,30,1,0,0.72,8.0,1,1,0,0,34.66804066914104,0.7168873073524484,0.3829299155980893
5,4,1,1,5,0,30,15,0,0,0.86,1.5,1,1,1,0,36.66415182157937,0.7155104488338689,0.6243570364626821
5,4,3,5,1,1,45,45,0,0,0.82,12.0,1,1,1,0,68.1904211962866,0.8220730658006403,0.6379151661914797
3,1,5,4,5,0,60,45,0,1,0.86,3.0,1,1,1,1,35.66422890769247,0.7181589041972399,0.8135050293113215
5,2,2,5,6,1,150,15,0,0,0.82,12.0,0,1,1,0,30.91009227678007,0.603224999625798,0.6283809782107143
4,1,3,4,2,1,60,45,0,0,0.82,3.0,1,1,0,0,36.82222961442716,0.7488561248313439,0.38212822433809074
2,4,2,5,0,1,150,10,0,0,0.82,24.0,1,1,1,1,56.83456172798938,0.6233360201818483,0.8342561864059302
4,2,2,4,8,1,60,60,1,1,0.72,48.0,1,1,1,0,52.502323266508526,0.5588658274088426,0.6458809409257201
1,1,3,1,6,1,150,10,0,0,0.72,4.0,1,0,0,0,15.456968117904806,0.6932162771755949,0.031779506009644895
4,1,5,2,5,1,30,0,0,0,0.82,2.0,0,1,0,0,78.4740641768863,0.6788885601173834,0.41479384357637406
3,2,5,4,3,0,150,30,1,0,0.72,24.0,0,0,0,1,106.01261663189317,0.6528398915972641,0.28497628534278696
5,1,2,5,8,1,120,15,0,0,0.86,72.0,1,1,1,1,127.34247700652733,0.6846821528266162,0.8769672339731551
2,4,5,4,1,1,60,60,1,0,0.72,24.0,1,1,1,1,164.41830193558965,0.7159596847440715,0.8994950233583081
4,4,2,3,1,0,120,20,0,0,0.86,8.0,1,0,1,0,18.051307905485825,0.727811407177211,0.2710874067679191
5,1,2,3,0,1,90,30,1,0,0.72,4.0,0,0,1,1,35.05087971612548,0.7696858107504784,0.46948924639155015
2,2,2,4,3,1,150,15,0,0,0.86,24.0,0,1,1,0,42.05612349345174,0.6736130012695241,0.6308845055734345
5,5,3,1,3,0,150,20,0,0,0.82,96.0,1,0,0,1,30.213780364110406,0.7449584580602144,0.22799542817852525
5,2,5,5,8,1,75,60,0,0,0.82,24.0,1,1,1,0,67.37129491176393,0.6232784250295819,0.6512847068557719
5,1,3,4,1,0,150,60,0,0,0.72,48.0,1,0,0,0,72.71475295675978,0.6194716380058698,0.07511348731076231
5,5,4,1,0,0,30,15,0,0,0.86,72.0,1,1,0,1,51.765972636609106,0.5081052874233172,0.5989432783047739
1,1,4,5,0,1,120,20,0,1,0.72,8.0,1,1,0,0,118.40692109383048,0.579839961037419,0.4483491501232677
1,5,5,1,0,1,30,30,0,0,0.86,8.0,0,1,0,1,35.38463452173599,0.643797773648002,0.5785239121924639
5,2,4,2,5,1,45,15,1,0,0.72,4.0,1,0,0,1,36.45172584920068,0.48856280687516374,0.25010175408487234
5,2,2,5,8,0,75,10,0,0,0.72,8.0,1,1,0,1,14.77097789732181,0.6807288328895356,0.562196300295947
3,5,5,1,1,1,150,30,0,0,0.82,48.0,1,1,0,0,51.69725233489967,0.7515495807337806,0.3918563642385685
3,4,5,3,6,0,120,10,0,1,0.72,4.0,1,0,0,1,64.29918649388185,0.6824563052049615,0.25509418296490727
5,3,5,5,1,0,120,20,1,1,0.82,48.0,1,1,1,0,69.35276799851185,0.4217825523027042,0.6667104000044854
1,2,2,4,7,1,120,15,1,1,0.72,3.0,1,1,1,1,84.50321492413627,0.5702428949066133,0.8564184739726279
2,3,1,3,1,1,120,10,0,0,0.72,1.5,1,1,1,0,18.192971634309945,0.6487562261629415,0.6167157119248008
1,4,3,5,5,0,180,30,1,1,0.82,4.0,1,1,0,1,57.77515381792974,0.712867573433589,0.588616039071602
1,5,4,1,8,0,75,0,0,1,0.72,24.0,1,1,0,0,102.70551678529334,0.42486790797759744,0.4487295909650971
4,5,3,2,1,0,60,30,0,0,0.86,48.0,0,1,1,1,64.25996177009827,0.7276257706510523,0.8319061705678252
5,4,5,1,0,1,75,15,1,1,0.86,8.0,1,0,1,1,24.450230879111185,0.6838929814481457,0.46842764521803726
3,5,4,3,2,0,180,45,0,0,0.82,1.5,0,1,0,1,128.69439929211393,0.6023600805856093,0.6436310605537501
2,2,2,5,6,1,90,45,1,0,0.82,2.0,1,1,1,0,81.08083362347595,0.5007383819249741,0.6690022023475692
3,2,5,3,7,0,90,30,1,0,0.82,24.0,1,1,1,1,60.99915017532139,0.5383379842994822,0.8429824412159171
3,5,5,4,2,1,60,30,1,1,0.86,96.0,1,1,1,0,48.989122821479114,0.705128706095688,0.6333004057876213
3,2,1,5,8,1,180,15,0,0,0.72,48.0,1,1,0,0,45.71172448495006,0.44509440093462516,0.40931787492454297
5,5,3,1,2,1,60,15,0,0,0.86,48.0,1,1,0,1,88.7524217737487,0.42840942324160597,0.6291796215555868
1,4,1,2,4,0,120,60,0,1,0.82,12.0,1,0,0,1,23.165986314799465,0.8039340855530946,0.21916860488781637
5,1,1,4,5,0,60,15,1,0,0.72,1.5,0,1,1,0,38.30447902689059,0.813575019589104,0.6185860679800232
4,2,3,3,2,0,90,60,0,0,0.86,8.0,1,1,0,0,19.89854784698765,0.7862142275006198,0.36823070263961505
2,2,3,5,0,0,120,20,1,0,0.82,2.0,1,1,1,0,54.757096959865166,0.6852392271541511,0.6385379854057862
3,2,2,2,5,0,120,45,1,0,0.86,3.0,1,0,0,1,35.43299630974917,0.8487175564286413,0.22421176858982791
4,2,4,1,8,0,180,20,0,0,0.72,3.0,1,1,0,1,70.58348226436951,0.5627896676025804,0.6076603781107324
4,4,3,3,7,1,30,0,1,0,0.72,2.0,1,1,1,0,96.02656665250714,0.5577879705493464,0.6749725531632172
3,4,1,5,4,0,150,30,1,1,0.86,1.5,1,1,1,1,46.305974043296075,0.5415523022251979,0.8329619882064336
2,5,2,1,7,1,180,10,0,0,0.82,8.0,1,1,0,0,40.12454902529905,0.6696888454443306,0.3898714801690963
5,1,3,5,8,0,75,45,0,0,0.72,96.0,0,1,0,0,118.19330057746807,0.5981287835918015,0.44692651886688595
3,3,2,3,2,0,45,45,0,0,0.82,48.0,1,0,0,1,64.92124440173338,0.6269624883060337,0.25939345541973324
4,5,1,2,4,1,75,0,0,0,0.72,48.0,0,1,0,0,62.82365839773218,0.5403238048191563,0.41405977259448057
3,2,3,2,7,1,75,0,0,0,0.72,8.0,1,1,0,0,54.007508270767744,0.6346800941303951,0.40157739892471755
3,5,3,4,6,0,90,15,1,1,0.82,2.0,0,1,1,1,132.66894564299795,0.5733043381190767,0.8883146600936633
1,2,4,4,0,0,75,10,0,0,0.86,2.0,1,1,0,0,121.79120898559306,0.807269146456676,0.4346852990717614
5,4,3,4,5,1,150,20,0,0,0.86,4.0,1,1,0,0,149.73205346738195,0.6567349488155935,0.4638499225611631
4,2,3,4,0,0,30,15,0,0,0.86,24.0,1,0,1,0,76.30268589787111,0.7058118944573261,0.31146162465323457
2,2,5,2,2,1,45,15,0,0,0.86,2.0,1,1,0,0,32.778424885926825,0.7200522204074956,0.3814486278287599
5,2,5,3,5,0,45,60,0,0,0.86,8.0,1,1,1,1,68.6700985470183,0.5150688303003028,0.849725247576991
3,3,5,1,5,0,90,10,1,0,0.82,1.5,1,0,1,1,42.65014674432723,0.6985835849641995,0.47953258021539086
3,5,3,5,1,1,45,60,1,0,0.86,96.0,0,1,0,1,65.16696201967127,0.6078724282004936,0.6008935713724131
2,2,2,3,1,1,60,10,0,0,0.72,8.0,1,1,0,0,42.399335967536715,0.8251553081135263,0.380505352410411
1,4,1,1,1,1,75,45,1,0,0.72,3.0,0,1,0,0,64.46369312825507,0.752949962159425,0.400269298067677
3,1,5,5,1,0,90,15,0,0,0.82,3.0,1,1,1,0,60.8767667538109,0.5976010558746476,0.648752437257982
2,5,1,3,6,1,75,0,0,0,0.82,3.0,1,1,0,0,112.65322185682743,0.5913408839505032,0.44370828602801643
3,4,4,2,4,0,75,30,0,0,0.86,4.0,1,1,1,0,97.12050476989,0.53471968861956,0.6773166249765575
4,1,4,3,7,1,75,0,0,0,0.72,8.0,1,1,1,1,154.24723335218752,0.5961396574267686,0.9011017128815846
1,3,1,5,1,1,90,10,1,0,0.82,96.0,0,1,0,0,43.33529701071561,0.8025905993707814,0.38270885605118904
2,1,3,1,5,0,180,60,0,0,0.82,12.0,1,0,1,0,91.38127756773967,0.7885668814727959,0.31572117000873073
1,3,3,1,1,1,90,0,1,0,0.82,2.0,0,1,1,1,20.513176999140278,0.7808353992512027,0.799016973385176
3,2,1,1,1,0,150,45,0,0,0.86,8.0,1,0,1,0,76.02557154812509,0.7934835547935325,0.30513986552986944
5,3,4,5,0,1,45,30,0,1,0.82,12.0,1,1,0,0,75.14326299881716,0.6552661917263791,0.41422687524503166
1,3,1,2,0,1,45,45,0,0,0.82,1.5,0,0,0,0,55.19074239825879,0.7712475942015735,0.05280649667139571
3,5,2,2,4,0,45,10,1,0,0.82,3.0,1,1,0,1,162.02342296871,0.651826795555727,0.6623877396235726
1,4,4,4,5,1,60,45,0,0,0.82,8.0,1,1,0,0,27.4537990586094,0.5524516790364722,0.3896309151731866
3,4,5,1,1,0,120,10,1,1,0.82,8.0,1,1,0,1,94.2272546960835,0.8357731891613899,0.6043140465560917
4,2,1,2,5,0,90,0,0,0,0.72,72.0,0,1,0,0,100.83077186693598,0.8166135711354238,0.42005756459847765
1,1,2,2,4,0,60,30,1,0,0.86,96.0,1,0,0,1,23.430539303575824,0.7957967521875922,0.21991458688258578
2,4,5,2,5,1,60,45,0,1,0.72,3.0,1,0,0,1,65.49845949808505,0.590279728705106,0.26234605865603267
1,5,5,2,7,1,60,0,0,1,0.86,1.5,0,1,0,0,34.38811405597518,0.6060717125855961,0.39050038948965843
5,5,2,5,0,0,150,45,0,0,0.86,2.0,0,1,0,1,23.478757452832006,0.7062467001603658,0.566215235957329
4,3,4,4,3,0,60,10,0,0,0.72,72.0,0,0,0,0,151.45543510673653,0.680823863132631,0.12331261965187351
4,1,3,4,8,1,30,45,0,0,0.82,72.0,1,1,1,1,80.22369654910167,0.6071942684454024,0.8509788655748896
1,2,4,3,5,1,45,45,0,1,0.82,24.0,1,1,0,1,53.57869904098415,0.665378782934169,0.5891426178885976
2,5,5,4,1,0,75,10,0,1,0.86,24.0,1,1,1,0,38.24753380773861,0.6694013972901887,0.6286402580615126
2,5,1,4,6,0,120,45,0,0,0.72,2.0,1,1,0,1,119.88800545365163,0.46419449218914277,0.6474317225158611
2,3,4,2,4,0,60,45,0,0,0.82,48.0,0,1,0,1,122.09483909161816,0.5495580507262813,0.6429274958435724
4,4,5,3,3,1,120,15,1,0,0.72,1.5,1,1,0,0,92.6741631279117,0.6079944450715201,0.42922316426360146
1,3,3,2,8,1,60,10,0,1,0.86,72.0,1,0,0,0,50.51356781893368,0.5562165917631964,0.06474055045586538
3,4,4,2,5,1,150,0,0,1,0.82,3.0,1,1,0,0,63.774488923241606,0.5871259588982111,0.411417508825953
5,4,2,2,6,1,90,20,0,1,0.72,1.5,1,1,1,0,53.675723700396816,0.5917718652043283,0.6443597852359617
1,4,5,3,2,1,90,10,1,0,0.86,4.0,1,1,0,0,89.09338152369253,0.6777444040346534,0.42195347940003597
5,5,2,3,6,1,180,10,1,0,0.86,8.0,0,1,1,0,45.701951762875794,0.5703493994266834,0.6405435098820494
4,1,4,5,6,1,150,10,0,0,0.86,12.0,1,1,0,0,99.1327225306593,0.579502622322093,0.4355232981245597
4,2,4,2,4,1,45,0,1,1,0.72,4.0,1,0,1,0,52.22126146349001,0.7885488383260879,0.2896157556261672
5,5,1,1,7,1,75,30,1,0,0.86,1.5,1,0,0,0,74.54629850183198,0.534099758936587,0.08231054920899357
5,2,4,3,8,1,150,60,0,0,0.72,24.0,1,1,1,0,49.10146381938617,0.7011121466483502,0.6336564589475396
1,5,2,4,1,1,180,30,1,0,0.72,8.0,1,1,1,1,64.37188396192553,0.7101503039100588,0.8332040680342463
4,5,2,2,7,1,180,10,0,1,0.72,2.0,1,1,0,1,90.5870434762697,0.7349025862931988,0.6089481812769892
1,1,5,5,6,1,120,15,0,0,0.72,1.5,1,1,0,0,90.63523896751379,0.6370306796699817,0.4258313450681105
2,3,3,3,8,0,120,10,0,1,0.72,12.0,0,0,1,1,86.57407254136658,0.5997298994452887,0.5157349553997408
5,1,5,4,5,0,45,10,0,0,0.82,96.0,0,0,0,0,2.8579397324997173,0.6502539620239498,0.026387515813323326
4,5,2,2,7,0,120,0,1,0,0.82,8.0,1,1,1,1,141.87763782706,0.6349890080249092,0.8901358613229631
1,4,5,4,5,0,120,20,0,0,0.72,4.0,1,1,0,1,39.348465897222454,0.6927151213196141,0.5777422521057753
5,5,4,5,0,1,120,15,1,1,0.86,12.0,1,1,0,1,98.9665716945672,0.6770985449769453,0.6185808163146587
4,1,5,3,7,0,90,0,0,0,0.82,4.0,1,1,0,0,67.57994681442241,0.7761316711299863,0.4007240808971826
5,3,1,2,2,1,90,60,0,1,0.82,4.0,1,1,0,0,185.335823824122,0.7741910170631519,0.4793638446883274
1,1,1,1,6,0,30,0,0,0,0.86,8.0,1,0,0,1,17.478432767868195,0.7513944306694207,0.21905467836505269
3,5,1,1,0,0,150,15,0,0,0.72,72.0,1,0,0,1,61.62158655850343,0.7470588356939196,0.24878693920709458
5,3,5,1,1,1,30,30,1,0,0.86,48.0,1,1,1,0,54.474216945064946,0.7851167676379871,0.6313579708953843
4,1,3,2,3,1,30,15,0,0,0.86,48.0,1,0,0,0,35.020205844191686,0.7659885788982246,0.03972760337325207
5,1,3,4,4,1,180,60,0,0,0.72,4.0,1,0,0,0,67.06826796754589,0.7563441630101705,0.06176808723431866
5,1,3,2,0,1,180,60,0,1,0.72,48.0,0,1,1,0,72.03230963121592,0.9013959252538932,0.6349238249863715
3,2,4,1,5,1,60,30,0,0,0.72,12.0,0,0,0,0,116.50715214398141,0.7452129228979765,0.09550653015979593
5,1,5,1,7,1,30,20,1,0,0.86,3.0,1,1,0,0,84.3930474518727,0.5096338211153303,0.43058766415650873
4,3,5,2,8,1,30,0,0,0,0.72,4.0,1,1,0,1,83.82202333001858,0.6845663850677935,0.6079617019319336
1,5,2,2,5,0,180,15,0,0,0.72,4.0,1,1,0,1,136.6393759573504,0.7519475946948517,0.6384565856762606
4,3,5,3,0,0,120,0,0,1,0.86,8.0,1,1,0,1,32.452109474258215,0.749702711373143,0.5691555498533855
4,1,2,1,6,1,120,60,0,1,0.72,2.0,1,0,1,0,104.80444910624938,0.8170289781163995,0.3226776042693516
5,2,2,4,1,1,45,20,0,0,0.72,48.0,1,0,1,0,62.34636020844028,0.8114303801580907,0.29476411352789383
3,2,5,1,7,1,30,10,0,0,0.82,12.0,0,0,0,0,55.81931611033205,0.6357707087876149,0.06270892779175499
1,1,1,3,8,0,45,10,1,0,0.82,3.0,1,0,0,0,28.96893629317391,0.7047286251434439,0.039981620435408205
3,3,2,3,8,0,120,45,1,0,0.72,24.0,1,1,0,1,38.15693725637098,0.6660735265283996,0.578812811313926
3,3,1,5,6,1,120,20,1,0,0.82,4.0,1,1,0,1,57.81122616598493,0.5948471387101449,0.5969015177342798
3,5,5,4,8,1,150,15,0,0,0.72,8.0,1,1,0,0,102.0928264057399,0.4553047811354456,0.4461905495910121
4,4,5,2,1,0,120,0,0,1,0.86,48.0,1,1,0,1,202.99745952098613,0.6883620325586688,0.6871462974015506
2,2,1,4,2,1,30,0,0,0,0.82,12.0,1,0,1,1,99.5580352455944,0.7341942463353832,0.5149784262535861
4,4,5,4,3,1,30,60,0,0,0.86,2.0,0,1,1,0,132.8413079709494,0.5144104319984791,0.7025521417407395
2,4,5,4,1,1,60,10,0,0,0.86,3.0,1,1,0,1,41.70406951903727,0.5284747643339905,0.5908094795093123
3,3,1,1,1,0,150,15,0,1,0.86,4.0,1,1,0,0,25.975710700515364,0.6314768576127061,0.3831137604341208
2,2,4,5,3,1,150,0,0,0,0.72,2.0,1,1,0,1,103.62126462761204,0.4786080317644627,0.6355782808615623
2,5,2,1,5,1,180,15,1,0,0.86,12.0,1,0,0,1,86.28856411225603,0.6276238763114862,0.27359203806636667
3,5,3,4,8,0,180,10,1,0,0.72,48.0,0,1,1,0,105.03288242218329,0.4837326201741292,0.6861606382025999
5,3,5,2,3,1,45,10,0,0,0.72,8.0,1,1,1,0,113.33230869614843,0.7092100309631866,0.675910170296676
5,2,5,2,3,1,150,10,0,1,0.86,12.0,1,1,0,1,61.743407299115596,0.7726438708286585,0.5870772005747377
5,2,2,2,1,0,90,60,0,0,0.82,2.0,1,0,0,0,113.90164448424036,0.7561436225580435,0.0930043760770972
5,5,5,2,5,0,90,10,0,0,0.86,48.0,1,1,0,0,141.95053717017046,0.6980018071077176,0.4557735649492401
2,4,4,1,1,1,45,0,0,1,0.86,3.0,1,0,0,0,44.73391089373357,0.6637483053609705,0.05336022588722111
4,4,5,2,2,1,120,30,0,0,0.82,72.0,1,1,0,1,7.340921756213739,0.7448033408229764,0.5527577139798675
4,1,1,3,0,1,180,45,0,1,0.82,72.0,0,0,1,0,26.005116930902986,0.8961032643132822,0.26460951611867223
4,2,2,4,2,1,75,30,0,0,0.72,96.0,1,1,0,0,13.482140139629937,0.6641851274377205,0.3724951345057796
5,3,3,2,0,1,120,0,0,0,0.86,4.0,1,1,0,0,44.139340800882785,0.795791064808431,0.38372085266399836
1,4,3,4,1,0,30,10,0,1,0.72,2.0,1,1,1,1,104.35705772142079,0.7042803048863829,0.8602717504722337
5,3,2,5,0,0,180,20,1,0,0.86,12.0,1,1,1,0,55.26710590969924,0.7266641875392889,0.6359782441453827
4,1,5,3,5,0,30,45,0,0,0.72,1.5,1,1,0,1,57.79455137648817,0.6600429833276478,0.5923266920847235
3,2,3,5,6,0,180,20,0,0,0.72,48.0,1,1,1,1,88.6040800090739,0.5214081364591951,0.8625708171205723
2,1,1,3,3,0,120,15,0,0,0.86,8.0,0,0,1,1,125.02729967936688,0.7286845275672023,0.5323436161898738
4,4,2,5,8,1,75,0,1,0,0.82,96.0,1,1,1,1,72.78449789945637,0.3644574318513264,0.8630109783700448
3,5,1,2,6,1,30,45,0,0,0.86,72.0,1,0,0,0,66.35470857027539,0.6739045254872982,0.06706315559607273
5,3,1,1,0,1,180,15,0,0,0.72,8.0,1,0,1,0,102.68789403421246,0.7327945491039314,0.3271629775855331
2,2,3,3,1,1,45,30,0,1,0.72,2.0,1,0,0,0,30.42387947744874,0.671671309714373,0.04326559463829305
5,2,4,4,6,0,120,20,0,1,0.72,72.0,0,1,1,1,121.71625894739917,0.6276666371475057,0.8772075080312741
1,5,3,4,7,0,60,60,0,0,0.82,4.0,1,1,0,1,130.00026029527473,0.5632135742538906,0.6472418899990775
1,3,4,2,4,1,150,30,0,0,0.82,12.0,1,1,0,0,37.15438152548322,0.578891983549627,0.39424714883518164
4,4,2,5,7,0,90,45,0,0,0.72,48.0,1,1,1,1,95.94677284643927,0.37020209356014155,0.8780503686817496
4,4,4,5,8,0,60,0,0,1,0.86,72.0,1,1,0,0,39.23218030882708,0.6412678868861966,0.3912660347905177
5,4,1,5,4,1,45,0,1,0,0.72,48.0,1,1,0,0,177.4770294259141,0.6025675678818181,0.48613828986554886
5,4,1,1,1,0,180,0,1,0,0.82,48.0,1,1,0,0,74.66182836210557,0.6339134911793616,0.4154006078588484
1,2,3,3,8,1,60,45,1,1,0.82,12.0,1,1,0,0,33.997984786345356,0.59007511866302,0.39136006488448555
2,2,2,2,8,0,60,10,0,0,0.86,8.0,1,1,0,0,55.54645751694879,0.6088332819228753,0.4044126419433646
2,3,2,5,3,0,90,0,0,0,0.72,24.0,1,1,0,1,40.069987468034945,0.7031625096480296,0.5774919493033279
4,5,3,5,4,0,30,45,1,0,0.72,48.0,1,1,0,0,155.06174865041464,0.6874457840528388,0.46525329421657774
3,4,4,3,4,0,30,0,0,0,0.72,4.0,1,1,0,1,130.67237936445582,0.6733551001721348,0.6399800625642545
4,4,3,1,0,1,120,60,0,0,0.86,12.0,1,1,0,0,57.87911519959344,0.6956260412638923,0.39989225391125655
5,3,4,3,2,0,30,45,0,0,0.82,4.0,1,1,1,0,79.21125948607431,0.708515226972029,0.6532114404360075
4,1,3,4,6,0,180,0,0,1,0.72,12.0,1,0,0,0,240.0,0.6044474258479209,0.18768868019064555
3,5,4,1,8,1,150,20,0,1,0.86,72.0,1,1,0,0,102.44922542535119,0.40848420063568125,0.44970558957240314
3,5,5,1,8,1,45,30,0,0,0.72,1.5,1,1,0,0,47.99317495433135,0.631962204596003,0.39775809564783404
2,3,4,2,1,0,45,15,0,0,0.72,8.0,1,0,0,0,88.45419610663933,0.8323047165738312,0.0707081339109247
5,2,2,3,8,0,30,60,0,0,0.82,24.0,1,0,0,0,77.39405060437917,0.5763264647302014,0.08125318120513868
3,4,2,5,5,1,30,10,0,0,0.86,3.0,1,1,0,1,77.83262596531583,0.6340381820276331,0.6075057445682762
3,4,1,3,3,1,90,15,0,0,0.72,24.0,1,0,1,0,63.77155814962733,0.7952226786702399,0.29684878459283476
5,3,5,2,1,1,150,45,0,0,0.82,96.0,0,0,1,1,94.36821258754212,0.7261040400799414,0.5120848589194321
1,2,3,5,4,0,45,60,0,0,0.86,8.0,1,0,0,0,94.98785803871368,0.7594731649478844,0.08016211714612388
4,4,3,5,1,0,150,10,0,1,0.86,4.0,1,0,0,1,41.61844085532823,0.4885680234664187,0.2535458655942362
5,4,4,1,3,0,60,0,0,1,0.82,12.0,1,1,0,1,92.84355320179566,0.5404402600677902,0.6240648839297851
2,1,2,4,4,0,90,15,0,0,0.86,96.0,1,1,0,1,43.4163804597531,0.7002407600120102,0.5799274004389947
1,5,2,5,3,0,30,0,0,0,0.86,3.0,0,1,0,1,67.19261515056402,0.5630346241123283,0.6053826530791797
5,4,2,1,6,1,120,15,1,0,0.72,24.0,1,1,0,1,75.13278478565735,0.7673047270447155,0.5963771922973081
1,2,2,5,5,1,45,20,1,0,0.82,72.0,0,1,0,0,46.488615573556395,0.7386189542185346,0.38928908358707354
4,4,3,4,0,0,150,15,1,0,0.72,4.0,1,1,1,0,54.23508128656611,0.65786397570476,0.6401062425583776
1,5,3,5,3,0,60,30,1,1,0.82,96.0,0,1,1,1,13.507802841199876,0.5807330243220389,0.8083538901915905
2,3,5,5,6,0,45,15,0,0,0.72,2.0,1,1,1,1,56.942378323214946,0.6620050811933009,0.831621229865279
2,4,3,5,7,1,150,20,0,0,0.86,4.0,1,1,1,1,85.57945370692725,0.6187640940469256,0.8537394825546668
5,3,3,4,8,1,45,15,1,0,0.82,1.5,1,1,1,0,34.80727807511719,0.59873562278403,0.6312933584551962
2,5,4,2,0,1,150,60,1,1,0.82,8.0,1,1,0,1,42.171890130691864,0.5924013564353461,0.5866464984699871
3,4,2,3,5,1,90,10,0,0,0.82,12.0,1,1,1,0,38.00551829205593,0.5654734673248154,0.635753869481967
3,3,1,4,4,0,75,60,0,0,0.82,4.0,1,1,0,1,75.83029942363757,0.5530263577761723,0.6118416879047597
1,4,2,5,4,0,45,15,0,0,0.72,48.0,1,1,0,1,14.903087090168862,0.5410642022354124,0.5720608972369671
3,4,4,1,1,1,120,30,1,0,0.82,2.0,1,1,0,0,102.71164477724997,0.7490727796372215,0.4260393352768945
4,5,4,3,6,1,45,15,0,1,0.86,4.0,1,1,1,1,105.5498713000448,0.6330655680363182,0.8660519911041543
3,4,2,2,3,1,90,60,0,0,0.72,12.0,1,1,0,0,47.32230194020739,0.6441263286189013,0.3964593582901485
1,3,5,2,4,0,180,60,0,0,0.82,3.0,0,1,0,0,132.28875587302952,0.6903116704937741,0.44987068698078886
4,3,4,4,6,0,150,60,0,0,0.86,2.0,1,1,1,1,190.90855378736626,0.8028173127184262,0.9110751573012876
2,1,1,5,4,0,180,10,0,0,0.72,3.0,1,1,0,0,68.04979769273713,0.8440961600461299,0.396279800591929
5,2,2,3,6,0,75,20,0,0,0.86,24.0,0,1,0,1,40.11889147003955,0.6699153454169996,0.5798518534675031
3,4,4,1,7,0,75,45,0,0,0.82,2.0,0,1,0,1,70.46165714368335,0.6196824798408979,0.6035966645069262
1,3,3,3,0,1,45,10,1,0,0.82,12.0,1,1,0,0,51.77320778225368,0.8516215050436472,0.3849019665017805
5,1,3,1,6,1,150,10,0,0,0.72,48.0,1,0,0,0,87.42185838970346,0.6855157289538155,0.08029513789970188
3,5,2,3,0,1,60,0,0,1,0.82,4.0,1,1,0,1,26.793624927341398,0.8320181333409565,0.5596211472843607
4,4,2,4,3,0,180,15,0,1,0.86,2.0,1,0,0,0,57.20262721635608,0.664964797305498,0.061587548999519195
1,3,5,1,2,1,90,20,0,0,0.82,4.0,1,1,0,0,37.70226322288738,0.7077696001358205,0.38559097013908417
1,4,5,1,6,1,75,45,0,0,0.72,3.0,1,1,0,0,91.38984920677576,0.6628083856699564,0.4245299791409536
5,3,1,5,1,0,45,60,0,1,0.82,24.0,1,1,1,1,45.60648404555707,0.6909407880132536,0.8220384675361103
5,4,3,5,2,0,30,0,0,0,0.82,24.0,0,1,1,1,38.259901167973936,0.6800178989111119,0.8179053478548715
2,3,2,1,6,1,45,60,1,0,0.82,12.0,1,1,0,1,84.30196145233329,0.7413609407924329,0.6043060417794186
2,3,5,2,7,1,60,60,1,0,0.72,3.0,1,1,1,1,72.7782535178882,0.6726066622499778,0.8414363693210938
2,5,4,1,6,1,30,15,0,0,0.72,2.0,0,1,0,1,65.09080132516823,0.6915538413853048,0.5949850986531409
1,5,5,4,8,1,90,30,1,0,0.72,12.0,1,1,0,1,102.77784342815237,0.6839641561672636,0.6206410713537265
4,1,2,1,2,0,75,15,0,0,0.82,2.0,1,0,0,0,26.085144956239404,0.8486620707286269,0.027983751686489058
5,2,1,2,8,1,90,20,1,0,0.72,2.0,1,0,1,0,72.91218530756763,0.6266846236259378,0.31474019988456275
5,4,4,2,7,1,60,45,0,0,0.72,12.0,1,1,0,0,47.22399544051531,0.6398620238369525,0.3966923219584235
4,1,2,2,7,1,45,60,0,0,0.72,4.0,1,1,0,0,13.291349889748199,0.7030975978371748,0.36964406807789657
2,5,3,5,1,0,45,60,1,0,0.82,24.0,1,1,0,0,50.35997448177584,0.7310920271595506,0.39239687442001536
3,4,2,3,7,1,75,0,0,1,0.82,72.0,1,1,1,1,27.06768631896012,0.6072645181791397,0.8155366079401003
1,5,4,3,4,1,150,0,1,0,0.86,2.0,0,1,0,1,51.56633553731719,0.5060568946151806,0.5989535744018155
4,3,3,5,6,1,150,60,0,1,0.82,4.0,1,1,0,1,141.94419614281622,0.5025268324294889,0.6594525858251465
5,5,5,2,8,1,150,20,0,1,0.72,2.0,0,1,0,1,115.05926940430668,0.728486513606063,0.6257121236504468
3,2,4,4,8,0,90,30,1,1,0.86,12.0,1,1,0,0,34.47221003031537,0.7114959113169093,0.38317675956135994
4,5,4,1,2,1,45,15,0,1,0.72,4.0,1,1,1,0,107.82842219454344,0.5837603233039605,0.6810223921650851
3,1,5,2,0,1,180,10,0,0,0.86,12.0,1,1,0,1,36.99001152889574,0.6257334361168618,0.5808586671577501
5,2,5,4,7,1,120,0,0,0,0.72,72.0,1,1,1,0,51.04747688124643,0.6339595579593776,0.6396544821970079
4,5,4,2,1,0,60,30,0,1,0.82,3.0,1,1,0,0,64.09284209247106,0.49743822075318556,0.41790788594225775
1,2,4,5,3,1,60,0,0,1,0.86,12.0,1,1,0,0,82.38543755787805,0.5834585329741879,0.4240815277303922
1,4,3,2,0,0,120,15,1,0,0.82,24.0,1,0,0,0,127.4315487182626,0.7647770571772333,0.10141997180976875
1,4,1,3,0,0,75,30,0,0,0.86,8.0,1,1,0,1,58.10389692378773,0.7670205658682896,0.5850444916717449
4,1,4,5,0,1,75,60,0,0,0.86,3.0,1,1,1,1,19.99272682802345,0.7077043736568353,0.8037891783960371
3,1,5,4,6,0,60,15,1,0,0.86,24.0,1,0,0,0,73.93409003516527,0.6299193779955448,0.07519503689708872
1,2,1,1,4,0,30,30,1,1,0.82,2.0,1,1,0,1,83.62247959393778,0.7978137921110413,0.599901354281519
4,4,2,3,8,1,30,60,0,0,0.86,24.0,1,1,0,0,33.435483619477324,0.5224558514738892,0.3957184128098127
5,4,3,5,8,0,180,60,0,0,0.82,8.0,0,1,1,1,181.7262009886864,0.5866464110115865,0.9200855518883133
2,4,3,3,7,1,45,45,0,0,0.72,24.0,0,1,0,0,97.20945621332964,0.722661083406893,0.4242200283037373
2,4,5,1,2,1,45,10,0,0,0.82,2.0,1,1,1,1,112.3977260163829,0.7133908218734698,0.8649944598131124
3,1,2,3,5,0,150,15,0,0,0.86,96.0,1,1,0,1,65.96305937930812,0.8473905562631471,0.5846580339811185
1,4,4,4,4,0,60,15,0,0,0.82,72.0,0,1,0,1,72.66423696323744,0.6960530306583729,0.5997191124960722
2,4,4,5,4,1,120,0,1,0,0.72,72.0,1,1,0,1,128.10560903891286,0.6304028492420601,0.6412755399123311
4,3,2,4,8,1,90,20,0,1,0.82,8.0,0,1,0,0,49.481452347048936,0.5165937655524016,0.40682607130936455
3,4,2,3,6,1,75,0,0,0,0.86,1.5,1,1,0,1,57.6829815030234,0.7491477298361628,0.5860149799134842
1,1,1,3,4,0,45,30,0,0,0.82,48.0,1,0,0,0,78.03358413308055,0.6150338380125262,0.07897002076117687
4,2,4,4,2,1,60,45,1,0,0.82,48.0,1,0,0,1,32.39096917140892,0.7624087555795932,0.2282253665570344
2,5,4,5,2,0,45,20,1,0,0.86,1.5,1,1,0,1,50.9131908629798,0.5116123752497199,0.5981292609745061
4,5,2,5,1,0,120,60,0,0,0.72,96.0,1,1,0,1,140.39112710067718,0.6261370658219365,0.6497644901262493
5,5,2,4,0,0,150,30,0,0,0.86,48.0,1,1,1,0,74.88439813846723,0.5256044320774369,0.663130621846891
3,3,2,2,2,1,60,0,0,0,0.82,96.0,1,0,0,1,85.02878805893667,0.701497375190478,0.2675810424426243
5,2,4,5,2,0,60,45,0,0,0.72,4.0,1,1,1,1,20.699068163371777,0.7006199988046613,0.804755978859255
5,5,5,1,8,0,90,10,0,0,0.86,3.0,1,1,0,1,45.47024749607064,0.42898597991689025,0.6002844797365314
5,5,1,3,7,0,90,15,1,0,0.82,72.0,1,1,0,0,219.53972403681504,0.6830104841630232,0.5085490821331318
1,4,4,3,6,1,90,0,0,1,0.82,24.0,1,1,0,1,50.858164752458286,0.6296252590858221,0.589831675032298
2,4,1,5,3,1,30,10,0,1,0.82,24.0,0,1,1,0,163.8055985042302,0.6634422605721014,0.7127627740961064
2,3,4,5,0,0,75,30,0,1,0.86,3.0,1,1,0,0,141.69564018721582,0.7229166825905798,0.45385959234347
2,1,4,2,0,0,90,60,0,0,0.82,96.0,1,0,0,0,49.63128381464783,0.9449525990910509,0.03694084060672499
2,4,3,4,3,0,45,15,1,0,0.72,72.0,0,0,1,1,88.52299117761399,0.653204036867543,0.5132910448710146
5,2,4,5,5,0,45,60,0,0,0.82,48.0,1,1,0,1,17.69540840988889,0.7134313016709131,0.561856747822962
2,1,5,4,7,1,60,20,0,0,0.86,4.0,1,1,1,1,80.1564070724827,0.5768831302911485,0.8530557855946082
5,2,1,2,8,0,45,20,1,0,0.86,96.0,1,1,0,0,71.33316104681867,0.8475998094253154,0.3982234540381071
1,4,3,4,5,1,75,60,0,1,0.72,4.0,1,1,0,0,135.9961399982698,0.4511591809937898,0.46908295066261463
1,5,1,4,3,1,120,60,1,1,0.82,1.5,1,1,1,1,162.04150086500238,0.7991692540176588,0.8920858194620988
3,5,1,1,6,1,90,15,0,0,0.82,48.0,1,0,0,1,36.43085105749377,0.7563784344532098,0.2313407436266045
4,4,5,3,1,0,75,45,1,0,0.86,96.0,1,0,0,0,109.36148291453952,0.688888429097761,0.09468546523951642
5,3,3,2,3,0,45,60,1,1,0.86,24.0,1,0,1,1,52.088499520258736,0.6897658352550582,0.4864420578789851
3,2,1,2,5,1,150,45,0,0,0.72,2.0,1,1,1,1,36.89770787842124,0.7686466613658155,0.8107932056233405
1,2,3,1,2,1,90,15,1,0,0.72,48.0,1,0,0,0,33.101208011496844,0.788675660457505,0.036860175775639215
5,2,1,1,5,1,150,30,0,0,0.86,72.0,0,0,1,1,15.001481864530085,0.7619924563260191,0.4566615159668654
4,5,1,3,3,0,75,10,0,0,0.72,72.0,1,1,1,0,42.56935903999953,0.6509518017710875,0.6328129465693569
4,2,5,2,1,1,75,45,0,0,0.82,72.0,1,0,0,1,40.01379712965564,0.7846533279525877,0.23175013179642262
2,3,5,1,5,0,90,10,0,0,0.86,4.0,1,1,0,0,149.52480603260994,0.667440294036721,0.4629623834391695
4,5,1,2,6,0,90,15,0,0,0.86,48.0,1,0,1,1,65.12222656842039,0.7036847816902472,0.494156882993963
4,1,5,1,0,1,75,30,1,0,0.72,96.0,1,1,0,0,96.8654693926323,0.7176813417534512,0.42433928567234663
5,5,3,5,3,0,180,20,0,0,0.82,8.0,1,1,0,0,42.82877987867822,0.5004096551404315,0.40352384405928865
5,3,4,5,3,1,150,45,0,1,0.82,3.0,1,1,1,1,22.70815783134773,0.7702827009724642,0.8012189828194927
1,4,2,4,7,1,120,15,1,1,0.82,72.0,1,1,1,1,78.65923302822418,0.8039609372795258,0.8361622230759159
1,3,3,3,6,0,60,15,1,0,0.82,24.0,1,1,1,1,147.92254050591566,0.7234441010503853,0.8879739399304168
4,1,5,1,3,0,120,60,0,1,0.72,12.0,1,0,0,1,76.07239309063053,0.9936868003138016,0.2411568527051209
3,4,2,1,2,1,150,10,0,0,0.86,8.0,1,0,0,1,91.52597199688121,0.667835974949446,0.2742687964181263
1,5,2,1,5,0,30,60,0,0,0.86,8.0,1,1,0,1,63.99778976762309,0.5592521433207842,0.6035175431459606
2,5,5,1,7,1,120,60,0,0,0.86,1.5,1,1,0,0,73.29381532468304,0.6823827797703128,0.4110957489658668
3,2,4,4,4,0,90,20,0,0,0.82,2.0,0,0,1,0,59.01309406608624,0.6764397449263074,0.30199128056588265
5,4,3,3,0,1,90,60,1,0,0.72,12.0,1,0,1,1,50.25813696471497,0.7091979714562928,0.48386156664120283
5,3,3,3,1,1,90,30,0,0,0.86,48.0,1,1,1,0,94.93587921554467,0.7501791914106508,0.6607780427449509
1,3,3,3,7,1,180,15,0,0,0.72,12.0,1,1,0,1,53.25829055079814,0.4870660486959155,0.6014109036251514
1,5,3,2,2,0,180,20,0,1,0.72,72.0,1,1,0,0,74.85789720033668,0.6528189750841263,0.41420793654433563
5,1,2,3,5,1,120,10,0,0,0.86,2.0,1,0,0,0,50.35955040150376,0.7010798967624066,0.05449744082763405
3,3,2,1,2,1,60,30,0,0,0.82,3.0,1,0,0,0,46.69044131631891,0.7851757933888158,0.04616465534032883
1,3,2,1,4,1,150,20,0,0,0.82,1.5,0,1,0,0,160.8513906815956,0.8335172558310199,0.45888805254622567
4,1,3,4,8,1,120,45,1,0,0.86,8.0,1,1,1,1,48.462101742571576,0.5732525839975183,0.8321803869485548
4,2,2,2,3,1,90,45,0,0,0.86,2.0,1,0,0,0,21.74785345161354,0.79296438602876,0.028991061945729164
4,5,3,3,6,0,90,15,0,1,0.86,1.5,1,0,1,0,48.52284242704974,0.7809620979114454,0.287681214764232
1,3,5,3,3,1,90,60,1,0,0.86,1.5,1,1,0,1,100.36836332209984,0.7441803989690458,0.6148196142869
1,5,3,4,1,1,150,20,0,0,0.72,24.0,1,1,0,1,156.72756436667606,0.5914063756689488,0.663086596614291
2,2,3,3,6,0,90,30,1,0,0.72,1.5,1,1,0,1,96.42755733573111,0.6317876755986828,0.620059900931913
4,2,1,1,0,0,90,0,0,0,0.72,12.0,1,0,0,1,23.591433673305595,0.820772896427107,0.2182735196989729
1,1,1,5,2,0,180,20,0,1,0.86,3.0,1,0,0,1,39.1133109672034,0.5047193889566641,0.2507451834178358
4,1,4,5,6,1,180,45,0,1,0.72,12.0,0,1,0,0,108.37256110465012,0.42130041669353396,0.4527573449012194
3,4,2,2,0,0,75,15,1,1,0.72,48.0,0,1,0,0,30.798610819932676,0.8511999832829146,0.3709484083834845
5,5,5,3,0,1,120,20,0,0,0.82,2.0,1,1,1,0,75.13336393898206,0.5689047256431605,0.6602655784976336
5,4,5,4,0,0,90,15,0,1,0.82,2.0,1,1,0,1,94.11319182899656,0.7846518420592,0.6078164989418537
2,2,4,2,8,0,45,15,0,1,0.72,1.5,1,1,0,1,170.98172598504232,0.6161618976905364,0.670856484485024
1,3,2,2,5,1,30,20,1,0,0.72,3.0,1,0,0,0,33.22049998916425,0.7320476828297656,0.040903662194692575
4,4,1,2,8,0,75,45,1,0,0.86,48.0,1,1,0,0,17.02252661978984,0.5869976691122101,0.3802585142420052
2,2,4,5,6,1,180,30,0,1,0.82,2.0,1,1,0,0,47.353571916388034,0.6663871074387786,0.3949219504235442
4,4,1,5,2,1,75,10,0,0,0.82,1.5,1,1,1,0,23.595445393793902,0.6614819582873788,0.6194265598490795
1,3,5,4,7,1,90,60,0,0,0.82,1.5,1,1,1,1,181.57270421500343,0.4773967035350194,0.9276307002292176
1,2,2,5,1,0,90,15,0,1,0.82,8.0,0,1,1,1,57.096720433495975,0.5578734828971608,0.8390133364861961
3,3,4,2,8,1,60,60,0,0,0.82,4.0,1,0,0,0,115.99190077228039,0.7880750500283874,0.09216268034619982
2,5,2,5,8,1,30,30,0,0,0.72,1.5,1,1,1,0,44.98126006121271,0.6986292548512618,0.631083458867887
2,2,4,4,1,1,180,30,1,1,0.86,1.5,1,0,1,0,26.118991190190126,0.5553868971145395,0.2885355779954423
1,2,3,2,3,0,150,15,1,1,0.86,1.5,1,1,0,0,17.642877149589367,0.7435551525268442,0.3697130574228472
2,4,3,2,8,0,60,10,0,0,0.86,72.0,1,1,0,1,82.94219901171162,0.6017750695430694,0.6131705444731262
3,5,5,5,6,1,90,60,0,0,0.86,2.0,1,1,0,1,112.58368258227979,0.5217223344799152,0.6385352249745925
3,1,4,3,0,0,90,10,0,1,0.72,96.0,1,0,0,0,145.22798392623352,0.6856692013308716,0.11882181185766133
5,5,3,5,4,1,180,45,0,0,0.72,2.0,0,1,1,0,91.28463998544079,0.6062900189413243,0.668416125331068
2,4,4,3,3,1,120,30,0,0,0.82,24.0,1,1,0,0,117.59341526157905,0.8324101262326892,0.43012690133809783
5,4,2,4,1,1,30,60,0,0,0.72,4.0,1,1,1,1,71.97801238403615,0.6793597092800843,0.8404301619397515
2,4,2,2,6,0,90,0,0,0,0.72,96.0,1,0,0,0,24.22306150370015,0.39826036273858856,0.05827048227743224
2,5,2,2,6,1,45,20,0,0,0.82,72.0,1,1,0,0,92.97892302138288,0.7826172067756629,0.41720274420662556
5,1,4,2,0,1,30,30,0,0,0.72,8.0,1,1,0,0,20.930208339174992,0.6595025152690854,0.3777882961572807
4,3,5,5,1,1,30,30,0,1,0.72,3.0,1,1,1,1,100.3714885718257,0.5739897221601853,0.8667350451633375
4,1,3,4,2,0,30,15,0,0,0.82,48.0,1,0,1,0,50.94344028592164,0.7324812029189913,0.2926886093196184
1,2,2,4,1,1,150,30,0,1,0.86,96.0,1,0,1,1,22.448675668080377,0.8547236320713291,0.4551351295337272
5,5,3,3,6,1,60,0,0,0,0.86,96.0,1,1,0,0,110.61554661211174,0.6424739594810984,0.43877052057773097
3,2,1,2,2,1,60,15,0,0,0.86,8.0,1,0,0,1,76.6381195526657,0.8376816236366341,0.2524543660472127
4,4,1,4,1,1,75,30,0,1,0.72,72.0,1,1,0,1,32.236813722546614,0.6119676342462781,0.578653474751125
1,5,1,5,3,0,30,15,1,0,0.72,48.0,1,1,0,0,122.95214770088947,0.7131751616461555,0.44204583715202883
1,3,2,2,6,0,30,45,0,1,0.82,96.0,0,1,0,1,95.5851081276284,0.6221517688365027,0.6201727815998638
5,4,1,3,5,1,75,30,0,0,0.86,96.0,1,1,0,0,44.89344241079093,0.5807278788021839,0.3992780100910411
4,5,4,4,6,1,120,0,0,0,0.86,8.0,1,1,1,1,79.68299815831699,0.507425654238382,0.8576022029755246
3,5,4,5,3,0,60,20,0,0,0.72,3.0,1,1,1,0,37.126344017852865,0.6011115694639666,0.6326730861494243
5,5,4,2,3,0,180,45,0,0,0.72,1.5,1,1,1,0,144.46240704486863,0.7007553278203746,0.6972553984158195
3,4,3,3,6,1,150,60,1,0,0.82,72.0,1,1,1,0,51.34221436440285,0.5639882048225157,0.6447489685720258
4,4,3,5,2,1,60,30,0,0,0.72,3.0,1,1,0,0,71.97011101629641,0.48501918514939946,0.42402873105040634
1,1,1,3,5,1,30,15,0,0,0.86,24.0,1,1,0,1,56.98803686794107,0.6692534334700507,0.5911442842357238
3,5,5,1,1,0,75,10,1,1,0.86,48.0,1,0,0,1,12.04448610917887,0.653178614278435,0.2223071544066288
5,4,3,1,4,1,45,0,1,0,0.86,48.0,1,0,0,0,72.28849503325287,0.6560662906812618,0.07226768967448026
4,3,1,5,6,0,90,45,0,0,0.82,3.0,1,1,0,0,64.35605261411605,0.6006749583839901,0.4108567879891981
5,5,5,4,3,0,60,15,0,0,0.86,4.0,1,1,1,1,58.7519874376524,0.560024103357782,0.8399663043900569
3,3,2,3,8,0,120,0,0,1,0.82,1.5,1,1,1,1,20.80296674135273,0.6067591754458007,0.8113955022130291
4,2,3,3,2,0,30,20,1,0,0.72,24.0,0,1,1,1,50.70710510107312,0.7815961528535509,0.8190930060343001
5,1,4,1,3,1,30,15,0,0,0.82,48.0,0,1,1,0,125.54986172849235,0.7987601237782047,0.6777866991545207
5,5,1,4,2,1,120,0,0,0,0.86,96.0,1,0,1,1,71.02808253636778,0.7290664018480978,0.4963174068948783
2,4,1,3,5,0,75,60,1,1,0.86,4.0,1,0,0,1,188.09864828786735,0.6039717844519708,0.34312107394694025
4,3,5,2,6,1,90,20,0,0,0.86,24.0,1,1,0,1,44.682005135317695,0.7343174646753405,0.5783857808962714
3,5,5,2,8,0,60,45,0,0,0.82,2.0,0,1,0,0,94.42718666551067,0.5112084254229963,0.4371668679973974
2,2,1,5,3,1,120,60,1,1,0.82,2.0,1,1,0,0,59.15719642571005,0.859959493621318,0.38924096639698114
5,3,3,4,6,0,60,30,0,0,0.86,8.0,1,0,0,0,18.581096028314462,0.6553283631360196,0.03651441193268827
3,1,2,4,8,1,90,60,0,0,0.72,8.0,1,0,0,1,55.28510461178881,0.5449569362051236,0.25870975087350057
2,1,4,4,1,1,150,0,0,0,0.72,1.5,1,0,0,1,72.21885426336758,0.8383089323615319,0.24946427757693784
1,1,5,2,4,1,45,10,0,1,0.82,48.0,0,0,0,0,21.865494420676196,0.680992009263011,0.03690755563204003
1,4,1,3,2,1,90,0,0,0,0.86,1.5,1,1,0,1,105.04674462375783,0.5909089230828011,0.6286675384667092
5,4,2,2,7,1,45,0,1,0,0.72,1.5,1,1,1,1,23.07410175034802,0.6400943479464546,0.8105761301439802
2,5,1,3,6,0,60,15,0,0,0.82,12.0,1,1,0,1,74.54072725888773,0.674359331092496,0.6024886649961171
2,2,4,4,5,0,180,30,1,0,0.86,4.0,1,1,0,0,56.27977870122787,0.8387217551155124,0.3888093296093994
2,1,5,2,8,1,90,15,0,0,0.72,1.5,1,1,0,1,69.26344919299314,0.5215040892632453,0.6096703465469017
2,4,2,1,2,1,120,60,0,0,0.86,48.0,1,0,0,0,18.407969261647104,0.6382910522521931,0.037591605850111225
3,3,2,1,3,1,120,0,0,0,0.86,48.0,1,1,0,0,56.45249564294777,0.7224710175622758,0.3970620258659392
2,5,1,3,1,0,90,45,0,0,0.72,72.0,1,1,1,1,92.06949238116856,0.7709535144361693,0.8474129155769139
5,1,3,2,3,0,120,0,1,0,0.72,72.0,0,0,0,0,99.74926984100169,0.7158930697288791,0.08638699834631293
2,3,1,1,0,0,180,0,1,0,0.82,24.0,1,0,0,0,114.55666914457152,0.8711111464986946,0.08539333250813905
3,4,4,2,6,0,90,20,0,0,0.72,1.5,1,1,0,1,62.76823304503665,0.6463578527249775,0.5966004390059427
2,3,1,4,5,0,60,60,0,0,0.86,1.5,0,0,0,0,60.78146385020661,0.8210203400038472,0.05304955209986845
1,2,4,5,8,0,75,15,1,1,0.72,4.0,1,0,1,1,48.0416285488361,0.4862271110838929,0.4979918545900182
1,4,5,2,7,1,120,20,0,1,0.72,1.5,0,1,0,1,102.69102775944461,0.7034320409309198,0.6192204423077987
1,2,2,4,5,1,75,10,1,0,0.86,96.0,1,1,0,1,115.04661640075045,0.7457999025964184,0.6244917510854178
1,1,3,3,1,0,30,15,1,1,0.86,8.0,0,1,0,0,52.20151418679429,0.8502968280042311,0.3852802314975667
2,1,4,4,3,1,45,60,0,0,0.86,4.0,1,1,0,1,31.94926107589263,0.6637787769606415,0.5748349929966835
5,3,3,3,7,0,60,0,1,0,0.72,2.0,0,1,0,0,70.41377099766513,0.6304969297573189,0.4128077289154311
1,5,4,5,7,0,90,15,1,0,0.82,2.0,0,1,0,0,49.3989816990874,0.5869376802391157,0.40184701684932017
2,2,3,4,5,1,30,60,0,1,0.86,2.0,1,0,0,0,86.56094921206575,0.6367555066921704,0.08313441400625858
3,5,2,5,1,1,75,20,0,0,0.82,48.0,1,1,0,1,82.51078553177861,0.6067235651556331,0.6125365407936247
5,3,3,2,3,0,150,10,0,0,0.86,24.0,1,1,0,1,36.77598691313384,0.7488549750386214,0.5720974763560525
3,4,2,4,8,0,180,0,0,0,0.86,24.0,1,1,1,0,47.197133636453124,0.6054026524070081,0.6390865700891449
4,5,5,3,7,0,180,10,0,0,0.82,48.0,1,1,0,1,80.17485798650105,0.5305865145054757,0.6163088493089508
1,5,1,3,1,1,90,0,1,1,0.82,96.0,1,1,0,1,64.06717626222805,0.6314066037020634,0.598512988582341
5,4,2,4,7,1,75,20,0,1,0.86,4.0,1,0,0,0,98.63198518587484,0.5141372973748397,0.09976504597434446
3,3,1,2,1,1,150,15,0,0,0.82,4.0,1,0,1,0,66.51384251156253,0.6692611668829068,0.3074942799925715
1,4,5,4,7,1,30,15,0,1,0.82,1.5,1,1,0,1,58.349627761329,0.6630108658081054,0.5924889912343186
5,1,2,4,7,1,45,45,0,1,0.72,1.5,1,1,1,1,53.325814525036876,0.6040042345653225,0.8332702465971187
3,4,1,1,2,0,90,45,0,0,0.82,8.0,1,1,0,0,88.1513140094557,0.6999681058078453,0.41976977526642134
4,4,2,5,6,0,150,30,0,0,0.86,8.0,1,1,1,1,75.50524562761753,0.6425366966918078,0.8453592616499851
1,1,2,3,0,0,30,20,1,0,0.82,12.0,1,1,0,1,136.24031979505935,0.7498170344445081,0.6383396874522573
2,2,1,1,5,0,45,60,0,1,0.82,48.0,1,0,0,0,28.0024834095377,0.6828081118072149,0.040871754446520095
3,1,2,2,0,1,120,60,0,0,0.82,48.0,0,0,0,0,25.461291362947662,0.8198468826496613,0.029584912456488817
3,4,2,2,2,1,150,45,0,0,0.86,8.0,1,1,0,0,23.498778943273493,0.7125252237793578,0.375789086964294
1,5,2,2,1,1,45,30,0,0,0.86,96.0,1,1,1,0,93.60545027393853,0.8116088622266356,0.6555910131600946
1,5,1,4,5,0,60,10,0,1,0.82,72.0,1,1,1,1,148.27849763510994,0.4742196234492404,0.9056569581152932
3,3,4,1,7,1,120,20,0,1,0.72,1.5,1,1,0,0,30.85154705939727,0.5346960976107576,0.39313897120684516
4,4,4,5,4,0,75,15,0,0,0.82,24.0,1,1,1,0,39.5029210360818,0.4590661033573038,0.64420065345571
5,5,5,1,8,1,90,20,0,0,0.86,8.0,1,1,0,1,73.44774007369548,0.638940324049583,0.6042393373656595
3,2,2,2,3,1,90,15,0,1,0.72,8.0,1,0,1,0,50.2533229432384,0.7849191655806534,0.2885578737048465
5,5,1,5,3,1,180,30,0,0,0.72,3.0,0,1,0,0,93.30168042249062,0.580354037039232,0.4315763376889142
4,2,4,2,7,1,150,30,0,0,0.86,1.5,1,1,1,1,137.77166825056503,0.6740049840263378,0.8846674299518663
5,5,3,5,6,1,75,10,0,0,0.86,1.5,1,1,0,1,61.66733081954878,0.36048163656139287,0.6158778393204017
1,2,3,2,0,0,45,0,0,0,0.86,8.0,1,0,1,0,36.6184701160911,0.8151669894238873,0.27735062415105527
5,3,3,3,0,1,90,15,1,1,0.86,12.0,1,1,1,1,39.4831534218914,0.6191566323904706,0.822981138013928
3,3,1,3,3,1,180,20,0,0,0.86,72.0,1,1,0,0,93.90093136275405,0.6267264652496284,0.42872976834102877
4,1,1,4,6,1,30,0,0,0,0.86,48.0,1,0,1,0,160.75104741483702,0.7807130304404776,0.3625174528123912
3,3,1,1,3,1,75,20,1,0,0.82,1.5,1,1,0,1,68.25716141666001,0.8188698925421973,0.5881838817998195
2,1,1,2,8,0,120,15,0,0,0.86,1.5,1,1,1,1,7.485638199353307,0.841089164871148,0.7861141839252551
1,4,5,4,1,0,30,30,0,0,0.86,72.0,1,0,1,1,48.38864563907947,0.6999058904650401,0.4832656847601668
1,2,4,2,2,0,45,15,0,1,0.86,72.0,1,0,0,0,120.7798583587668,0.8620117271809924,0.09017908466984173
2,4,4,2,7,0,60,20,0,1,0.72,2.0,1,1,0,0,156.03446915066573,0.5737609576563378,0.47385971239783353
4,5,1,1,7,0,90,45,1,0,0.86,12.0,1,0,0,0,110.0570562043568,0.7430670559314038,0.09135667688770627
1,2,1,5,6,1,180,10,0,1,0.82,3.0,1,1,0,1,53.706537180358126,0.5450328053620284,0.5976520617448968
1,4,4,4,2,1,60,0,1,0,0.86,2.0,1,1,0,1,97.66628491717253,0.5699824629329064,0.6252120842061449
3,2,3,5,5,0,60,20,0,0,0.72,2.0,1,1,1,0,63.67533896027763,0.6869159039695445,0.6443661126956504
4,5,2,3,5,1,60,45,0,1,0.86,1.5,1,1,0,1,43.36389901200826,0.6897113972039733,0.5806294682037274
5,5,2,2,1,1,75,45,0,0,0.86,72.0,1,1,0,0,108.09106192912081,0.7518947262541844,0.42942807711495434
1,3,2,1,4,1,75,45,0,1,0.82,1.5,1,0,0,0,78.25064259790247,0.6081049467329354,0.07959974879396284
2,2,1,4,2,0,45,20,1,0,0.82,12.0,1,1,0,0,111.29119443335448,0.7095986289093975,0.4345222255985785
5,3,4,5,0,1,45,30,1,1,0.82,2.0,1,1,1,0,101.02089139061658,0.7266241679527152,0.6664835691703878
3,2,1,3,4,1,90,20,0,1,0.82,3.0,1,1,0,1,45.95984404719357,0.6911810651472045,0.5822572214711581
4,3,4,3,8,1,45,15,0,0,0.72,4.0,1,1,0,0,80.26549768543144,0.6013220689569333,0.42141778696330234
4,2,2,3,0,1,60,60,0,0,0.86,12.0,0,0,0,0,147.83739306045953,0.7741896750305239,0.11436498478816969
1,1,2,4,0,1,90,60,1,1,0.82,3.0,0,0,0,1,94.42914144878556,0.8755751937144766,0.2616624974058437
2,1,4,1,1,0,30,60,1,0,0.72,24.0,1,1,0,1,53.90577070611851,1.0,0.5659371804707457
1,5,4,3,8,1,180,30,0,0,0.82,1.5,0,1,0,0,24.136669241270322,0.5859162169057485,0.3850769776441112
1,4,2,5,7,1,120,15,0,0,0.82,96.0,1,1,0,1,68.7931319868662,0.47844748445884666,0.6123707640791249
1,4,3,3,2,1,75,45,0,0,0.82,48.0,1,1,0,1,79.72231631898634,0.6858805048280088,0.6051365755413636
4,2,4,4,1,1,150,30,0,0,0.72,48.0,0,1,1,0,27.80704825391357,0.6599658692089728,0.6223404213246477
1,1,5,1,4,1,75,0,0,0,0.82,72.0,1,0,0,0,88.95685143832293,0.9841645161800867,0.06041305149294255
5,3,1,2,2,0,30,20,1,0,0.82,4.0,1,0,0,1,104.9335187036047,0.9425456063857592,0.26397748668873333
4,1,5,3,4,1,30,15,0,1,0.86,8.0,1,0,0,1,81.03321016403184,0.8331066501690979,0.2557046745975177
5,3,4,1,2,0,75,15,0,0,0.72,12.0,1,0,0,0,56.39849796607662,0.6455671580658424,0.06240929757944211
5,2,3,4,6,1,180,10,0,1,0.82,2.0,1,1,0,0,98.2646560521942,0.8052982398360838,0.41913889391293696
3,3,1,3,5,0,180,0,0,1,0.82,48.0,1,1,0,1,123.20112686608957,0.557460340998545,0.6431118607074949
5,5,5,2,6,0,45,20,0,1,0.82,1.5,1,1,0,1,87.85514311438646,0.60704301815428,0.6160770841387915
2,5,4,4,5,0,90,10,0,0,0.86,8.0,0,1,0,0,125.14325001846342,0.6820785024164069,0.4456833381764938
5,1,4,5,7,1,75,10,1,0,0.86,4.0,1,1,1,1,11.043438015129153,0.6080123422282844,0.8048014280541063
3,2,3,2,3,1,180,10,1,1,0.86,4.0,1,1,1,1,56.72848801723407,0.7789482800405667,0.8232926124086498
1,2,4,4,6,0,90,10,0,1,0.72,1.5,1,1,0,1,58.1775450304803,0.5723188598913365,0.5987227098279266
3,2,3,5,2,1,75,30,1,0,0.86,48.0,1,0,1,0,97.42736084723579,0.7555054527651535,0.3220661922045964
4,2,2,2,5,1,120,60,0,0,0.86,48.0,1,1,0,0,51.07435748948285,0.8911334242371727,0.38167023196305316
2,4,3,4,8,0,75,45,1,0,0.82,72.0,1,1,1,0,39.664629235965165,0.5825356903118984,0.6356655878354773
3,2,2,2,6,1,90,30,0,1,0.86,4.0,1,0,1,1,107.92783670654867,0.8158445902945611,0.5148427698170799
4,2,1,5,2,1,60,15,1,0,0.86,8.0,1,1,1,1,31.087962775969892,0.7033917688510364,0.8114878846977407
2,3,2,2,2,1,75,0,0,1,0.86,24.0,1,0,0,0,39.96614447940081,0.6649894698946445,0.05009483342697543
2,2,1,3,0,1,120,60,0,1,0.72,4.0,1,0,0,0,55.36505506337123,0.922719530091161,0.042319669602532875
4,3,2,2,6,1,120,30,0,1,0.86,12.0,1,0,0,1,128.38529145567844,0.6249072887819416,0.3018466840890497
3,5,4,4,1,0,30,15,0,1,0.82,2.0,1,1,0,1,95.45616692197045,0.8134358120092193,0.6066969377740016
3,4,4,3,5,0,30,20,0,0,0.72,1.5,0,1,1,0,54.846331441727834,0.5403504742667495,0.6487396877624795
5,4,3,4,8,1,45,0,0,1,0.86,2.0,1,1,1,1,74.20174759403197,0.6117707529281593,0.8466438790243835
1,4,5,2,7,1,120,15,0,1,0.86,12.0,1,1,0,0,51.99994258783228,0.5948321595301548,0.40302837722477736
4,2,4,4,2,0,90,0,1,0,0.86,1.5,1,1,1,1,151.95934252591954,0.7453506790221861,0.88913168081906
1,1,4,1,5,1,120,0,1,0,0.86,12.0,1,0,1,0,99.86429497215224,0.7511607884445144,0.3239949414569855
4,4,5,2,5,0,180,20,1,0,0.82,3.0,1,1,1,1,22.712218845976782,0.6047239527324247,0.8128108025393815
5,4,2,2,0,1,150,60,0,1,0.72,48.0,0,1,1,0,40.96657532770263,0.7817312974180198,0.6225898593992072
1,5,4,3,4,1,30,20,0,0,0.86,12.0,1,1,0,0,25.038975299262216,0.5353342163374154,0.3892192550558891
1,5,5,2,2,0,90,20,0,1,0.86,12.0,1,1,0,1,155.30205556949204,0.6213472517149775,0.6600403960929463
2,5,4,3,1,0,150,45,0,1,0.86,1.5,1,1,1,0,51.53170692399907,0.4775684502606967,0.6509246797644173
4,4,1,1,7,1,150,60,1,0,0.86,24.0,0,1,0,0,63.302264091312644,0.8232529392742771,0.39457380364500905
1,5,3,4,2,1,45,0,0,0,0.72,3.0,1,1,0,0,56.832154384718294,0.888148511491356,0.38571770711875064
2,4,2,3,7,0,180,20,0,0,0.86,72.0,1,1,0,1,152.37810186558886,0.6471194078185731,0.6562870426964259
4,5,4,5,3,1,150,60,0,0,0.72,72.0,1,1,1,0,101.88647238849944,0.7361699770975174,0.6663924165288402
5,1,3,3,1,1,75,15,1,0,0.86,12.0,1,0,1,0,94.04775236373794,0.7764639267023804,0.3183460267066587
3,5,3,1,2,0,30,0,1,0,0.82,48.0,1,1,0,1,85.05425695835531,0.7696690852435542,0.6028260020051881
2,3,1,4,6,1,150,60,1,1,0.82,3.0,1,1,1,1,112.32746767073553,0.6515718648391876,0.8692749479084139
2,3,3,1,8,1,180,15,0,0,0.86,48.0,1,1,0,0,88.77705352889194,0.5889689299516947,0.427956877255976
3,4,2,4,0,0,75,45,0,0,0.86,8.0,1,1,0,0,81.65088976540477,0.6325311840580763,0.42015674362620453
4,3,1,1,2,0,90,20,0,0,0.72,24.0,0,1,0,0,57.9427573842128,0.8370917833855473,0.39003208008582024
3,2,1,1,0,0,150,20,1,0,0.86,48.0,1,0,0,1,27.42305662257627,0.7794143813969233,0.22372303105059957
3,5,2,2,8,1,150,20,0,0,0.86,48.0,1,1,0,0,35.43165801499245,0.675692952978032,0.38632259863486607
2,5,2,1,2,1,30,15,0,0,0.82,3.0,1,1,0,0,46.501199073495485,0.662550938673519,0.394622233675184
3,4,4,2,7,1,45,45,0,0,0.72,8.0,1,1,1,1,47.05868299025721,0.7917941245249575,0.8159468666100912
3,5,3,1,7,0,120,30,1,1,0.72,8.0,0,1,1,1,211.5102896606012,0.594853720675968,0.9393670993264165
5,3,3,4,2,1,60,20,0,0,0.72,4.0,1,1,1,0,45.548386615756385,0.7500765170153151,0.627860234886099
5,3,3,2,6,0,75,45,0,1,0.86,2.0,1,1,0,0,60.5075802891821,0.6447870095563907,0.40520329619050743
3,4,5,3,3,0,90,20,0,1,0.72,3.0,1,1,0,1,23.216642766187547,0.5908758658403888,0.5741164512352979
2,1,1,2,6,1,120,45,0,0,0.86,3.0,1,1,0,1,9.788338827084711,0.695697485445396,0.5578267352368788
5,5,5,3,7,1,45,60,0,0,0.72,48.0,1,0,0,1,93.69887662139233,0.3944575309770542,0.29485389057920114
2,3,5,1,4,0,90,20,0,1,0.82,4.0,1,0,0,1,141.00583405174996,0.6797250576461255,0.30642313533260457
2,4,4,4,5,0,60,30,0,0,0.86,3.0,1,1,0,1,51.1505273152902,0.5709538362062835,0.5941335830090869
3,3,3,5,0,0,90,60,0,1,0.82,72.0,1,1,0,0,27.680785576075444,0.6482449304877386,0.3830767119165753
5,5,3,1,7,0,45,15,0,1,0.72,2.0,1,1,0,1,85.59618640882543,0.47381936348978043,0.6238967688282656
2,1,5,2,6,1,180,15,0,0,0.82,2.0,1,1,1,0,49.395824591931216,0.7085014554691607,0.633335447845113
3,3,4,4,4,1,90,20,0,0,0.72,72.0,1,1,0,0,25.45590087451697,0.6352215087682773,0.3825050949692319
5,1,4,2,1,1,150,30,0,1,0.72,24.0,0,0,1,0,47.72985668653783,0.801937665262583,0.28568426788931106
3,5,3,1,8,1,180,60,0,0,0.82,2.0,1,1,0,1,112.75469395991738,0.5941675127431816,0.6335780700812556
4,1,3,1,0,0,60,45,0,0,0.82,8.0,1,0,0,0,27.00667665800102,0.9896907607992024,0.018726097849389847
3,2,1,5,0,1,75,60,1,0,0.86,12.0,1,1,0,1,30.606762701177786,0.7470136644390096,0.5681135519567213
4,3,3,3,3,0,75,20,0,0,0.86,2.0,1,1,0,1,61.09813416967528,0.6138640164394689,0.5977616082956875
1,3,3,4,2,1,180,20,0,0,0.82,12.0,1,1,1,0,60.88690110534223,0.6641365339165628,0.6441017100294021
1,4,5,2,3,0,150,20,0,0,0.72,72.0,1,1,0,1,105.24488774542496,0.6648948768674997,0.623620617116225
3,4,5,4,3,1,60,0,0,0,0.82,96.0,0,1,1,1,110.16664408503124,0.6068969727377532,0.8709616412983782
1,1,4,3,4,0,180,20,0,0,0.86,48.0,1,0,1,0,97.22244758952226,0.824785349158299,0.3170799906186006
3,2,5,4,5,1,30,0,0,0,0.82,96.0,1,1,0,1,74.57075005577411,0.5009277088123544,0.6146488937536513
1,5,5,3,4,1,120,45,0,0,0.72,8.0,1,1,0,0,62.326877281416614,0.4825094691080617,0.4177755886833801
3,1,2,5,1,0,120,30,0,0,0.82,8.0,1,1,1,1,54.693778719803746,0.7513364970163572,0.8238689643553909
5,1,2,3,7,0,75,0,0,0,0.86,24.0,1,1,1,1,100.38646356191882,0.7208030144429808,0.8564680980302706
5,4,2,3,8,0,75,20,0,1,0.82,8.0,1,1,1,0,108.83925352132086,0.5432421391739422,0.6845325526053714
4,2,1,1,3,1,75,0,0,0,0.82,8.0,1,1,0,0,53.91685395456365,0.7232972890084014,0.39531375907245436
4,3,4,3,4,1,90,0,0,0,0.86,3.0,1,1,0,0,21.49969595747329,0.6572643010098292,0.3783246295676275
2,1,4,1,7,1,45,60,0,0,0.72,8.0,1,1,0,1,74.47337155249659,0.7096535503505491,0.5999731658437927
4,5,3,1,8,0,150,45,0,0,0.82,24.0,1,1,0,1,77.55494213264966,0.7064292017002435,0.6022532506360827
1,3,3,5,8,1,150,0,0,1,0.72,72.0,0,1,0,0,54.521401004950604,0.49302194678238165,0.4118360643952004
2,4,3,1,1,1,60,0,0,0,0.72,96.0,1,0,0,1,42.897055820386754,0.7744804975096536,0.2343844023879154
3,1,3,4,0,1,75,15,0,0,0.72,48.0,1,0,1,0,143.986122517782,0.7469405817795967,0.35370490762061624
4,2,2,5,0,1,30,45,0,0,0.82,2.0,1,0,1,1,52.3392545620404,0.5626988991412603,0.4955039134348054
2,4,3,2,4,1,60,45,0,1,0.86,1.5,1,1,0,0,61.44419721541112,0.6450177579399133,0.4058115550878135
4,3,2,1,3,0,180,15,0,1,0.86,48.0,0,0,1,1,116.36646611197327,0.6744786702922885,0.5303641371541887
2,2,2,3,7,0,30,20,0,0,0.86,1.5,0,1,0,0,28.20948258458653,0.6606375601615753,0.38256169251174743
4,2,1,2,2,1,75,45,1,0,0.72,8.0,1,0,1,1,37.94762105516334,0.7005769644385178,0.47625802652607935
2,3,2,4,8,0,180,30,0,0,0.82,2.0,1,1,1,0,59.66385797224753,0.64815263483257,0.6444052208765518
2,3,2,1,6,0,45,10,0,1,0.82,2.0,1,0,0,1,29.47119708062121,0.6286247416007247,0.23564373280836343
4,5,2,5,2,0,120,45,0,1,0.72,24.0,1,0,1,0,26.86509930947004,0.6552523302597897,0.28204240308812806
3,5,5,3,5,0,75,45,0,1,0.72,8.0,1,1,1,0,177.45180498906763,0.431551123535046,0.7380926246785919
5,3,1,1,4,0,180,10,1,0,0.82,8.0,0,0,0,1,73.73781787919593,0.7087164750816313,0.25954839199708307
2,1,1,2,8,1,45,60,0,0,0.72,2.0,0,0,0,0,48.51606030321658,0.9953582906166155,0.0326689598589813
4,1,3,5,0,1,150,45,0,1,0.82,48.0,1,0,1,1,49.21151517114936,0.8137098031559186,0.47584799055985194
4,5,3,1,1,0,180,15,1,0,0.82,4.0,1,0,0,0,41.89766629580191,0.7760257230082658,0.04360997691995601
4,1,3,1,6,0,150,0,0,0,0.86,96.0,1,0,0,0,115.70850345098488,0.5991843751250988,0.10519609604189968
5,2,3,4,2,0,90,10,0,0,0.72,24.0,1,1,0,1,84.72157378927118,0.746956921057257,0.6041940647188395
3,3,4,1,0,1,120,20,1,1,0.72,72.0,1,0,1,1,57.32776236678981,0.7781624321798848,0.4837471379919346
2,1,4,1,5,1,30,0,1,0,0.82,24.0,0,1,0,0,154.82920575236633,0.5925798642332253,0.47173888000525177
4,3,4,4,3,1,120,45,0,0,0.82,3.0,1,1,0,1,93.1523710451691,0.7350532149008246,0.6106478556537217
3,4,2,5,4,0,30,0,0,0,0.82,72.0,0,1,1,1,151.4936583873757,0.5245277539883191,0.9042788294790681
1,4,4,1,6,0,45,60,1,1,0.72,2.0,0,1,0,0,36.429456581156884,0.69369966661148,0.3857273277246343
2,2,3,5,4,1,60,45,0,1,0.72,48.0,1,1,1,0,187.99483025471994,0.7488350986860508,0.7229114299284565
4,1,4,5,1,1,45,20,0,0,0.82,72.0,1,0,1,0,20.160105898933523,0.697522961403231,0.27461346330106284
4,3,5,2,6,1,30,15,0,0,0.82,24.0,1,1,0,1,82.9947971615433,0.5442498209916495,0.6172323773049467
1,2,3,3,8,0,150,15,0,1,0.86,72.0,1,1,0,0,108.0538166386055,0.5889095808814485,0.44081220709736896
2,5,4,4,0,0,60,60,1,1,0.72,1.5,1,1,0,1,73.10393885818452,0.671887822139567,0.6017038116890201
3,3,5,3,3,0,30,0,0,0,0.86,96.0,0,1,1,0,113.88323085907271,0.5979921357581512,0.684062704402978
1,1,3,4,1,1,60,60,0,0,0.72,48.0,1,1,1,0,41.61307290064954,0.7829459628285543,0.6229358312024343
3,1,5,2,8,0,150,30,1,0,0.82,96.0,1,0,0,1,41.09184476397148,0.5628600789966868,0.24799435764621292
4,3,2,4,5,0,180,45,1,0,0.82,24.0,1,1,1,0,76.83031960818022,0.6991400830243389,0.6522804072604165
4,5,4,4,2,0,150,20,0,1,0.72,24.0,1,1,0,1,36.196774117080466,0.6811502795191289,0.5764506631783813
5,2,4,3,4,0,120,30,0,1,0.72,12.0,0,1,1,1,67.1140096258052,0.5161330330351159,0.848613360771412
5,1,1,5,7,1,75,45,1,0,0.72,8.0,1,1,1,1,46.54341443831585,0.6291501466374442,0.8269884326942561
2,4,3,3,7,1,180,20,0,0,0.86,12.0,1,1,1,0,37.31731586066141,0.6619160295132845,0.6285440885078444
4,1,3,3,7,1,30,30,0,1,0.82,1.5,1,1,1,0,44.11700768201686,0.6338281561184644,0.6350433675263855
5,4,4,3,7,1,60,30,0,0,0.82,72.0,0,1,1,0,103.63671840715362,0.7716990628601291,0.6650722112045602
5,4,2,2,3,0,90,45,1,0,0.82,4.0,1,1,1,0,116.54870144021456,0.7186863837723014,0.6773910874294153
3,3,4,3,4,0,75,10,1,0,0.82,12.0,1,0,1,0,34.01916379892364,0.6835884361905817,0.28482825199927503
3,2,5,2,1,1,45,0,0,0,0.82,24.0,1,1,0,1,42.396176905483564,0.7659166574820602,0.5746499519132449
5,3,4,5,7,1,75,20,1,0,0.82,48.0,1,1,1,0,36.927590560568916,0.7365446019859468,0.6230602715680298
1,2,5,2,7,1,30,0,0,0,0.82,96.0,0,1,1,0,80.91007125434987,0.7894578999203282,0.6486779945084771
3,1,2,3,4,0,45,10,0,1,0.86,4.0,1,0,1,1,150.8112787678918,0.7046219696192619,0.5512173146385795
5,3,5,4,3,1,150,20,1,1,0.86,48.0,1,1,0,0,91.75131614992486,0.762087767447966,0.4178214003785923
2,3,2,1,6,0,60,0,1,0,0.86,4.0,1,0,0,0,36.07775124795351,0.6560414910384698,0.04812892979260946
1,2,2,2,6,1,120,10,0,1,0.82,2.0,1,1,0,1,117.7678539219633,0.6072023570357642,0.6360077376221388
3,2,4,5,5,0,75,10,0,0,0.86,3.0,1,0,0,1,70.40652370151136,0.5966713021270449,0.2651706913187811
2,5,2,5,8,0,30,45,0,0,0.82,72.0,0,1,0,1,74.09845778025189,0.7838711726482858,0.5945279897681213
1,2,3,4,0,1,75,0,0,0,0.86,24.0,1,1,0,0,83.49893184971349,0.8186156082775558,0.4083628619870468
4,5,1,5,4,1,120,0,0,0,0.82,24.0,1,1,0,1,110.38813177079851,0.6937688351418118,0.6250282693872722
5,2,3,4,0,1,30,30,0,0,0.72,1.5,0,1,1,0,21.772149343178928,0.7319867460656294,0.613275694004192
3,3,5,1,6,1,45,0,1,0,0.72,4.0,1,1,0,0,57.89674047576608,0.6173948833410632,0.40538018514996965
3,4,1,1,6,0,150,10,1,0,0.86,96.0,0,1,0,1,43.62871660205907,0.590834403770027,0.5877274028041376
4,3,1,5,1,1,120,20,0,1,0.72,1.5,1,1,1,0,22.568529265642884,0.7393220303871267,0.6132931440499965
1,5,4,1,6,0,150,0,0,0,0.82,12.0,1,0,0,1,48.632300087924364,0.7188036265894256,0.2421052795306898
3,4,4,2,6,0,120,0,1,0,0.82,12.0,1,1,0,1,42.572684407328964,0.5998774139965529,0.5863903706251273
2,2,1,1,8,1,150,20,0,0,0.82,3.0,1,1,0,1,70.8370760028028,0.9391359624054316,0.5814851999668217
4,2,5,2,6,1,75,15,0,0,0.86,3.0,1,1,0,1,92.11000890091914,0.7527496161611547,0.6087141994693319
1,3,3,2,4,0,30,20,0,1,0.86,72.0,1,0,0,1,66.63743178024582,0.5624143000243993,0.2650559535184559
4,3,1,4,8,0,75,60,1,1,0.82,1.5,1,1,0,0,85.79804230352514,0.6609378283316582,0.4209330468858007
1,2,5,3,8,0,120,30,0,0,0.72,12.0,1,1,0,0,147.69945459301235,0.5087636880343516,0.47285284489960366
5,4,4,2,2,1,150,20,0,0,0.82,96.0,0,1,1,1,120.80626428363158,0.7165882084198559,0.8703763349330311
5,2,2,2,0,1,30,45,0,0,0.82,12.0,1,1,0,1,41.55425766228815,0.7483270632743582,0.5753199440123203
1,5,3,3,6,1,120,20,0,0,0.72,12.0,1,1,0,0,78.13449851031343,0.4988610198673602,0.4271693942828271
2,3,1,3,2,1,60,15,0,0,0.86,2.0,1,1,0,0,67.13082912243223,0.8502820437804286,0.39523414301699156
2,4,5,3,8,1,90,10,1,0,0.82,24.0,0,1,1,0,126.17006002405077,0.5871721334145467,0.693011324010349
4,3,3,1,1,1,180,60,0,0,0.82,96.0,1,0,0,1,57.525004228231175,0.7114804953956004,0.24854636814112877
1,3,5,3,5,1,30,15,0,1,0.82,96.0,0,1,1,1,21.275822744050792,0.8097426438909867,0.7975018967569981
1,1,2,2,0,1,120,20,1,0,0.72,12.0,1,0,1,0,139.31952025682506,0.9273225247507175,0.3379671034386665
3,2,3,1,6,1,60,10,1,0,0.72,12.0,1,1,1,1,57.417875645020686,0.8710220103292847,0.8173070430402972
5,3,3,5,6,1,150,15,1,0,0.86,12.0,1,1,1,0,67.92898029492103,0.55730634445555,0.6562745427513922
1,5,1,1,6,0,30,45,1,0,0.86,72.0,1,1,0,0,86.52573541484456,0.6860584309345871,0.4196597334444753
5,3,1,5,5,1,120,60,0,1,0.72,96.0,1,1,1,0,93.95008195323442,0.6704016297683795,0.6657052738850365
3,4,2,3,7,1,120,60,0,1,0.82,3.0,1,1,0,1,75.41602685400326,0.5649457898824577,0.6107311459442302
4,3,4,4,2,0,150,20,1,1,0.86,96.0,1,1,1,1,58.14264579504878,0.6034085255961609,0.8365231670716345
5,3,1,3,5,1,120,15,0,0,0.72,4.0,1,1,1,0,23.818892222264907,0.5739199237676895,0.6257048668177718
1,3,2,5,4,1,120,0,0,0,0.72,2.0,1,0,0,1,55.65599760043476,0.5867822675717249,0.2560292396702691
3,3,5,1,1,0,150,45,0,1,0.82,48.0,1,1,0,1,46.32055387781807,0.6528321600632576,0.5851821180474508
2,3,1,5,1,1,180,60,0,0,0.72,96.0,1,0,0,0,107.79622648369292,0.698203882341889,0.09298987922519639
4,3,1,2,6,0,30,20,0,0,0.86,48.0,1,0,0,0,66.94995532513707,0.5507610185895107,0.07608003224882563
2,2,4,4,2,1,45,0,0,0,0.82,4.0,1,1,0,1,76.70062094076007,0.5454392348573452,0.6129530008538259
5,2,3,1,1,0,90,20,0,0,0.72,24.0,0,0,1,0,14.361368435487687,0.65237908226153,0.27390770986535135
5,4,3,1,2,0,180,20,0,0,0.86,8.0,1,1,1,0,89.51972817840714,0.6009018271131336,0.6676166908876855
5,3,2,2,6,1,30,10,0,0,0.82,96.0,1,1,1,1,92.35944429174627,0.7849140501211536,0.8466289793526834
3,5,2,2,3,0,90,60,0,1,0.72,2.0,1,1,1,1,33.21838714608488,0.5737453556832763,0.821983416532894
5,5,1,2,0,0,75,15,1,1,0.82,24.0,1,0,1,1,28.8715624722492,0.7166336672239139,0.4690833516091588
1,4,5,5,5,0,90,20,0,0,0.86,96.0,0,1,0,1,58.55898136908294,0.4550825998927003,0.607183538920233
2,1,5,1,5,1,60,15,0,1,0.86,72.0,0,1,0,1,63.73719627228111,0.631177389433509,0.5983090469211751
3,5,2,4,8,0,45,10,0,1,0.72,24.0,1,1,0,0,212.97713475644903,0.5718734909562606,0.5119536121373611
4,4,4,2,2,0,60,0,1,0,0.86,48.0,1,1,0,0,117.84211292649002,0.6179044549168853,0.4453080967734781
4,1,1,4,8,1,90,0,0,1,0.82,48.0,1,0,0,1,56.55646201396777,0.742007427908523,0.24576378805571525
4,1,2,4,7,1,90,0,0,0,0.82,24.0,1,1,1,1,88.30735626527994,0.6868606524955857,0.8507913251688289
1,3,1,2,0,0,150,60,0,1,0.86,24.0,1,0,0,1,9.923839281569746,0.8404561875748978,0.207783959724137
1,3,1,2,6,0,180,30,0,0,0.72,24.0,1,1,0,0,72.9942360848068,0.6209457054122645,0.41519662467767937
4,4,2,5,0,1,150,15,0,1,0.72,96.0,1,0,0,1,158.26571931160885,0.7408276867126032,0.31365254147119037
1,4,4,2,5,0,150,20,0,0,0.86,72.0,1,1,0,1,57.477901482388745,0.6523101267745341,0.5926568921140417
3,5,3,2,8,0,120,10,0,0,0.72,4.0,1,1,0,1,57.16259039935721,0.6247263511135892,0.5943775490216203
1,5,3,4,6,1,120,60,1,0,0.72,72.0,1,1,1,0,60.309899192337824,0.5352197429854815,0.652741217452575
3,2,5,4,2,1,150,60,0,0,0.72,4.0,1,1,0,1,56.22668944317262,0.6409358994025812,0.5926189466706011
3,5,1,1,8,1,60,30,0,0,0.86,1.5,1,1,0,0,48.9870002288352,0.4276051098129279,0.4127256424656519
5,1,4,4,6,1,75,45,0,0,0.82,3.0,1,0,1,0,65.85067709628083,0.6558668073356425,0.30798977488402557
3,1,5,5,2,1,90,45,0,0,0.82,12.0,1,1,1,0,228.65299888613947,0.703197327170156,0.7532115196888488
5,5,1,3,4,1,45,30,1,0,0.82,72.0,1,1,1,0,90.37270585182183,0.7483028583765031,0.657867270481526
1,5,5,3,7,0,60,60,1,0,0.82,2.0,1,1,0,1,86.94292816685325,0.6698847553278924,0.611070019238283
3,4,1,4,8,0,30,30,0,0,0.72,24.0,0,1,0,1,123.36897332121552,0.6071334847071508,0.6397466382846432
3,3,5,4,6,0,30,10,0,0,0.86,48.0,0,1,0,0,61.697123656609364,0.5863568398691216,0.4100864369802344
4,3,2,4,1,0,30,45,0,1,0.86,72.0,1,1,1,1,89.93427405024535,0.6251706470736502,0.8561942374050081
5,5,2,1,3,1,150,45,0,0,0.72,2.0,1,0,0,0,172.03353302067313,0.6504183340909708,0.13915973862741413
2,3,1,1,0,0,60,60,1,0,0.86,24.0,1,1,0,0,68.41203923025546,0.8161285212429709,0.3984790296664957
3,4,2,3,4,1,120,60,0,0,0.86,4.0,1,1,0,1,86.07718353003554,0.6529641592595803,0.6116772978718531
5,5,1,5,7,0,150,45,0,0,0.86,4.0,1,1,0,1,74.17668666771482,0.6845604420495116,0.6015318935016775
3,3,5,1,2,1,60,15,1,1,0.72,2.0,1,1,1,1,60.551615315085044,0.7899025873419534,0.8250745624294533
5,3,5,1,4,1,120,20,0,1,0.82,4.0,1,1,1,1,140.8828234254077,0.5977831846011453,0.8920770593615249
4,4,1,5,3,1,60,0,0,0,0.82,3.0,1,1,0,1,31.16814926948039,0.6188433790941176,0.5774597296430654
4,1,3,1,1,1,180,45,0,0,0.72,96.0,1,0,0,0,49.531622078713,0.8625459012413861,0.042642868298911646
3,1,3,3,0,1,45,15,1,1,0.82,3.0,0,1,1,1,61.562884482452105,0.9026565660208274,0.8178559633668435
4,1,5,5,3,1,180,15,0,1,0.86,4.0,1,0,1,1,220.51374973302882,0.5604403239788743,0.6077783438101646
3,3,2,3,0,1,120,30,0,1,0.72,2.0,1,0,0,1,82.65214022784757,0.9020420540262862,0.251958483036725
4,2,4,4,6,1,45,60,0,0,0.72,96.0,1,1,1,1,74.07370828414044,0.7056838744784357,0.8399846009759364
2,4,1,5,0,1,45,45,0,0,0.82,48.0,1,1,0,1,72.24691419133647,0.6421536374997203,0.6032138548359106
3,3,3,1,1,0,120,15,1,1,0.86,1.5,1,0,0,1,56.147161192515995,0.6263013529178035,0.2535903460907644
2,4,4,5,4,0,75,60,0,0,0.82,24.0,1,1,0,1,146.49567769037645,0.45469707274044624,0.6658349900350864
5,5,1,4,4,1,180,20,0,1,0.82,3.0,0,1,1,0,47.376911301167425,0.6367265898648138,0.6370137462435748
1,5,1,4,7,0,90,0,0,1,0.86,3.0,1,1,0,1,14.929872616869593,0.7493472396384924,0.5574989416365519
1,1,3,1,5,0,90,15,1,0,0.82,72.0,1,1,0,0,43.7753604957691,0.7289958880931071,0.38815386149732856
1,1,2,2,8,1,60,30,1,1,0.82,96.0,1,0,1,0,26.78806423539907,0.7827820354436554,0.27306396700921015
5,2,5,3,6,1,150,10,0,0,0.72,3.0,1,1,1,1,77.67251269047391,0.733778149748995,0.8404172046445529
1,3,3,2,8,0,75,0,0,1,0.72,12.0,1,1,0,1,117.69888218742392,0.563879828946848,0.6389943334320033
4,1,1,4,3,1,180,60,0,1,0.72,8.0,0,1,0,0,60.30174014603425,0.9533359096928966,0.3834676464188534
5,5,5,5,7,0,90,30,0,0,0.72,12.0,1,1,1,0,27.011649082903972,0.5809465028379096,0.6273415108566157
4,5,5,1,5,1,150,10,0,0,0.72,12.0,1,0,0,1,106.17112140705513,0.5648170808686899,0.2912435519438952
2,5,4,5,1,1,30,60,1,1,0.72,24.0,1,1,0,0,51.480576545905684,0.6299961353157837,0.4002206548918323
4,5,3,5,3,0,45,30,0,0,0.86,24.0,1,0,0,0,26.4900964906534,0.8562403305098258,0.02772324119141446
1,2,1,3,3,1,180,0,1,0,0.82,2.0,1,0,0,0,67.41713985953142,0.5662014059911389,0.07531066148697456
4,2,5,3,8,1,180,30,0,0,0.82,2.0,1,1,1,0,51.97362671441529,0.7423937893881087,0.6326815192191093
5,4,2,1,1,1,75,30,0,0,0.72,96.0,1,0,0,0,64.60001780554308,0.9147956960710579,0.04903097981205466
4,1,1,2,3,1,30,20,1,0,0.72,4.0,1,0,0,1,102.6463877099887,0.6522700893718842,0.2827720188839606
1,4,4,3,7,1,90,60,1,0,0.86,12.0,1,1,0,0,23.928465942428577,0.5648784726852061,0.3864108175403213
5,4,3,2,1,1,45,45,0,0,0.82,72.0,0,1,0,1,79.4191319465571,0.7532004835286901,0.6002220541173631
2,4,3,2,7,1,90,10,1,0,0.72,1.5,1,1,0,1,83.162612860445,0.5407318451800779,0.617590512744358
2,5,4,4,8,0,90,20,1,0,0.86,24.0,1,1,0,0,127.1412876672659,0.600949496389862,0.4526943936975536
2,1,2,5,0,1,75,15,1,0,0.86,3.0,1,0,0,0,29.733597021638445,0.88861134635107,0.027619603769850735
2,2,3,4,8,1,120,45,0,0,0.86,72.0,1,0,0,0,20.285491919600563,0.5948021060700565,0.04188751385482976
2,2,3,3,7,0,75,30,0,0,0.72,72.0,1,0,0,1,60.989865403823984,0.7838484468807869,0.24579051898756094
2,2,3,2,5,0,180,10,0,1,0.86,8.0,1,1,0,0,51.92765234280311,0.6391811445336982,0.3998757547778432
5,5,4,5,4,0,30,10,0,1,0.82,3.0,1,1,1,1,72.04892021921937,0.5921613247349371,0.846581320748034
3,3,5,3,7,1,120,60,0,0,0.72,8.0,1,1,1,1,144.28241245742532,0.6391505857505553,0.8914477339690781
2,5,2,1,0,1,45,60,0,0,0.72,24.0,1,0,0,0,100.43878185886959,0.721441846872098,0.0864582586248662
5,1,2,1,5,0,150,30,0,0,0.82,24.0,0,0,0,0,36.54908067925854,0.7354734510398367,0.04288291221338379
5,5,4,1,7,0,150,30,0,1,0.86,48.0,1,0,0,1,96.12788904110491,0.38104776085709463,0.29741191610074
3,3,1,2,3,1,180,45,0,1,0.86,1.5,1,1,0,1,83.31033625816207,0.757652736274544,0.6025045326328899
2,2,5,2,5,1,60,30,0,1,0.82,1.5,1,0,0,0,129.22084845884933,0.8069985458113272,0.09965733409910665
1,3,5,2,1,1,150,10,0,1,0.86,4.0,1,0,0,0,216.45985205444796,0.7536022116289001,0.16155441322227565
1,2,4,3,4,0,180,20,0,0,0.82,12.0,1,0,0,0,101.10894682351062,0.843406811970588,0.07836748771106593
3,1,2,1,7,1,30,60,1,0,0.86,1.5,0,0,1,0,11.614610864720255,0.9061611492495238,0.25431179346234684
3,1,3,3,8,1,180,45,0,0,0.72,8.0,1,1,0,0,89.9005512284061,0.7105437214329384,0.4201956403186317
1,2,4,4,3,1,120,15,0,0,0.72,4.0,1,1,1,0,61.42238074284471,0.7523975815816216,0.6382804231178497
1,5,5,1,3,1,180,20,1,0,0.82,2.0,1,1,0,1,66.77902471116211,0.5140530740708966,0.6085356346224787
1,2,4,5,4,1,75,45,0,0,0.82,3.0,1,1,1,1,68.00629095710565,0.6945291336630395,0.8367204879483243
4,1,3,2,3,0,30,20,0,0,0.82,72.0,1,0,1,0,63.177153208691834,0.7657611289716957,0.29851482311110916
4,2,3,2,3,0,60,10,1,1,0.72,1.5,1,0,0,1,37.5653755588706,0.6855383952638923,0.23705589603744126
3,1,2,3,0,1,120,0,1,0,0.72,48.0,1,0,1,0,25.0221061516718,0.9772770077290045,0.25827201356008417
5,1,3,2,6,1,150,45,0,0,0.86,96.0,1,1,1,0,40.958074773069185,0.8322584304129854,0.6190472930531372
5,2,2,1,6,1,120,10,0,1,0.72,48.0,1,1,1,0,93.09758769692613,0.6821992012708754,0.6643111143756562
3,4,5,5,4,1,120,15,1,0,0.72,1.5,1,1,1,1,52.686818300627166,0.708481923609978,0.825530810881053
1,4,1,4,5,1,60,60,1,0,0.72,3.0,1,1,0,0,238.01121020720126,0.7097403258693769,0.5189923173272778
1,2,5,4,1,0,90,60,0,1,0.72,8.0,0,1,0,1,56.443953347184845,0.666503082850443,0.5909740864319256
2,2,5,4,7,1,75,45,1,0,0.86,24.0,0,1,0,0,76.12747173429555,0.7004487208092457,0.4117202373662165
4,1,1,4,3,1,60,60,0,0,0.82,3.0,1,1,1,0,199.2837623056974,0.6599786763732556,0.7366573341910038
2,5,1,5,6,1,30,60,0,0,0.86,3.0,1,0,1,1,50.7754082346056,0.4242153373295885,0.5041551985433326
4,5,1,1,6,1,45,30,1,1,0.82,48.0,1,0,0,0,29.894641283954492,0.7071660820671365,0.04042813511127011
5,4,5,2,7,1,30,45,0,0,0.72,12.0,1,1,0,1,79.47600142765909,0.6354098323488501,0.6085053126873532
5,5,1,5,2,0,30,0,1,1,0.86,8.0,1,1,1,0,65.18572681943098,0.694576426634811,0.6448368013485173
5,1,5,2,0,1,120,45,0,0,0.72,24.0,1,0,0,0,54.68942200497867,0.9011978415675922,0.04337576576025432
4,2,5,3,5,1,150,15,0,1,0.82,24.0,0,1,1,1,95.09834034597097,0.6431999727238203,0.8583748954733132
5,2,5,3,8,1,60,45,0,1,0.72,72.0,1,0,0,0,76.02712739728655,0.703717892841905,0.07142449909925769
5,3,2,3,0,1,150,15,0,0,0.82,12.0,1,0,0,0,22.749558347334258,0.7358198172754223,0.033658985022276613
5,5,3,4,2,1,180,20,0,0,0.86,8.0,1,0,1,1,86.07538382288587,0.763232588876309,0.5039573079939157
4,4,1,5,0,1,180,15,0,1,0.86,8.0,1,0,1,0,78.84012764237026,0.6715715368797897,0.3155500775133282
2,4,5,4,7,0,75,45,0,0,0.72,96.0,1,1,0,0,179.04507711345528,0.5095204982751301,0.4936969498630444
2,2,2,4,8,1,150,20,0,1,0.82,72.0,1,1,0,1,50.58077932247423,0.7552370360088196,0.5808539270276988
5,1,5,3,7,1,45,20,0,0,0.72,4.0,1,1,0,0,23.90539606978532,0.5225768859826514,0.3893565486944046
5,1,5,4,1,1,75,20,0,0,0.86,4.0,0,1,0,1,49.920211403414434,0.6875123804440643,0.5851542743045252
1,4,3,2,6,1,90,60,0,1,0.86,1.5,0,1,0,0,33.87515694737377,0.6921905135171018,0.3841301020187188
5,1,3,5,0,1,75,30,1,0,0.86,2.0,1,0,0,0,31.814169755727725,0.5936883219675548,0.049651263966089654
1,4,2,4,3,0,30,10,0,1,0.72,12.0,0,1,0,0,33.08945982318622,0.7296398861247696,0.3809848478533903
3,3,2,1,3,0,90,15,1,0,0.86,12.0,1,0,0,1,34.15752600747836,0.7800301518044885,0.2281695733786714
1,1,2,4,6,1,180,60,1,0,0.82,12.0,1,0,0,0,119.00832194441999,0.6365567564068582,0.10477990834779993
4,2,3,5,6,1,45,20,0,1,0.72,2.0,1,1,0,1,59.32072431196829,0.7021612635917913,0.5903958610898868
4,4,2,5,6,1,45,45,1,0,0.82,4.0,1,1,1,0,165.39855384362028,0.6363733855998455,0.7157195655704244
4,4,4,5,8,0,150,10,0,1,0.72,48.0,1,1,0,0,167.54350863263863,0.5380435681131358,0.4840326226538396
3,3,4,2,1,0,75,20,0,0,0.72,12.0,1,0,0,1,38.243182982518206,0.696698526368805,0.23672655847586244
3,1,4,2,3,1,150,60,0,1,0.82,72.0,0,1,0,0,98.54569154170436,0.7960576433996496,0.41997309265649413
3,2,2,3,7,1,75,45,1,0,0.82,96.0,0,1,1,1,127.53265375485935,0.8103388852171066,0.8682980472047088
1,3,4,5,3,1,45,30,0,0,0.82,8.0,1,1,0,1,83.68132750313731,0.6282814475179458,0.6118078503425021
1,5,1,4,6,1,90,15,1,0,0.72,2.0,1,1,1,1,94.2142778991675,0.6131870901989896,0.8598864222855158
3,5,1,3,1,1,180,30,1,0,0.82,48.0,1,1,0,0,52.37024826751346,0.7856841885409575,0.389915605647142
2,5,4,3,4,0,75,0,0,1,0.86,72.0,1,1,0,0,42.53673768359217,0.6265189769803103,0.39450149673377305
5,5,4,5,2,1,45,20,0,0,0.72,3.0,1,0,0,0,49.861242216531934,0.5055887636259616,0.06784961469053732
1,2,1,3,2,0,75,0,0,1,0.82,1.5,0,1,1,1,8.603052856631477,0.8784334612897899,0.7842450262808024
2,2,3,3,8,0,120,0,0,1,0.86,12.0,1,1,0,0,92.34360943717081,0.7024387302988756,0.42239169517052594
2,2,2,3,1,0,150,30,0,0,0.86,1.5,0,1,1,0,118.65676829464749,0.7659634993164794,0.6754870672442782
4,2,2,2,2,1,60,10,0,0,0.72,24.0,1,0,1,0,23.449207115669854,0.7521889446599459,0.2729795786175837
1,1,5,1,6,1,45,20,0,0,0.82,4.0,1,0,0,0,38.183941229537794,0.7461921696491003,0.04322250894425485
1,5,3,3,4,1,75,15,1,0,0.72,4.0,0,1,0,0,24.774220324598787,0.5783391728047108,0.3860324047867361
4,1,1,4,0,0,30,10,0,0,0.72,3.0,0,1,1,0,82.93121012030367,0.4976835814332531,0.6704496227132082
1,3,3,3,7,0,45,30,1,0,0.82,2.0,1,1,1,1,98.31192432972901,0.45047736828419893,0.8740078671065921
3,1,1,2,1,0,180,0,0,0,0.82,12.0,1,1,1,0,47.105105384814344,0.8174563046434474,0.624181462264835
1,5,2,3,2,1,30,20,1,1,0.82,8.0,1,1,0,0,28.556354209167395,0.7098415523582924,0.37934866080769786
5,1,4,1,1,0,120,0,1,0,0.82,72.0,1,0,0,0,53.53783740741471,0.843968198623522,0.0466141177012966
5,5,1,3,3,0,75,10,0,0,0.72,24.0,1,1,0,0,39.594562514874134,0.6479826879796933,0.3910375868513376
2,1,5,1,8,1,90,20,0,0,0.86,12.0,1,0,0,1,39.6194726279963,0.6278254378931738,0.24246520109947536
5,5,3,4,3,0,60,45,0,0,0.86,1.5,1,1,0,0,80.81305201871058,0.5755547030831998,0.42358653879664976
5,4,3,1,4,1,180,0,1,1,0.82,24.0,1,1,1,0,95.97509172752895,0.6613443322833571,0.6676892912251844
4,5,5,5,5,1,90,45,0,0,0.82,4.0,1,1,1,1,63.48156517872925,0.5340157035936579,0.8449399442009302
4,3,5,5,2,1,30,30,1,1,0.86,12.0,0,1,0,0,123.31724018650675,0.6920324955433569,0.4437692187696362
1,2,4,4,5,1,45,60,0,0,0.86,72.0,1,1,0,1,88.20598129098721,0.6383382978621422,0.6141203066769749
1,4,4,4,1,0,90,60,0,0,0.82,8.0,1,0,0,1,76.39209071370881,0.6912750627358831,0.26253880608429403
4,3,5,5,2,1,120,60,0,0,0.72,72.0,1,0,0,1,51.50910696945198,0.5667993924855101,0.2546634471723156
1,4,1,1,4,1,150,60,1,1,0.86,48.0,0,1,0,1,60.98010168505962,0.8469500518531078,0.5813668974936556
2,3,3,1,3,1,90,0,0,0,0.82,2.0,0,0,0,1,55.26399476695928,0.7142280547507408,0.246846699345421
1,1,3,3,4,1,75,30,0,1,0.82,72.0,1,1,0,0,97.90747668577063,0.7658500350423745,0.4216621486708809
1,3,5,4,2,0,60,20,1,1,0.86,1.5,0,1,0,1,155.49249594483453,0.8464088311083728,0.644413045785637
3,3,1,2,4,1,90,60,0,0,0.86,12.0,1,0,1,0,29.332587498344225,0.7718105937620434,0.27552831676888645
2,2,1,5,6,0,60,15,1,0,0.86,3.0,0,1,1,1,78.01831811219371,0.6816053518802789,0.8442998374431763
3,3,2,2,4,0,60,60,1,0,0.72,96.0,1,0,1,0,52.149034120046906,0.6952203656284435,0.29610059715270687
1,1,4,3,1,1,120,10,1,0,0.72,8.0,0,1,0,1,19.04545801139849,0.6921623464735273,0.5642456077544521
4,1,3,4,5,1,60,45,0,1,0.86,24.0,1,1,0,0,95.62422341337461,0.6930909574372797,0.42523311525497354
1,1,1,5,5,1,75,45,0,0,0.82,12.0,1,1,0,0,49.44938034943014,0.5670298614713817,0.4032741632632901
3,5,1,1,8,0,180,0,0,0,0.86,1.5,0,1,0,0,95.94000138822003,0.4856615979649345,0.4399636890679346
3,3,5,5,0,0,30,10,1,1,0.72,96.0,1,0,1,1,22.967066606538534,0.562730146533366,0.47592026748035676
4,3,4,5,7,1,30,60,1,1,0.86,24.0,1,1,0,1,19.462438919938283,0.6640300835392318,0.5664928534322127
2,1,3,4,7,0,45,20,1,1,0.82,8.0,0,0,0,0,58.72335156740809,0.7685575895967192,0.055349869773168386
5,4,5,4,7,1,90,30,0,1,0.72,72.0,1,1,1,1,42.16351909452912,0.5669227259928722,0.8284244219101851
4,1,5,1,2,0,75,45,1,1,0.82,1.5,1,1,0,0,141.35317470364524,0.543062925553542,0.4662210450136822
1,1,2,4,0,0,60,0,0,0,0.86,3.0,0,1,0,0,54.42061912591591,0.755428428100476,0.39340042278357734
3,5,2,1,3,1,150,60,1,1,0.72,2.0,1,1,1,1,91.42518882828647,0.6456544215013446,0.8557543163804302
4,2,3,5,3,0,120,20,0,0,0.82,96.0,1,0,1,1,80.77664012503382,0.6265506328216082,0.5099925491191766
1,2,4,5,8,0,90,30,1,1,0.82,3.0,1,1,0,1,207.38923693203475,0.6047571311980472,0.6959264921041599
5,2,2,1,7,1,90,45,0,0,0.72,8.0,1,1,0,1,79.70639231479774,0.8833840201560352,0.5913007134656094
3,4,5,1,7,0,180,30,1,0,0.82,4.0,1,1,1,1,131.20719878404356,0.500928136322328,0.8924064963134661
4,3,4,2,2,1,75,45,0,1,0.82,3.0,1,1,1,0,65.79667854049477,0.6218451744651793,0.6503352901477674
4,3,4,5,6,0,120,0,0,0,0.86,8.0,0,0,0,1,110.4431577805257,0.6641381322598879,0.2871391025954917
5,3,2,1,8,1,150,0,1,0,0.82,3.0,1,1,1,0,47.56680605674038,0.5905046043012099,0.6403758817367423
2,1,1,4,0,0,150,45,0,0,0.82,48.0,1,0,1,1,24.404311393986447,0.7574985557189557,0.4632446420289974
3,5,3,1,0,0,180,45,1,0,0.72,8.0,1,0,1,1,70.06813747079562,0.8619267567432108,0.4863772186751723
1,2,4,4,8,0,90,45,0,0,0.86,4.0,1,0,1,0,18.533115494962384,0.6813558536445624,0.2746605005748556
2,5,2,4,4,1,90,20,1,1,0.72,48.0,1,1,0,1,43.59502543468372,0.8157700778703376,0.5719594448388655
5,4,2,2,5,0,90,30,0,1,0.86,72.0,1,1,1,0,162.89217153663432,0.6400860178683884,0.7137887597736358
3,5,4,3,8,1,90,60,0,0,0.86,24.0,1,1,1,1,60.48579955006308,0.5371442926376486,0.8427237658820733
4,5,4,1,2,0,120,0,0,1,0.82,8.0,0,1,0,1,64.68022472670796,0.5880209350230181,0.601958684366194
4,1,1,2,8,0,180,20,0,0,0.86,96.0,1,0,0,0,86.1238580433513,0.612769626508525,0.08452203150663747
4,2,4,5,1,1,75,20,1,0,0.82,48.0,1,1,1,0,91.12293635861752,0.7173962088420582,0.6605308896201343
4,1,4,1,3,0,120,60,1,0,0.72,8.0,1,0,1,0,48.84307098178211,0.7381237432288498,0.29089338529516856
2,1,4,5,0,0,150,20,1,0,0.82,2.0,0,1,1,0,49.369474254374246,0.6861335833501915,0.6348836320017363
2,1,2,1,6,0,75,10,0,0,0.82,3.0,1,1,0,0,110.34878428305673,0.7365313788439845,0.4320086596696256
4,1,1,3,7,0,180,0,0,0,0.72,72.0,0,0,0,0,66.05319672712456,0.7411340315409476,0.06215608227688337
5,2,2,5,2,0,120,60,1,1,0.86,12.0,1,1,0,1,35.3833215424367,0.6746582125210234,0.5763628061518196
1,2,5,3,1,1,90,15,1,1,0.86,3.0,1,0,0,1,58.89476317677559,0.7307678624866769,0.24810942507711636
4,3,1,1,5,0,150,15,1,1,0.82,12.0,0,1,1,0,62.157820365738225,0.7521456798861017,0.6387883493184652
1,1,3,4,1,1,90,15,0,0,0.86,1.5,1,1,0,1,41.42653737932963,0.6424203132631338,0.5826482696578004
2,1,1,4,4,1,180,45,0,0,0.72,72.0,1,1,0,1,35.15126858643175,0.6662399143432269,0.5767973850535952
1,5,4,3,7,1,90,15,0,0,0.82,8.0,1,1,0,1,35.794995608727966,0.6712218646166453,0.5768777998826535
2,3,4,4,5,1,45,45,1,1,0.86,2.0,1,1,0,1,118.63286514925935,0.6106368285733875,0.6363439987660358
1,5,2,1,1,0,120,60,0,0,0.86,24.0,1,0,0,0,31.649203225431314,0.7106540124005387,0.0413536879489165
5,2,5,4,4,1,45,15,0,0,0.86,1.5,1,1,1,0,58.024478740312475,0.754051123136883,0.6358994072072933
3,5,3,1,8,0,120,20,0,1,0.82,1.5,1,1,0,0,69.15683480892986,0.5487452585137872,0.4176923884433215
2,2,2,3,4,0,30,0,0,1,0.86,48.0,1,0,0,0,46.050875424510195,0.7344227772578067,0.04929098920829366
4,1,3,3,3,1,75,20,0,0,0.82,8.0,1,1,0,0,84.58167876618435,0.858083670026643,0.40632192894225794
1,4,2,1,6,1,75,30,1,1,0.82,72.0,1,1,0,1,58.811395799948684,0.720260307894186,0.5887893756473728
1,2,1,1,6,1,120,60,0,0,0.72,24.0,1,1,0,0,26.18544467891857,0.9047954791912517,0.3641212795758914
2,4,4,4,1,1,30,10,0,0,0.82,2.0,0,1,0,1,52.39760358125454,0.5346660837343481,0.5975051098594321
5,2,5,3,0,1,30,15,1,0,0.72,24.0,1,1,1,0,61.39427583917349,0.9611026641746044,0.6236523307338935
3,4,4,1,6,1,120,45,0,0,0.72,2.0,1,1,0,0,145.8988210256434,0.785319460629625,0.4522935184396885
5,4,3,4,6,1,90,10,0,0,0.82,4.0,1,1,1,1,89.10578434076362,0.6356328501763365,0.8549095567148322
2,2,2,4,0,0,180,60,0,1,0.86,96.0,1,0,0,1,74.84477810074314,0.6543885749358055,0.2640893184883224
4,1,2,2,2,0,150,10,0,0,0.82,24.0,1,0,1,0,42.913487779251916,0.7864657634912254,0.2835563884084488
1,4,5,4,1,0,75,0,0,1,0.72,72.0,1,1,1,0,146.33994038431163,0.5021402818311903,0.7124101405280244
1,4,5,3,7,1,75,0,0,1,0.72,96.0,1,1,0,0,47.47823878591814,0.49700574816542703,0.40686175681903225
2,2,2,2,3,1,60,0,0,0,0.72,96.0,1,1,0,0,109.29073298897471,0.7919810884255755,0.42742181246952626
1,3,4,1,1,1,45,45,1,0,0.72,8.0,1,1,0,1,53.38644662905837,0.8757511293068138,0.5742883853678953
3,3,3,2,6,1,30,10,0,1,0.86,24.0,0,0,0,1,55.593323344969264,0.50311364786862,0.26184426021250945
1,5,1,5,1,1,150,45,0,1,0.86,24.0,1,1,0,0,79.52621240534798,0.6065729348589808,0.42055736949677
3,3,5,1,4,0,120,0,0,1,0.82,1.5,1,1,1,1,147.47139100482778,0.6810513833850609,0.8906406638329311
2,4,2,4,0,1,60,15,0,1,0.72,4.0,1,1,1,1,134.06727623681067,0.5401647213790284,0.8915666536613418
3,2,3,4,3,1,150,60,0,1,0.86,4.0,1,1,1,0,47.760563334599944,0.6356100844531227,0.6373476696446815
2,3,3,3,8,1,75,45,1,0,0.72,72.0,1,1,0,0,67.83134880385309,0.7274121806462348,0.4043020465573323
5,3,3,3,3,1,45,10,0,0,0.82,12.0,0,0,0,0,60.63005380058243,0.7472893245435107,0.0581097831490092
3,5,4,2,6,0,150,20,0,0,0.82,24.0,1,1,0,1,56.97758506247426,0.6613678530100128,0.5916893069976153
3,3,3,2,1,0,75,20,0,0,0.72,4.0,1,1,0,0,41.48856731780391,0.6283769629954763,0.3936726574688526
2,1,5,3,3,0,75,0,0,1,0.72,72.0,1,1,0,0,30.150450225593836,0.715236494650866,0.38003374552483526
5,4,5,3,0,0,60,20,0,0,0.82,24.0,0,1,0,1,68.07243142816154,0.6945887258860192,0.5967604101400864
5,5,4,1,6,0,150,15,0,0,0.86,72.0,1,1,0,1,49.90445396416105,0.6146901568328916,0.5902413249978049
4,1,4,3,8,0,60,60,1,0,0.82,96.0,1,1,1,0,54.87464167057396,0.6207688773379031,0.6431292730333962
4,3,1,3,0,1,90,0,0,1,0.86,8.0,1,0,0,1,35.61957902184378,0.8453391975780665,0.22457264218409786
1,4,4,2,6,1,30,10,1,0,0.82,48.0,1,1,0,0,30.03003247053882,0.7665149642162317,0.3763639741518897
2,1,1,1,4,0,45,15,0,0,0.72,12.0,1,0,0,1,59.71301996229796,0.6620064563364695,0.25346822803131247
4,4,1,3,1,0,180,60,1,1,0.72,1.5,1,1,1,1,56.583805135107845,0.5511908394639976,0.8391391779942587
5,5,4,1,5,0,180,45,0,0,0.72,2.0,1,1,0,1,77.54146650714183,0.7879330198627376,0.5965389996143696
3,2,5,2,7,0,75,10,1,0,0.82,24.0,1,1,0,1,81.50775005080754,0.6283041426222127,0.6103572100503167
3,2,2,3,8,0,150,10,0,1,0.82,12.0,0,1,0,1,67.52864024987407,0.7197586706976925,0.5946359865510776
5,3,2,3,3,1,75,0,0,0,0.86,48.0,0,1,1,0,98.82130204516164,0.8058354173622112,0.659472388814753
3,2,4,4,1,1,180,20,0,0,0.82,4.0,1,1,0,1,106.0141891496633,0.6130751231666884,0.6277608674781074
5,4,5,4,4,1,150,10,0,0,0.72,72.0,1,0,0,1,61.234912300829734,0.6477150987018484,0.2554832179580904
5,5,4,4,5,0,180,15,0,0,0.72,4.0,1,1,0,0,67.2808410255788,0.6084310383911049,0.4122637213296752
5,1,1,1,6,1,45,0,1,1,0.82,12.0,1,1,1,0,54.79253288517815,0.6337030054355663,0.6421691448762958
3,3,1,4,0,0,90,10,1,1,0.72,12.0,1,0,1,0,122.65317623064261,0.9339257495608194,0.3263939816845044
2,3,4,3,3,1,150,30,0,0,0.86,48.0,1,1,1,0,58.89073015212731,0.7734976715518935,0.6351156497594524
5,5,4,4,7,1,90,30,0,1,0.82,96.0,1,1,1,1,147.21010516682796,0.690355562413373,0.8898151807422825
4,5,4,3,6,0,90,15,0,0,0.72,8.0,1,1,0,0,126.25426997637155,0.5841234959351225,0.4532808686021225
2,3,5,2,6,1,60,10,1,0,0.86,4.0,1,1,0,1,98.1111769762686,0.7138988378271265,0.6154345326696136
4,5,5,2,6,1,120,30,0,0,0.82,24.0,1,0,0,1,65.58203545325438,0.64287910763868,0.25871981943412864
1,3,2,3,1,0,75,30,0,0,0.86,24.0,1,1,0,0,62.569461346023786,0.7230994113891184,0.4010960154334443
5,3,2,1,8,0,45,10,1,0,0.82,4.0,0,1,0,0,27.671300232460297,0.7742101331946032,0.37425282416468464
3,3,4,3,0,0,30,20,0,0,0.72,24.0,1,1,1,0,42.31264704631069,0.8479652900657281,0.6188508610596063
5,4,2,5,1,1,120,0,1,1,0.82,1.5,1,0,0,1,83.80032575209663,0.7242427521180465,0.26516989118646783
2,3,5,5,8,0,30,30,0,0,0.86,1.5,1,1,0,1,35.28429727602396,0.3861181322423718,0.5964945955937166
1,3,1,2,6,1,150,60,0,0,0.86,48.0,1,1,0,1,57.55147606714483,0.6330240691541839,0.594055965870637
4,4,3,3,1,1,45,15,0,1,0.72,3.0,1,1,0,0,83.06442626188684,0.551548419812804,0.42676789478769495
4,4,4,5,5,0,90,0,0,0,0.82,96.0,0,1,1,0,70.95039477377512,0.5244611167387223,0.6605879850108063
3,3,1,2,1,1,30,20,0,0,0.72,2.0,1,1,0,1,34.40161282529217,0.7741479351186334,0.5687440530918905
1,1,2,3,0,1,150,45,0,0,0.82,4.0,1,0,0,0,96.48808861686496,0.8033162640519401,0.0780932539276075
5,2,2,1,5,1,180,15,1,1,0.72,48.0,1,0,0,0,115.55037677312362,0.6182536135591616,0.10375583156627442
2,2,5,2,6,1,60,20,0,1,0.72,8.0,1,0,0,0,83.38851525488364,0.6935503380102911,0.07704381984253539
3,2,5,1,4,0,120,10,0,1,0.86,2.0,1,0,0,0,29.54227504407213,0.6410743381832124,0.04481964635655656
5,2,5,4,0,0,180,10,0,1,0.86,3.0,1,0,1,1,111.92420796755505,0.7254902674581696,0.5238318199229649
2,5,5,3,1,0,30,0,0,0,0.82,72.0,1,1,0,0,49.03173744765763,0.5401669978914151,0.40487613511270604
1,2,2,4,8,1,45,45,0,0,0.72,2.0,1,0,0,0,110.40358483404722,0.6740238972750205,0.09642071708011339
4,4,5,4,2,0,75,60,1,0,0.72,24.0,0,1,1,1,33.356583714310375,0.7104837011547745,0.8125038633953727
2,5,2,5,6,1,120,15,0,0,0.86,8.0,1,1,1,0,101.34901334486631,0.594470649098479,0.675953063459684
1,3,1,5,3,1,150,20,0,1,0.86,4.0,1,0,1,0,199.83437608353034,0.7331566475187372,0.39190195206270867
4,1,3,1,5,1,60,10,0,0,0.72,3.0,1,0,1,0,89.11903040739917,0.8106088415972115,0.3126700680264613
5,3,1,4,7,0,30,20,1,1,0.72,72.0,1,1,1,1,13.337458823104807,0.5887597182857104,0.8076784589354036
1,1,1,3,2,1,150,45,1,1,0.72,1.5,1,0,0,0,13.805229926160724,0.5945293283705517,0.03758643363150187
2,4,3,3,0,1,120,20,0,0,0.86,4.0,1,1,1,0,87.47732494316459,0.6969777356117751,0.6595297751359521
1,2,3,1,1,1,90,45,1,0,0.82,12.0,1,0,0,0,49.60466792646149,0.8185923475115917,0.04576831429182957
2,1,1,2,0,1,45,0,1,0,0.82,4.0,0,0,0,0,108.95736230691375,0.6835954577225676,0.09478655949736278
5,3,1,3,0,0,180,45,1,0,0.82,3.0,1,0,1,0,34.3796002086458,0.6018109316581515,0.2907929682563599
2,3,3,1,7,0,60,45,0,1,0.72,96.0,0,1,0,0,80.82012906634513,0.7141489844946431,0.41388965712960507
2,1,1,2,0,1,90,10,0,0,0.72,1.5,1,1,0,0,67.79217390894195,0.8655942814575945,0.3946031829039297
4,4,5,5,8,0,30,15,0,0,0.86,48.0,1,1,1,0,105.01543240212962,0.6291810420656039,0.6759676153234943
5,3,1,5,1,0,150,45,0,1,0.72,48.0,1,0,1,1,29.73339436874608,0.5431155301294164,0.48180417580343826
5,5,4,3,7,0,90,10,0,1,0.86,96.0,1,1,1,1,50.63118793005049,0.6601987880329221,0.8275402101243958
3,3,2,4,1,1,150,20,0,1,0.86,1.5,1,1,1,1,21.021836313239515,0.7406843552249143,0.8021666526764156
2,1,2,2,6,0,120,0,0,0,0.86,1.5,1,0,1,0,53.114648977289974,0.7138784775527418,0.29543827255616806
1,1,3,2,8,0,75,15,0,1,0.82,48.0,1,1,0,0,37.598234774732134,0.6052241572167498,0.39269979884464895
2,5,4,5,2,0,30,15,0,0,0.86,12.0,1,1,0,1,22.36485312324945,0.3572944604251321,0.589899289852407
3,4,5,3,0,1,45,60,0,0,0.72,2.0,1,1,0,0,62.785597788769316,0.7233962509179492,0.40121932762825646
5,3,1,4,6,0,150,0,0,0,0.72,72.0,1,1,0,0,36.65900791606468,0.585882490966412,0.39342756424306097
1,3,4,4,6,0,45,60,0,0,0.72,96.0,1,1,0,1,53.69640122525193,0.6323066444348672,0.591536135706394
2,5,2,5,1,0,60,10,0,0,0.86,96.0,0,0,0,1,134.07183439631297,0.7667532097451952,0.29570849824871165
2,3,3,4,1,1,75,45,1,0,0.82,24.0,0,1,1,0,59.267195358174675,0.6021724250756512,0.647359393816821
2,5,5,3,5,1,120,15,0,0,0.82,8.0,1,1,1,1,40.53796050474176,0.44410869059112346,0.8359376986617826
4,3,3,5,8,1,90,60,0,0,0.72,24.0,1,1,0,1,84.71772162200448,0.6485750004718042,0.61107823104831
3,5,3,1,6,1,90,60,0,0,0.82,4.0,1,0,0,0,71.91741499105447,0.5875187930526904,0.07681862781368132
3,3,5,4,7,0,75,45,0,0,0.82,24.0,1,1,0,1,44.47465168313675,0.5591139054016313,0.5905117944106437
4,3,2,1,8,0,60,0,0,0,0.72,96.0,0,1,0,0,60.34220074763803,0.7707404043397319,0.39627630552797743
4,1,3,2,2,1,60,60,0,1,0.82,1.5,1,0,0,0,107.46718130187008,0.7481360612252234,0.08927526324881441
3,4,1,1,8,1,75,0,0,1,0.86,3.0,1,1,0,0,50.40269007429606,0.8408713108028095,0.3847408016266674
2,5,3,5,1,0,45,10,0,0,0.82,12.0,1,1,1,1,46.50193009049768,0.7394091064564312,0.8192426492750483
2,1,3,5,3,1,60,0,0,1,0.82,1.5,1,1,0,1,66.77348821155879,0.7427807555655548,0.592521005918117
5,4,5,2,7,0,180,20,1,1,0.72,2.0,1,1,0,1,79.12411675411843,0.6754971625612012,0.6054646097901283
3,4,5,3,7,1,180,45,0,0,0.82,48.0,0,1,1,0,60.58473886371682,0.709483668150768,0.6407259691385908
1,3,1,3,0,1,90,20,0,0,0.86,96.0,1,0,0,0,126.2937435410078,0.8115769556425716,0.09738544213235854
5,5,1,2,8,0,30,30,1,1,0.72,24.0,1,1,1,1,38.741363656711684,0.5417212849919821,0.8279070858217024
2,5,3,4,0,1,30,15,0,0,0.86,48.0,1,1,0,0,30.562907691397335,0.44644765472054904,0.3991239359638265
5,2,1,1,4,0,150,0,0,0,0.72,12.0,1,0,0,0,180.68859696482704,0.6958850006335482,0.14174711459886966
3,1,3,1,5,1,75,30,1,0,0.72,3.0,1,1,0,1,62.87728996338025,0.5752930933895337,0.6016476767716529
4,4,3,2,0,0,150,15,0,1,0.82,24.0,0,0,0,0,129.94551955438087,0.7122890231510344,0.10677011474901482
2,1,2,4,3,0,180,0,1,1,0.86,4.0,1,1,1,1,74.85519298086209,0.6834998204113746,0.8420584745584452
1,3,4,3,1,1,45,0,0,0,0.82,3.0,1,1,1,1,44.637476851936256,0.6517041104810618,0.8241390301676165
2,1,5,3,7,1,30,60,1,0,0.82,4.0,1,1,0,1,116.02807539614957,0.6308852244083324,0.6331900845555165
2,2,4,1,2,1,60,45,0,1,0.86,12.0,1,1,0,0,37.95290075320571,0.7508657208217108,0.38274133337795074
5,5,2,2,5,1,90,20,1,1,0.82,24.0,0,1,1,0,100.52535857050938,0.5283133559416011,0.6800349707977609
1,4,3,3,2,1,120,60,0,0,0.86,96.0,1,0,1,0,38.86136719031467,0.6657379609099776,0.289305920863178
5,4,4,4,0,1,90,30,0,0,0.72,48.0,1,1,1,0,93.87789599419884,0.6505275360982093,0.6670483364692581
1,3,3,5,5,1,60,45,1,0,0.82,12.0,1,1,1,0,48.35767454512194,0.6468897432068745,0.6369561676722668
3,3,4,1,8,1,75,0,0,0,0.82,1.5,1,0,0,1,105.85696803165622,0.6568268925122199,0.2845934295452488
5,5,4,2,6,1,45,20,1,0,0.72,48.0,0,1,0,1,150.9037331715001,0.7514729149556822,0.6479993847341023
5,5,1,3,5,0,30,45,1,0,0.82,72.0,0,1,1,0,67.63525680033081,0.8084313183419823,0.6384999789162819
3,5,3,3,3,0,60,45,0,0,0.72,2.0,1,1,0,0,93.67680530708492,0.767941647730138,0.41869528819694696
2,4,3,1,8,1,180,20,0,0,0.86,3.0,1,1,0,0,113.97010235001946,0.6548211732078406,0.4401425861087975
3,4,5,3,4,0,150,20,0,0,0.82,24.0,1,1,0,0,108.8207943286867,0.5531493003206189,0.4438267451966812
4,1,5,5,3,1,60,15,1,0,0.86,4.0,1,1,0,1,151.2277575960593,0.65637604904183,0.6548721816311115
1,3,3,3,5,1,60,30,1,0,0.72,1.5,1,0,0,1,147.55239298737646,0.5721358766482514,0.31831875062620674
4,3,1,2,2,1,180,60,0,0,0.82,72.0,1,0,0,0,39.623348773116184,0.7554919464253457,0.04353112959896993
1,4,2,2,5,1,60,20,0,1,0.86,2.0,1,1,1,1,22.51080660647154,0.6258279203289934,0.8111992499812848
5,2,2,4,2,1,150,10,0,0,0.72,72.0,1,0,1,0,71.73186515745525,0.7556190180029597,0.30492791217809634
4,1,2,3,3,1,75,60,0,1,0.86,2.0,1,1,0,0,54.376800396342375,0.891897344049253,0.38381838618078057
3,3,5,1,0,1,90,60,1,0,0.82,4.0,1,1,0,0,48.25580736669898,0.7735945489089415,0.3880189198208401
1,2,2,4,0,0,180,45,0,0,0.86,24.0,1,0,0,0,59.69402534223417,0.6382657248904323,0.06511741615249253
2,2,2,3,7,0,30,20,0,0,0.72,48.0,1,0,0,1,28.57965983207053,0.6905777593443853,0.2307126634006067
2,2,2,5,4,0,45,0,0,0,0.82,2.0,0,0,0,0,78.84885569147083,0.718397395808966,0.07227808608768627
1,5,1,1,8,1,60,15,1,1,0.82,4.0,1,1,0,1,36.55659862929217,0.6788485720597623,0.5768516657086781
5,5,3,3,7,1,30,10,0,1,0.86,3.0,0,1,0,0,48.330989825227775,0.45568521630476555,0.4103226947421516
2,4,5,5,6,0,75,10,1,0,0.86,24.0,1,1,0,0,75.4456816934902,0.6187868380627022,0.41698204246460435
3,5,2,5,1,1,75,20,0,0,0.72,8.0,1,0,0,0,97.26649526842891,0.5826342037675137,0.09405993591522666
4,2,2,5,6,1,90,60,0,1,0.82,2.0,1,1,0,0,63.073665538920906,0.5577897677377932,0.41300382661763513
4,3,1,3,4,1,45,15,0,0,0.86,1.5,0,1,0,0,13.859840330400761,0.6202392638549699,0.37582314508375264
1,2,5,3,8,0,45,45,1,1,0.86,12.0,1,1,0,1,26.185259945981933,0.5295838567518801,0.5803859699913564
1,4,5,2,4,0,90,0,0,1,0.72,2.0,1,0,0,1,31.313387631437884,0.7030231180823985,0.23166397348852405
3,4,2,2,6,1,45,20,0,0,0.72,4.0,1,1,0,1,86.51367480589596,0.584279918876756,0.6167761888825577
3,3,2,1,7,1,180,30,0,1,0.82,12.0,1,1,1,1,163.79573472886506,0.5032297684146878,0.9139710726968818
5,2,2,5,6,0,30,15,1,0,0.86,3.0,1,1,1,0,90.87482225168728,0.717916640652915,0.6603290499887542
3,2,3,2,7,0,90,0,1,1,0.72,12.0,1,1,0,1,127.96625214748252,0.49107246788104025,0.6509357620133156
2,3,1,1,6,1,75,10,1,0,0.72,8.0,0,1,0,1,36.99543733777502,0.7873911505684638,0.5695462443520576
4,4,5,3,6,0,75,60,0,0,0.72,96.0,1,1,1,0,87.5674155604303,0.5675398406191938,0.6686504881969434
4,4,5,1,1,1,60,60,0,0,0.72,3.0,1,1,0,1,63.85050303337241,0.5962567843062483,0.6008290271208109
4,1,5,4,7,1,150,60,0,0,0.72,1.5,0,1,1,1,52.92126388747225,0.5434301157369168,0.8372407344900641
2,1,3,4,6,1,90,30,0,1,0.82,48.0,1,1,0,0,51.50105081501051,0.6703573928207799,0.3974090163792191
1,2,5,1,7,1,120,45,0,0,0.82,2.0,0,0,0,0,43.01072637460869,0.6800113876573776,0.05107302044705603
2,4,4,2,3,0,120,45,1,0,0.86,4.0,1,1,0,0,65.30349433263086,0.6821665050755625,0.40578400753313126
4,3,5,5,6,0,75,45,1,0,0.86,12.0,1,1,1,1,34.67038661412058,0.6687959087354368,0.8162978774645998
4,3,5,3,6,1,45,10,0,0,0.86,96.0,1,1,0,0,82.40885579459794,0.7076691308615956,0.415402398036087
1,2,5,3,4,1,30,30,1,0,0.82,24.0,1,0,0,1,88.24431136312697,0.6128199009977545,0.2759321478389085
4,3,1,4,7,0,75,0,0,0,0.72,48.0,0,1,1,0,46.25633487590542,0.6527997020722052,0.6351415774388827
4,3,5,3,2,1,150,15,1,1,0.72,72.0,1,0,0,0,72.42582154864274,0.7117502496877142,0.0684613635542885
2,1,2,2,8,1,180,20,0,0,0.72,3.0,1,1,0,0,17.10815949483228,0.5214118411993229,0.3849066107792689
5,5,5,1,7,0,120,20,0,0,0.86,96.0,1,1,0,1,15.834114815312448,0.6312418770683862,0.5663691451487546
1,4,5,3,6,1,60,20,0,1,0.86,4.0,1,1,0,0,63.0487556508112,0.6040375974397174,0.40974987194642726
5,3,4,4,0,1,30,30,0,0,0.86,8.0,1,1,0,1,69.37474386937467,0.6648613293017127,0.5997095361951299
5,3,3,5,5,0,150,30,0,1,0.86,8.0,1,1,1,1,62.06804401208511,0.5720390040337933,0.8413359657256912
5,5,5,3,0,1,90,60,0,1,0.72,1.5,1,1,1,1,75.7539176369071,0.5408583344210789,0.8526425283484625
5,5,2,1,0,1,45,0,0,0,0.86,48.0,1,1,0,0,18.609681223547547,0.7965506198117537,0.36664791076220893
1,1,4,5,8,1,60,20,0,0,0.86,3.0,0,1,0,0,20.570688098794363,0.6486238238736738,0.3783101243947058
1,3,4,5,7,1,60,15,0,0,0.82,72.0,0,1,0,1,61.713045175587055,0.5112340377691533,0.6053556474732174
4,4,5,5,7,1,120,20,0,1,0.82,3.0,1,1,0,0,73.62963890398088,0.5614510966296383,0.4197848491719126
3,1,5,4,7,1,60,10,0,0,0.86,72.0,1,1,0,1,63.0433722371353,0.6490244706998219,0.5965972018757694
5,3,3,4,6,0,60,45,1,0,0.82,12.0,1,0,1,1,99.38276641793001,0.5017388907937907,0.531133455256388
5,3,1,1,1,1,60,60,0,1,0.72,48.0,1,0,0,0,54.12645355556802,0.9534083557722437,0.03934571746632162
5,4,3,4,6,1,30,0,0,1,0.82,1.5,1,1,0,0,111.1946953295884,0.6054701826901838,0.44174688409807944
4,5,4,1,2,1,45,20,0,0,0.86,48.0,0,1,0,0,82.57021180133486,0.7076024554348909,0.41551463598711424
3,2,3,5,4,0,60,60,1,0,0.72,48.0,1,0,1,0,42.57409051188105,0.6546282488236999,0.29255874959026174
3,2,3,2,4,1,150,0,0,0,0.82,8.0,1,0,0,0,113.78802268606876,0.6833998136431247,0.09802069483569378
4,3,2,1,6,1,75,60,0,0,0.86,12.0,0,0,1,0,36.611911644368135,0.7789851562171571,0.27987898016104445
2,3,5,2,4,1,75,60,0,0,0.82,96.0,1,0,0,1,49.98400804314488,0.7658265110152211,0.2397148162576978
1,3,2,2,6,1,150,15,0,0,0.86,4.0,0,1,0,0,23.16419567742915,0.7142397032152572,0.37544601789321813
2,5,4,1,8,1,120,45,0,0,0.72,8.0,1,1,0,1,151.178781900128,0.4958859778491525,0.6660738361506447
4,4,5,1,8,0,150,10,0,0,0.72,1.5,1,1,0,1,36.01689360174842,0.6624804091168182,0.5776376337629884
2,1,5,3,4,1,45,0,0,0,0.72,1.5,1,1,1,1,56.17870460347173,0.6017759801924406,0.8353281511221771
1,5,5,4,3,0,30,20,0,0,0.86,12.0,1,1,0,1,112.71353095242536,0.7276972659960756,0.6242035453485584
3,5,2,3,7,0,120,0,0,1,0.82,8.0,1,1,1,1,28.39450255668597,0.4595767781922438,0.8267592938976669
4,3,5,3,6,0,90,10,0,0,0.72,3.0,0,1,1,0,106.58631582585537,0.4667362082903193,0.6883860093035814
1,5,1,3,8,1,30,45,1,0,0.72,72.0,0,1,1,0,19.9161174022,0.6463573052001406,0.6180324002374569
1,5,4,3,5,0,45,45,0,0,0.82,4.0,1,1,0,0,54.598316198294214,0.6065717767480813,0.40393885309316385
1,4,3,3,1,1,180,20,0,1,0.82,3.0,1,1,0,0,53.04321087061041,0.6775831566533619,0.39793131961467165
3,3,5,1,5,0,180,10,0,0,0.86,48.0,1,1,0,0,73.024871993626,0.7825733345667703,0.4039031145760768
5,5,4,5,1,0,45,20,0,0,0.82,3.0,1,1,0,0,113.09267395259425,0.6124430180872237,0.44252410470229053
4,5,1,2,8,1,45,60,0,0,0.72,4.0,1,1,1,0,28.465119106209748,0.6033358507273565,0.6267432365198916
3,2,1,1,5,0,30,15,0,0,0.86,2.0,1,1,0,0,84.84593516838895,0.6895350482740722,0.41829650339974095
1,1,1,1,3,0,180,20,0,0,0.86,8.0,1,0,0,1,23.076909189965267,0.7433856332205501,0.22334761180120502
2,3,2,4,2,1,75,45,0,0,0.72,3.0,1,1,0,1,42.591611807112066,0.6275444039382778,0.5844662995957286
4,4,5,4,2,0,30,30,0,0,0.86,2.0,0,1,0,0,55.67871531315819,0.7044237340742064,0.3978094821569111
1,3,5,5,6,1,60,20,0,0,0.72,72.0,1,1,0,0,105.55271085912258,0.7456467210792036,0.42817320343053755
3,2,5,1,6,0,30,10,0,1,0.86,12.0,1,1,1,1,128.4017490880903,0.6208250948105429,0.8821434094219889
2,5,4,2,6,0,90,15,1,1,0.86,8.0,1,1,0,0,95.46207216911802,0.43893490127256973,0.44291593835699883
4,2,4,1,4,1,60,15,1,0,0.82,2.0,1,1,0,1,51.76617307559914,0.944536909051646,0.5683931984167842
5,1,1,1,4,0,75,15,0,0,0.86,48.0,1,0,0,1,15.660646592586941,0.7735378919467899,0.21629277862544932
2,1,5,1,4,0,60,10,0,0,0.82,1.5,1,1,0,0,30.581458927879794,0.7057951283986468,0.3809819802973479
1,5,4,4,3,1,45,20,0,1,0.72,1.5,1,1,0,1,31.456950882776763,0.7253161543008918,0.5701991697874554
4,2,2,5,2,1,150,30,1,1,0.86,3.0,1,1,1,0,73.8974597817721,0.7470123976576,0.6469741053518161
3,2,1,2,8,0,90,10,1,0,0.72,48.0,1,0,1,1,56.658729215290705,0.7317838735778334,0.4865476149930788
1,4,2,2,3,0,45,60,0,0,0.86,72.0,1,0,0,1,61.17516429222907,0.7396099420572915,0.24901074691747566
3,5,3,3,4,1,45,30,0,0,0.86,3.0,1,1,0,0,86.10824367680819,0.7011485347786356,0.41832509835003434
1,5,3,5,4,1,120,45,0,1,0.72,48.0,1,1,0,0,32.19121901507346,0.5577972325540458,0.3924150063979325
1,1,2,3,6,1,90,30,1,1,0.82,12.0,1,1,0,0,51.33774820092604,0.8977494177407395,0.3813827062254323
4,3,3,2,7,1,120,30,0,0,0.86,24.0,0,1,0,0,80.34865341844765,0.6553346179707653,0.4176923456876782
4,5,5,2,0,1,150,60,0,0,0.82,4.0,1,0,0,1,44.63636262825449,0.7130590502128134,0.23984344157060608
1,2,4,2,3,1,60,20,0,0,0.86,12.0,1,1,0,0,240.0,0.9077792214614147,0.506455454497701
3,4,1,2,7,1,150,20,0,0,0.82,1.5,1,1,1,1,21.218503667918306,0.7122102523807202,0.8042909514452952
3,3,3,4,4,1,180,45,1,0,0.72,72.0,1,1,0,0,43.13054212615036,0.7978839713683106,0.3829018167549852
5,4,5,4,6,1,45,15,0,0,0.86,4.0,1,1,1,0,36.0417844163568,0.571809987365695,0.6340011571619726
2,3,5,5,7,0,60,20,0,1,0.72,96.0,1,1,1,1,31.146151469867853,0.5680359478278545,0.821001584631962
5,2,1,5,3,0,45,45,1,0,0.72,4.0,1,1,0,0,79.6001345700338,0.7984611993806243,0.40717447242337884
4,1,1,4,7,1,30,20,0,0,0.82,1.5,0,1,0,0,63.27298040336726,0.7733664755665055,0.3980463336459228
5,1,5,5,6,1,90,10,0,0,0.72,48.0,1,1,1,1,16.498207754708176,0.6193568692319815,0.8076438243235667
4,5,5,3,6,0,45,10,0,0,0.72,2.0,1,1,1,1,89.67797678738863,0.6261922202938627,0.8559518624376887
5,1,2,2,6,0,180,30,0,0,0.72,1.5,1,1,0,0,37.220509462199175,0.7962889638625106,0.37907344550442373
4,3,5,4,6,0,150,30,0,0,0.72,72.0,1,1,1,1,56.54131589312202,0.7145285632419496,0.8276772111684783
4,2,1,4,1,1,30,30,0,0,0.86,4.0,1,1,0,1,147.56157753900223,0.9059317864388645,0.634959159975281
1,3,4,2,2,0,180,15,0,0,0.82,12.0,1,1,0,0,159.7748253302409,0.6018186999501993,0.4743892412236467
4,3,4,4,5,0,150,60,1,0,0.82,72.0,1,1,0,1,240.0,0.6021329758362882,0.7178506916914599
4,5,1,1,1,1,150,10,0,0,0.72,1.5,1,0,0,1,33.60222151411542,0.6784547864341297,0.2349096459590212
3,4,1,4,4,1,180,0,0,0,0.86,4.0,1,1,0,1,55.510656903030295,0.6706284257694506,0.5900631147981586
4,2,5,3,6,0,150,0,1,0,0.86,1.5,1,1,0,0,67.03905891095408,0.5759789487606677,0.41437417952738936
4,1,4,5,4,0,180,45,0,0,0.72,2.0,1,1,1,0,103.4756167480872,0.7507578722789694,0.666430693439197
3,2,2,3,2,1,60,0,0,0,0.82,72.0,0,0,0,1,30.80295966839645,0.7801314593055673,0.22592610429420795
3,5,2,1,0,1,60,15,1,0,0.82,3.0,1,1,0,0,87.0104082493034,0.7250187809252449,0.41725562416810186
3,2,3,2,1,0,150,10,0,1,0.72,96.0,1,0,1,0,20.347428376294104,0.8554679725879373,0.2636821941697071
4,1,5,2,6,1,150,45,0,0,0.82,24.0,1,1,0,1,118.23871350876968,0.6417920500581525,0.6339003655017759
1,1,1,4,4,1,45,60,1,0,0.72,96.0,1,1,1,0,54.55475894017525,0.8663346302379158,0.6257264151767962
3,1,5,3,3,1,30,45,0,0,0.72,8.0,1,1,1,0,20.603498862801494,0.7206971649107523,0.6132868643647817
5,1,1,1,4,1,180,15,0,0,0.72,3.0,1,0,1,0,52.68929734288732,0.8878291324572218,0.282978158956586
1,2,5,2,7,0,90,30,0,0,0.86,2.0,1,1,0,0,88.46400377697368,0.6513545730257743,0.4233811824061783
1,4,3,4,5,1,150,60,1,0,0.82,72.0,1,1,1,1,83.67173771115179,0.5870993153937517,0.8546842063965385
5,4,5,5,4,0,180,0,0,1,0.86,2.0,1,1,1,0,56.767348659215116,0.5427500843515617,0.6498523932015342
4,3,2,2,2,0,180,30,0,0,0.86,1.5,0,1,0,1,80.40056664740874,0.8716732879339595,0.592583247609562
5,3,1,2,3,0,75,0,1,0,0.82,4.0,1,1,0,0,14.553039264709934,0.7615365421604793,0.3663944682252398
1,3,4,4,8,1,60,30,0,1,0.86,96.0,1,0,0,0,127.37135866814148,0.5784523197955006,0.11442257672640928
2,4,1,1,6,1,150,15,0,0,0.86,12.0,1,0,0,0,31.786152561540316,0.6660452319817167,0.04456760213564004
5,3,3,1,5,1,60,30,1,0,0.82,4.0,1,0,1,1,67.32341840780146,0.6252762759338241,0.5011129396231666
4,3,2,3,2,1,60,0,1,0,0.72,48.0,1,0,1,0,197.38167961293823,0.7146348473909544,0.3915633470912586
5,2,3,1,7,0,45,0,0,0,0.82,72.0,1,1,0,0,25.10329967903875,0.7715055353516292,0.37273014564474516
5,5,3,2,8,1,60,45,1,0,0.82,48.0,1,1,0,1,88.68810068842804,0.5748688947538868,0.6188845778261799
3,4,3,3,5,1,75,0,0,0,0.86,2.0,1,1,0,1,48.573535823792966,0.5893107839436449,0.5911306023398069
3,4,5,1,7,1,180,45,1,0,0.82,12.0,1,1,1,1,23.60923947493941,0.5214835009050995,0.819235647919936
5,3,3,3,4,1,30,30,1,0,0.86,12.0,0,1,1,0,121.86164606763211,0.7146764503702558,0.6812137458525036
4,5,4,4,6,0,120,0,1,0,0.82,48.0,1,1,1,0,155.92090530221566,0.6207686037813284,0.7104934679367841
2,4,1,4,0,1,30,30,0,0,0.72,3.0,0,0,1,0,35.14319177716141,0.7280590406518309,0.2824646616724794
1,4,5,4,6,0,60,10,0,0,0.86,48.0,0,1,1,1,43.71303278582869,0.4691328760622085,0.8363027205328646
4,3,5,3,4,0,150,20,0,0,0.72,12.0,1,1,0,0,21.07570733482676,0.6483094237506789,0.3786688118940037
5,5,3,4,8,1,150,0,0,0,0.82,72.0,1,1,0,0,128.51701097174987,0.5843008584757403,0.4547769472211981
4,3,2,1,7,1,75,0,0,1,0.72,48.0,1,0,0,1,182.29730174921673,0.7499682603659836,0.32903375627385895
3,4,4,5,1,1,90,30,0,0,0.86,1.5,1,0,0,0,27.4921209564843,0.6924674714438841,0.039855357636584314
1,2,1,4,4,1,60,10,0,0,0.72,8.0,0,1,0,0,82.96903838511335,0.6633632462067379,0.41887726502227063
1,5,2,5,6,1,150,30,0,0,0.86,8.0,1,1,0,1,62.15772983264013,0.6828904258587831,0.5936361567449786
2,3,2,4,3,1,150,15,0,0,0.86,72.0,1,0,1,0,30.657031811225977,0.8853644411977566,0.26846251032364105
4,3,2,2,1,0,75,15,1,0,0.82,96.0,1,1,1,1,20.693186190674535,0.8406974603003092,0.7949466352394281
2,4,4,2,8,1,30,30,0,0,0.72,96.0,1,1,0,1,46.19057369459376,0.5889273488673489,0.5895688013756815
2,1,2,5,2,1,30,15,1,0,0.86,96.0,0,1,1,1,104.20567380038995,0.5853087073699935,0.8684988396843605
4,5,4,4,7,1,60,15,0,0,0.72,72.0,0,1,1,1,102.30151682515526,0.5623250970958793,0.8688382544200586
2,2,4,5,7,1,150,45,0,0,0.72,72.0,0,0,0,1,53.745564018573845,0.602555919283841,0.2536514616625137
1,4,5,3,3,0,30,20,0,0,0.82,2.0,0,1,0,0,75.94626641499664,0.6640607543447448,0.4141465914725323
3,5,1,3,7,1,30,10,0,0,0.72,12.0,1,1,0,1,31.19471349148271,0.36159679670946554,0.5954846998913259
4,3,1,4,8,0,90,0,1,0,0.72,48.0,0,1,1,1,67.55527884597372,0.6534764720104462,0.8392934995232513
4,3,4,4,8,1,45,0,0,0,0.72,2.0,1,1,1,1,158.42601071173905,0.7174068142252201,0.8953988634787273
3,4,4,4,8,1,90,30,0,0,0.86,1.5,1,1,0,0,132.9825538024465,0.545011449778213,0.46050423438382276
1,4,4,3,5,1,30,15,0,0,0.82,96.0,1,1,0,1,42.588536241438696,0.657935809215869,0.5823368508491816
1,2,2,2,0,1,90,10,0,0,0.72,48.0,0,0,0,0,60.991485767635425,0.6964773626846719,0.061907575123829925
1,4,2,4,0,1,45,60,1,0,0.82,3.0,1,1,0,0,20.380106257225375,0.7148725969892682,0.3735456557155682
1,5,4,4,8,1,75,30,1,0,0.82,4.0,1,1,0,1,234.71949636971812,0.487545787177566,0.7223514591440492
4,4,3,1,2,1,75,30,1,0,0.82,72.0,1,1,1,1,9.088675453033412,0.7232919136188344,0.7954286830153706
5,3,1,4,5,1,120,45,0,1,0.72,4.0,0,1,0,0,148.1975865627444,0.6063193101368186,0.4663560393322523
5,3,4,5,5,1,150,30,0,0,0.82,72.0,1,1,1,0,81.03164212460624,0.6120251736183695,0.6611793325964517
2,1,1,3,3,0,150,15,0,0,0.86,4.0,1,0,0,0,41.67107816375566,0.8153310467225084,0.04070754550526152
2,5,1,1,3,0,120,10,1,0,0.86,8.0,1,1,0,1,47.75925688810784,0.5944648593210315,0.5902269644395997
2,1,1,5,3,0,75,20,0,1,0.82,1.5,1,1,1,1,9.416773796613828,0.8673422930149888,0.7855638886866934
3,5,5,1,6,0,90,30,0,0,0.86,72.0,1,1,0,0,37.266309304276916,0.6522911714228337,0.3891838242032529
2,2,4,2,1,1,45,0,0,0,0.86,12.0,1,0,0,0,62.01370986819272,0.8101719245945361,0.05463043852384429
1,5,1,4,2,1,45,0,0,0,0.86,48.0,0,1,1,0,123.0202655703997,0.7263460249986585,0.6811692886303605
3,2,3,2,5,1,90,10,1,0,0.72,4.0,1,0,1,1,33.349611187422155,0.7149907296210408,0.47218372305147527
2,3,1,2,7,1,45,30,0,0,0.86,24.0,1,1,0,1,63.21452427965839,0.5932746760835316,0.6006137888605917
2,3,5,4,4,0,90,45,0,0,0.86,2.0,1,1,0,0,62.69585378602441,0.6999465821932842,0.40280097510381974
5,3,1,4,4,1,180,15,1,1,0.82,72.0,1,1,0,1,84.70013295733516,0.7544355562583887,0.6036562663668029
1,4,4,2,3,1,30,15,0,0,0.82,72.0,1,0,0,0,113.72614387481431,0.7035599958297601,0.096568229541793
3,2,4,4,0,1,120,10,1,0,0.82,2.0,1,1,1,1,85.90104785836952,0.8211604469267783,0.8397861339540386
2,1,3,4,2,1,30,20,0,0,0.86,3.0,1,0,1,0,41.08255487897078,0.8499471877889477,0.2778920667740875
5,3,5,1,6,1,150,15,0,0,0.72,12.0,1,1,0,0,91.96266144208604,0.6466504952778536,0.42604290629194097
2,1,1,4,8,0,60,10,0,0,0.86,8.0,1,1,0,0,99.1607481508015,0.6080981923011813,0.43354029197278504
3,5,4,4,6,0,150,45,1,0,0.82,8.0,1,1,0,1,67.35640755469726,0.7952689056342803,0.5892354483087319
3,4,4,4,4,1,75,10,1,0,0.86,8.0,1,0,0,1,44.8569510734981,0.5039282232366374,0.2546296584224341
3,2,4,1,0,0,90,45,1,0,0.86,1.5,1,0,0,1,168.32676834923012,0.6242591641134906,0.32851970407820913
1,1,1,5,6,0,45,20,1,0,0.72,12.0,1,0,1,0,32.98251594865038,0.8005377687298998,0.27595070015467393
3,2,2,2,5,1,60,45,1,0,0.72,2.0,1,0,0,0,160.60248471653333,0.7494610251733562,0.12460605138222061
3,3,3,5,0,1,120,30,0,0,0.86,24.0,1,1,1,0,56.039444397625225,0.6963986218495346,0.6386117260689494
4,5,4,1,6,0,150,30,0,0,0.86,24.0,1,1,0,1,93.11800423883071,0.612383653576486,0.6192118137421998
5,3,4,2,3,0,30,10,0,0,0.82,2.0,1,1,0,1,67.41403319923366,0.7046750373084425,0.5956154361878983
2,2,4,3,4,0,150,45,0,1,0.82,24.0,1,0,0,0,86.93144027728309,0.6938991149479127,0.07938135547183484
4,4,2,5,8,0,60,10,0,1,0.72,8.0,1,1,0,0,98.82284090715856,0.531993567817708,0.4386423441908661
2,1,5,3,0,1,30,60,0,0,0.86,3.0,1,0,0,0,172.2125399347624,0.6706812181871131,0.13786067468341034
2,2,2,5,0,1,90,10,1,0,0.86,24.0,1,0,1,1,59.96939797651,0.7193189244280361,0.48962727394104416
1,5,2,2,1,1,180,45,0,0,0.82,8.0,1,0,0,1,115.90546979883595,0.7588506239736199,0.2841507695210706
1,5,1,5,8,0,180,30,1,1,0.86,8.0,0,1,0,1,64.09258540818826,0.7036161632900862,0.5934752588418195
4,3,1,1,8,0,75,30,0,0,0.82,12.0,1,1,0,1,43.63408794605517,0.5811989742185113,0.588405463768741
5,3,1,5,6,0,120,45,0,1,0.72,1.5,1,1,0,0,32.572378552144,0.7297366906867095,0.3806333506866931
1,4,2,2,0,1,75,30,1,1,0.82,2.0,0,1,1,1,123.37243340049696,0.6070668427034533,0.879753609944423
4,1,5,1,7,0,180,20,0,0,0.86,3.0,1,1,0,1,39.33048384287653,0.7597198224246428,0.5730399349921926
5,4,5,5,7,0,30,0,0,0,0.86,96.0,0,1,0,0,49.28750117206455,0.594996332559269,0.4012085908355609
5,3,4,3,0,1,120,15,0,1,0.72,72.0,1,0,0,0,240.0,0.7831995888821737,0.17517602877824784
2,5,2,5,5,1,60,10,0,0,0.86,72.0,1,1,0,0,77.4404451531369,0.6536113302106374,0.41587417032068
3,1,5,1,2,0,30,30,0,1,0.82,12.0,1,0,0,0,24.439088161676512,0.594411298239198,0.04468393456437382
3,5,4,5,7,1,90,0,0,0,0.86,3.0,1,1,1,1,102.62100722863596,0.6170243015220173,0.8652223037125495
3,1,2,4,0,1,120,10,1,0,0.82,12.0,1,1,0,0,60.67516071263964,0.6525127275113127,0.4047742162159679
2,4,2,4,3,0,120,10,0,1,0.82,12.0,1,1,1,0,39.14685093405526,0.6055953596472917,0.6337062254473932
1,4,2,5,2,0,150,45,0,0,0.72,1.5,1,1,0,0,90.54211851932524,0.6372834183199947,0.4257515730638172
2,3,2,5,7,0,45,15,0,0,0.86,12.0,1,1,0,1,160.0970278296369,0.6666883301954444,0.6600631687727435
3,3,1,2,2,1,60,0,0,0,0.82,72.0,1,1,1,1,59.880347764879595,0.8228052907310544,0.8223238614920794
4,1,3,4,6,1,45,15,0,0,0.72,12.0,1,0,1,1,28.03056009714423,0.7290103551904954,0.46765631520142814
5,5,1,1,3,0,90,0,0,0,0.86,8.0,0,0,0,1,78.18058144746676,0.6244344399466338,0.26840997683538015
5,1,1,5,5,1,30,15,0,0,0.86,96.0,1,1,1,0,17.3224484057119,0.912989210610593,0.5976390541943998
1,5,2,3,8,0,120,60,1,0,0.72,48.0,1,1,1,1,199.61405900433806,0.5781374552714088,0.9326064174672267
4,2,4,2,3,0,30,10,0,1,0.72,12.0,0,0,0,1,25.0919664857294,0.7776790235978579,0.2222904460053029
1,2,3,5,3,0,120,10,1,0,0.86,2.0,1,1,0,1,140.46766734140155,0.6902384584864129,0.6453284194668855
2,1,1,4,5,0,180,45,1,0,0.72,2.0,1,0,1,0,47.58578304002618,0.7193165681260955,0.29137169559119075
3,4,1,3,4,0,150,15,0,0,0.82,4.0,1,1,0,1,127.35481540801764,0.687114601985734,0.6368051881330103
2,2,3,2,6,1,180,0,0,1,0.86,3.0,1,1,1,1,79.51543659546735,0.6745520672768567,0.845791646354265
1,4,4,3,4,1,180,10,0,0,0.86,12.0,1,1,0,1,48.390486835122275,0.5296536260689051,0.5951845707319249
1,1,5,1,7,0,120,30,0,0,0.72,2.0,0,0,0,0,75.3928937476367,0.8150371936203463,0.0632093256116669
1,2,1,3,0,1,30,0,0,0,0.72,12.0,1,0,0,0,65.70298600757079,0.9215213032530982,0.049295499443996985
2,4,5,5,5,1,30,45,0,0,0.72,12.0,1,1,1,1,65.47958979291994,0.5673750769803415,0.8439368044733228
4,5,1,2,2,0,150,45,1,1,0.86,72.0,0,1,0,0,115.39309633887177,0.7611465304094249,0.43364847376392146
4,3,1,3,3,0,75,15,0,0,0.86,1.5,1,0,0,0,27.5248646023956,0.8182745538319215,0.031070690966695895
1,4,4,5,4,1,120,0,1,0,0.86,1.5,1,1,0,1,86.34632171745895,0.5716840683727105,0.6175463296922162
5,2,2,1,6,0,30,30,0,0,0.82,96.0,1,0,1,0,33.74132163966136,0.7764912661884712,0.2781398257932479
1,5,1,1,6,1,45,30,1,0,0.72,48.0,1,0,0,1,97.6167533356143,0.7366253057826775,0.2735140641522888
3,5,2,4,3,0,120,20,0,0,0.72,48.0,1,1,0,0,29.80955838136682,0.6528554081119029,0.384173160353078
3,5,3,2,2,1,180,0,0,1,0.82,8.0,0,1,1,1,58.311847285614604,0.6845402692717765,0.830956746008052
3,2,3,2,8,0,30,30,0,0,0.82,3.0,1,1,1,1,82.15544607024223,0.7076802130479345,0.845232682466806
2,1,5,2,5,1,60,60,0,0,0.72,2.0,1,0,0,1,55.702830006420086,0.7900814590056813,0.24182951787388235
2,2,3,5,2,1,150,0,0,0,0.86,2.0,0,1,1,1,52.27360428720792,0.6485247585471428,0.8294523364265053
2,1,2,5,8,1,150,15,0,0,0.86,12.0,1,1,1,1,168.97358697138156,0.5858149157693926,0.9116420138770636
3,4,5,4,7,0,30,45,0,0,0.82,96.0,1,1,1,0,16.278752951796168,0.6549147622131416,0.6150084686129443
3,1,2,3,2,0,90,45,0,0,0.82,96.0,1,0,0,0,7.953808178119733,0.940271798514565,0.009483512889393607
4,3,5,5,0,1,60,30,1,1,0.86,4.0,1,1,1,1,44.66277719986413,0.7247860940733282,0.8190401582147764
2,1,5,2,3,1,150,20,0,0,0.86,8.0,1,1,0,0,29.631650926496796,0.6521591655783977,0.38410329236051005
5,1,2,1,1,1,180,15,0,0,0.82,72.0,1,0,0,0,99.82369764188007,0.9520331361177106,0.06990681223301363
3,4,4,5,4,1,120,0,1,0,0.82,12.0,1,1,1,1,76.62255527306758,0.73929748568112,0.8393308795176999
2,2,2,4,0,0,150,0,0,1,0.72,4.0,1,0,1,0,52.33685077920444,0.7811232477097819,0.2902126065131182
3,4,1,4,0,1,150,10,0,0,0.86,3.0,1,1,1,0,48.92990723682885,0.7425888926111808,0.6306387156751033
3,2,2,1,8,0,30,30,0,0,0.86,72.0,1,1,0,1,31.95010405122148,0.659213294598563,0.5751551387455816
4,4,4,1,0,1,150,15,0,0,0.72,72.0,1,0,0,1,34.906919869937774,0.7592146946380552,0.23012625128862801
4,4,1,1,1,1,75,30,0,1,0.86,3.0,0,0,0,0,69.49536122099067,0.8906818798537068,0.05398250922423431
2,4,2,5,6,1,120,60,0,0,0.72,8.0,0,1,0,0,70.64927356676448,0.6664719773798907,0.410446477294584
5,3,5,1,2,0,120,60,0,1,0.72,96.0,1,1,1,0,67.79926941666332,0.665426189333374,0.6486196796911061
5,1,1,4,2,1,60,30,1,0,0.82,72.0,1,1,0,0,99.91335585095095,0.6502513032578706,0.43109131267258305
5,3,3,4,2,0,120,0,0,1,0.82,96.0,0,1,1,1,85.52961371588945,0.5747096103986414,0.8567900697493547
1,1,2,3,4,0,120,20,0,0,0.72,4.0,1,0,0,0,168.422543348344,0.6990621638814828,0.13334734409385887
4,5,2,2,3,0,60,20,0,0,0.72,96.0,1,1,1,0,115.1233345418256,0.7962253834879043,0.6710131128503972
3,4,2,3,8,1,75,0,0,0,0.72,72.0,1,1,0,0,216.73709692246007,0.560452824453922,0.5152597002365322
2,3,1,1,1,0,150,0,0,0,0.72,2.0,1,0,0,1,10.126514959557408,0.8135912662921521,0.20979962133258762
4,2,5,1,8,1,45,15,0,0,0.72,72.0,1,1,0,0,43.007732847181124,0.7743028116357353,0.3844706250836193
1,1,1,5,8,0,150,10,0,1,0.86,12.0,0,1,0,0,57.28932003336915,0.8117271152149282,0.39137198195720113
1,1,1,4,6,1,120,30,0,1,0.72,96.0,1,1,1,0,78.76665419441824,0.8223663746944722,0.6449454565676658
3,1,3,4,2,1,90,45,1,0,0.82,48.0,1,1,0,0,25.632343436983195,0.6004946010277926,0.38505360688604334
4,3,4,1,6,1,45,15,0,0,0.82,48.0,1,1,0,0,160.89585916455667,0.7614478997102754,0.4639625531299852
2,3,5,3,4,0,30,45,0,0,0.72,2.0,1,1,0,1,74.32564794154737,0.713358027530235,0.5996153700339152
4,5,1,2,0,1,45,10,0,1,0.72,2.0,1,0,1,1,98.14135625307495,0.7130344799150169,0.5155151572413321
3,3,3,5,5,1,180,30,0,1,0.72,3.0,0,1,0,0,143.1319018611194,0.700877773634239,0.45635982375301626
4,2,1,2,6,1,120,20,1,0,0.72,2.0,1,0,1,1,50.861820407387626,0.770244079710094,0.47999079469188516
5,2,1,4,8,0,150,10,0,1,0.82,8.0,1,1,1,0,54.876535707473586,0.6437813483492264,0.64151966275387
3,1,3,2,3,1,150,30,0,0,0.86,96.0,1,0,0,0,85.2302468476436,0.9003188093026101,0.06379784791391303
4,2,4,2,7,1,45,60,0,1,0.86,12.0,1,1,0,0,8.065247842092663,0.7511291743313157,0.36279778969153637
3,1,4,3,0,1,60,0,1,0,0.82,72.0,1,0,0,0,15.534109161898968,0.7872285767950742,0.02525007239894412
2,3,3,2,1,1,150,45,1,0,0.72,12.0,1,0,0,1,95.16733262438363,0.7971860595133303,0.26764186425032266
2,5,2,4,5,1,30,60,1,1,0.86,24.0,1,1,0,0,40.26437200855503,0.5431791870529633,0.3988203715786626
2,2,4,5,4,1,75,60,0,0,0.82,1.5,1,1,0,1,30.955850260564056,0.5308588820211102,0.583477111765565
3,4,4,2,1,0,75,15,0,0,0.82,2.0,1,1,0,0,41.63902786518567,0.6195418252470735,0.3943914241428287
1,1,3,1,5,1,45,15,0,0,0.82,8.0,1,0,0,1,58.822863289561994,0.7388546923317432,0.2474954137298193
4,4,2,4,4,0,150,20,0,0,0.82,48.0,1,1,1,1,71.34967192262641,0.6088253433481225,0.844948673914049
3,1,5,4,5,1,45,45,0,0,0.86,3.0,1,1,1,0,95.145785268292,0.6875303429069028,0.6653033995087115
4,5,5,5,8,0,120,45,1,0,0.86,1.5,1,1,0,0,67.96153288565975,0.4626927013447187,0.4229191994963095
1,4,5,4,0,0,75,15,0,1,0.86,1.5,1,1,0,0,47.86086349571369,0.6436629794014239,0.3968508337723762
5,1,4,4,2,1,150,15,1,0,0.86,3.0,1,1,0,0,121.25719981184201,0.7161464758112547,0.4407078799011069
5,4,1,4,5,1,150,60,1,0,0.82,8.0,1,1,1,0,65.37785591972796,0.5105375651528888,0.6578476077191165
5,5,2,1,4,0,60,0,0,0,0.72,3.0,1,1,0,1,68.80354586252719,0.6938822642302581,0.5972972720789
1,3,4,4,6,0,45,10,0,0,0.72,12.0,1,1,1,0,53.19508744115016,0.6098389074766597,0.6427746681040672
5,3,1,5,3,1,30,45,0,0,0.72,1.5,1,0,1,0,111.98855606627754,0.7120670828873273,0.3348143415754054
1,5,2,3,7,0,60,0,1,0,0.86,12.0,1,1,0,1,72.59516308601906,0.6234024106219813,0.6047586066471407
5,1,1,4,0,1,30,20,0,1,0.86,2.0,1,0,1,0,69.69845386003759,0.8444129590115286,0.2973567287758847
1,2,1,2,8,1,30,45,1,1,0.82,12.0,1,0,0,0,79.6961263009801,0.5187880500688229,0.08681558736250247
4,2,1,3,4,0,90,20,1,0,0.82,12.0,1,1,1,1,38.88762840776616,0.7998375123653589,0.8099364597396024
1,4,5,5,4,1,150,0,1,0,0.86,96.0,1,1,1,0,22.53016307304101,0.6396989935363508,0.6202411791678162
3,4,1,3,5,0,45,0,0,1,0.86,2.0,1,1,1,0,12.981532422926698,0.7410378163512806,0.6067817078040282
4,4,3,3,2,0,75,30,0,0,0.86,48.0,1,1,0,0,84.44915724779835,0.5431500048477199,0.4282789378258585
2,1,2,2,1,1,75,15,0,1,0.72,96.0,1,0,0,0,50.804837496459015,0.7517951178917025,0.05124423341188684
4,3,1,1,8,0,120,15,0,0,0.82,96.0,0,0,0,0,13.866024155874207,0.7704174031466142,0.025314797883653144
2,2,4,1,4,0,120,10,0,0,0.86,3.0,1,0,0,0,74.27793610125894,0.8434453082495033,0.06047745249004074
4,2,3,4,4,1,60,30,0,0,0.86,3.0,1,1,1,0,50.80016553727847,0.47535968178872606,0.6505915992996416
3,4,4,1,1,1,45,15,0,0,0.72,96.0,1,1,0,0,41.33262039075544,0.48856079726360635,0.4033558244520512
1,1,4,5,5,1,60,15,0,0,0.72,2.0,1,1,0,1,143.90369903009545,0.5823257594093777,0.6551729961947406
4,4,5,1,8,1,60,10,0,0,0.72,8.0,1,1,1,1,50.76374515231785,0.7208717497515299,0.8233814742856048
1,1,4,1,8,0,150,60,0,0,0.86,2.0,0,1,0,1,34.49945718152266,0.6707799861015794,0.5760450390939046
3,1,3,2,4,1,30,10,0,1,0.72,1.5,1,1,0,0,88.05902569083005,0.627632555931796,0.4247717382119944
2,5,1,1,4,1,60,30,1,0,0.72,48.0,1,1,0,0,240.0,0.7067835940652961,0.5205251484154293
1,2,2,4,5,1,30,60,0,0,0.86,12.0,1,1,0,0,71.63399791255048,0.7937578658218829,0.4021929480008352
5,1,1,1,1,0,60,15,0,0,0.82,24.0,1,0,1,1,8.765853055726716,0.7621905553939748,0.45249056315957287
2,4,1,2,1,1,180,60,0,0,0.82,4.0,1,0,0,0,90.69168202772732,0.7154768930606329,0.08037773883757392
1,3,4,1,2,1,180,30,1,0,0.86,8.0,1,1,0,0,21.63154642013059,0.7300451809345533,0.373317868281335
5,1,3,1,8,0,120,15,0,0,0.86,1.5,1,1,0,0,41.23486446829803,0.7394070611201035,0.3857314153671248
2,1,1,3,3,0,90,20,1,0,0.72,2.0,1,1,1,0,65.97455101785995,0.7067819161385982,0.6445082998822048
3,3,1,1,6,1,30,45,1,0,0.86,8.0,1,0,0,0,60.30092596227922,0.7583847520046865,0.05711368466785809
2,1,2,4,1,0,120,60,0,0,0.86,2.0,1,0,0,0,75.37414641704248,0.7016545912544546,0.07113360955688317
2,1,2,1,2,1,45,20,0,0,0.86,2.0,1,0,0,1,58.67217580098356,0.8426947823086115,0.24012614910571956
4,2,4,4,3,0,30,10,0,0,0.82,48.0,1,1,1,0,43.00522893014365,0.64159710362951,0.6337583553660301
4,1,2,4,6,0,60,0,0,1,0.72,4.0,1,0,0,0,45.91984491096451,0.6772360773243122,0.05320670452794115
5,1,4,1,6,0,120,0,1,0,0.86,3.0,1,1,1,0,133.02465114903157,0.6689157093284352,0.6918590011130307
5,3,4,1,3,1,60,30,0,0,0.72,72.0,1,1,0,1,25.906055503104007,0.8524689782356908,0.5575978751922376
2,1,2,5,3,0,30,45,0,0,0.82,24.0,0,0,1,0,82.153603234167,0.5742891986751555,0.3245688249155171
5,5,5,3,4,1,150,0,0,0,0.86,1.5,1,1,0,0,70.69721112697135,0.5006842036005859,0.4220835798326066
5,1,3,3,0,0,150,15,0,0,0.86,3.0,1,0,0,0,11.34707430738403,0.7482981133397947,0.02518384827113706
2,2,2,3,0,0,180,10,1,1,0.86,48.0,1,1,0,1,43.48760154362183,0.6750635821254058,0.5817372836136362
4,2,3,3,7,0,180,30,1,0,0.82,2.0,1,1,1,1,57.162821702686216,0.6371691845490339,0.8335067048833585
5,5,5,4,3,0,75,60,1,1,0.82,4.0,1,1,1,0,36.958745141291985,0.5898008742288585,0.633353102231508
1,4,4,4,0,0,150,45,0,1,0.82,8.0,0,0,1,1,97.64845429286231,0.7645944681288125,0.511577356759558
3,5,1,3,8,0,180,10,1,0,0.72,3.0,1,1,1,0,95.6725136559165,0.6897180788456754,0.6655014102514138
5,3,4,2,2,0,90,30,0,0,0.82,1.5,1,1,0,0,84.45036276438151,0.6060523241195814,0.4238765791545503
5,5,5,2,1,0,180,30,0,0,0.82,8.0,1,1,1,0,59.002815970416805,0.49581291994003984,0.6546283062511419
5,1,3,5,6,1,180,60,1,0,0.82,96.0,1,0,0,0,101.07593193790403,0.8300005961050303,0.07928391289791724
5,3,3,4,6,1,60,0,0,1,0.82,2.0,1,1,0,1,54.17224009604179,0.6876756580516706,0.5879775306670776
5,2,3,1,1,0,150,60,1,1,0.72,96.0,1,0,0,0,54.16703107559652,0.7558553420787735,0.053201480104883535
4,3,5,2,2,0,60,10,1,0,0.72,72.0,1,0,1,1,90.92351045714382,0.6751650180535157,0.5133541223743497
1,3,2,3,5,0,45,10,0,1,0.86,72.0,1,0,0,1,56.35385641832886,0.6298414777160671,0.25348033417209453
5,2,4,3,8,1,90,45,1,0,0.72,4.0,0,1,0,1,134.3672816574302,0.5118709184326476,0.6537472234813348
3,1,1,4,7,1,180,30,1,0,0.72,8.0,0,0,0,1,42.887899987525266,0.6539559792078166,0.24281501478046968
2,3,4,2,8,0,150,60,0,0,0.82,3.0,1,1,0,1,61.95817156649301,0.5120937935033,0.6054588821657644
1,5,1,3,4,0,75,15,0,0,0.86,72.0,1,1,0,1,39.9902640076985,0.7014545085003752,0.5775583604101061
1,1,2,3,0,1,180,20,1,0,0.82,4.0,1,1,1,0,38.830113322669064,0.8172970674595584,0.6186759474929436
5,5,1,2,5,1,90,30,1,0,0.82,4.0,1,1,0,1,87.6949734418699,0.7886126443464058,0.603260430523665
3,3,2,2,0,1,90,30,0,0,0.82,4.0,1,1,0,1,95.23817281691177,0.8670687129078124,0.6027973053077277
2,1,1,3,7,0,75,15,1,0,0.86,72.0,1,0,0,0,40.89531686390028,0.6650396152832002,0.0507107715061095
3,3,2,2,4,1,30,0,0,0,0.72,48.0,1,1,0,0,61.764646183443645,0.7761032057590689,0.39684920638582766
2,4,3,2,5,0,30,60,0,0,0.86,3.0,1,1,0,1,51.346604361701736,0.6813732542525264,0.586534941776791
4,3,4,5,7,1,150,0,0,1,0.86,24.0,1,1,1,0,54.02751651246034,0.5047248868359249,0.6506876022631255
4,3,2,4,4,1,60,30,0,0,0.72,24.0,1,1,0,0,64.00469599983128,0.6040211260604754,0.4103883185089876
1,1,3,2,8,1,180,20,1,0,0.82,4.0,1,1,0,1,63.824431785390466,0.775622660005802,0.5882560349898541
2,1,3,1,4,1,45,30,0,0,0.72,24.0,1,1,0,0,14.071237568046335,0.7568290575824412,0.3664027910145934
1,2,2,3,1,1,30,0,0,0,0.72,1.5,1,1,1,1,64.37560022310213,0.7270125627575452,0.8320261874223732
4,3,4,3,7,1,30,0,1,0,0.72,8.0,0,1,1,0,77.54140093044529,0.6138132258790899,0.6587273414754273
1,4,4,4,4,1,90,60,0,0,0.82,24.0,1,0,0,1,58.079953724120784,0.5426975707971572,0.26073113919361285
3,1,2,1,3,1,150,10,0,1,0.86,48.0,1,0,1,0,43.56097925184592,0.8512248028168016,0.27945491663738786
2,3,3,5,8,1,30,0,1,0,0.86,3.0,1,1,0,0,73.66078204068909,0.4252649436126048,0.42933864197424376
5,1,4,5,2,1,75,60,1,0,0.82,48.0,0,0,1,1,39.422924346167115,0.6195040877589586,0.48291666342098427
5,3,3,2,7,1,150,0,0,1,0.72,3.0,1,1,0,0,111.51723998395025,0.6294494451728346,0.44028336549386843
2,2,3,1,0,1,180,0,0,0,0.72,12.0,1,1,0,0,45.313361431171,0.691317507789781,0.391816682075496
4,2,3,1,1,0,75,15,0,1,0.72,24.0,1,1,1,0,33.54102301829187,0.8872191521986876,0.6102553413582865
3,3,5,3,3,0,60,0,0,0,0.72,1.5,0,1,1,0,38.05017111931436,0.6015169748109583,0.6332605925094426
1,3,3,5,2,0,150,30,0,0,0.82,4.0,1,1,1,0,115.58481170036106,0.7554647110963074,0.6741740113568326
2,5,4,4,4,1,30,15,1,1,0.82,3.0,1,1,1,1,61.036300510567905,0.6097330783541385,0.8380095515222556
1,4,2,4,8,0,45,60,1,0,0.72,2.0,1,1,0,0,84.63431183758404,0.5397432698145986,0.42864084567136745
4,1,4,1,4,1,30,45,0,0,0.72,4.0,1,1,0,1,19.328399387223676,0.665192639962664,0.566322114794096
5,3,4,1,1,0,120,30,0,0,0.82,12.0,1,0,1,1,14.760099480012489,0.8075456848881261,0.4533118683778395
3,5,4,3,6,1,45,10,0,0,0.72,8.0,1,1,0,1,97.79786482393237,0.5696441913813955,0.6253234831525907
4,3,4,1,2,0,180,20,0,0,0.72,4.0,1,1,1,1,103.57756526452079,0.8654650778330729,0.8484691547280321
1,5,3,2,1,1,45,45,1,1,0.72,8.0,1,0,0,0,111.8887061786942,0.6644855252630508,0.09807848401738258
3,2,5,4,8,0,120,60,0,0,0.72,3.0,1,1,1,0,60.02665291622196,0.5881638730543151,0.6488462974970126
5,3,4,5,0,1,120,60,0,1,0.82,2.0,1,1,1,0,43.856067139909314,0.6085406528727998,0.636639532392177
2,5,1,5,1,1,90,0,1,1,0.82,4.0,1,0,0,0,104.86684287004468,0.6674303939007423,0.09319110100697783
3,5,1,5,6,1,75,20,0,0,0.72,24.0,1,1,1,1,82.47150116286375,0.571894215925326,0.8549484056604697
4,3,2,2,4,1,30,10,1,1,0.82,72.0,1,1,1,0,98.6333406160131,0.6162767516968108,0.6726161877918987
5,5,4,2,5,1,180,30,0,0,0.72,1.5,1,1,1,1,104.91858881870894,0.5619251425050524,0.8706109659037856
4,1,5,4,3,1,90,10,1,0,0.72,2.0,0,1,1,1,89.78177368784779,0.6949067017924686,0.8512110466664257
1,1,5,5,6,1,180,30,0,1,0.72,8.0,1,1,1,0,11.808981476897422,0.46998332816644695,0.6249738213462804
1,4,3,4,0,1,30,10,0,0,0.86,8.0,1,1,0,0,27.18860176923082,0.6707668930788668,0.3811720519972999
1,1,2,1,6,0,30,0,0,0,0.82,1.5,1,0,1,0,51.03402636399408,0.7879931547926528,0.28886316340717705
4,1,4,2,8,0,30,0,1,1,0.86,4.0,1,1,1,1,63.82823067813009,0.6924273873108521,0.8340822366736604
5,1,2,3,3,0,60,15,0,0,0.72,1.5,1,1,0,0,133.9093474092208,0.9001833955365294,0.43626006058525685
3,1,5,5,2,1,60,30,1,0,0.86,8.0,1,1,0,0,148.26890592529514,0.7097786597080781,0.4591614311039646
4,5,4,2,1,0,120,60,0,0,0.82,3.0,1,1,0,1,32.27683931594396,0.5577445300936242,0.5824757757707423
3,2,3,4,7,0,45,30,0,0,0.82,72.0,0,1,0,1,120.71281156494719,0.6274059014663063,0.6365567946073234
3,2,5,5,4,0,150,60,1,0,0.72,12.0,1,1,0,1,140.39401454809519,0.5454465362843505,0.6554147521588256
5,3,2,4,7,0,180,10,0,0,0.82,1.5,1,1,1,1,78.91975698576928,0.5064140682169392,0.8571641865486606
5,2,1,3,3,0,180,15,0,0,0.86,24.0,1,1,0,1,203.40620373972382,0.6279430148278492,0.6916481247885331
5,5,2,2,7,0,45,10,0,0,0.82,8.0,1,1,0,1,54.71479429896536,0.6573781066785103,0.5904600620651479
5,4,2,2,5,1,90,60,0,0,0.86,1.5,0,1,0,0,38.52792392242062,0.5452943777380737,0.39751467617328196
4,5,1,1,5,1,30,20,0,0,0.82,4.0,1,0,0,0,93.98314542918571,0.6553906693141718,0.08677808343413179
3,1,3,1,5,1,120,20,1,0,0.82,12.0,1,1,0,1,29.68484988248821,0.7322091290921553,0.568535260885208
2,2,4,4,7,0,180,60,0,0,0.86,24.0,0,0,0,0,59.12940721254645,0.7432856894538785,0.0573896065465928
4,5,5,3,8,0,75,0,0,0,0.82,3.0,1,1,1,1,95.52558707848122,0.497583806635441,0.8688528582545066
4,4,4,3,1,0,75,20,0,0,0.86,4.0,0,1,0,1,153.33962875028124,0.6579043309999175,0.65617311599686
3,5,2,2,1,1,90,60,0,0,0.86,1.5,1,1,0,0,77.59442114359763,0.45447598964282665,0.4299162948207339
5,1,2,5,8,0,45,0,0,0,0.86,72.0,1,1,0,1,25.401368787722426,0.8010280908954786,0.5608622794957981
4,1,3,1,8,1,90,45,0,0,0.86,24.0,0,0,0,1,139.17047309949842,0.8052900641194425,0.29641001091130464
4,1,4,3,5,1,150,15,0,0,0.82,1.5,1,0,1,0,23.349493328871404,0.7517822823171227,0.27294156912371564
2,3,3,5,2,0,150,10,0,0,0.86,72.0,1,1,0,0,99.68749774735383,0.8437255994221485,0.4173975398720189
2,4,5,5,0,1,120,45,1,0,0.72,72.0,1,1,0,0,158.3927501548935,0.6272673102977063,0.4716864550490896
4,4,5,3,0,1,30,60,0,1,0.82,96.0,1,1,1,0,52.309382076541276,0.7087216198844513,0.6352624079924493
3,1,4,1,2,1,90,20,0,1,0.72,72.0,1,0,0,0,49.42375385025649,0.6576611131798551,0.05691289131091447
5,2,4,1,5,1,75,30,0,0,0.82,96.0,1,1,0,0,108.49551776442112,0.7178350139693347,0.43208189419842735
5,2,1,5,3,1,180,15,1,0,0.72,1.5,1,1,1,0,114.04088689500065,0.7665419875335244,0.6723693188026538
4,5,2,2,4,1,90,0,1,0,0.86,48.0,1,0,0,1,34.12145946153126,0.678524812119117,0.23525090279268265
4,5,3,2,7,0,90,10,1,0,0.72,3.0,1,1,0,0,62.41098169370301,0.621528195601599,0.40810034743702345
5,5,5,5,4,1,90,45,1,0,0.86,12.0,1,1,0,1,86.10656818954433,0.6822564854555054,0.6096464248111442
3,1,1,1,2,0,150,60,0,1,0.82,3.0,1,0,1,0,30.841927264501884,0.9178741440719085,0.26631009475796763
2,2,5,5,8,1,180,10,0,1,0.72,48.0,1,1,0,0,47.6240566911164,0.5613411820419562,0.40245548838447404
3,3,5,1,1,0,30,0,0,1,0.86,96.0,0,1,0,1,59.266867149793185,0.9193213251567728,0.5751587520055547
4,2,5,2,8,1,90,10,0,0,0.86,3.0,1,1,1,1,204.01710566598774,0.6344762663227167,0.9315980651347351
4,1,2,4,2,1,60,60,1,1,0.86,72.0,1,1,0,1,96.36009836457418,0.9633121315405483,0.5968082163685445
2,4,4,1,1,0,150,60,0,0,0.82,8.0,1,1,0,1,93.67234374472065,0.6326662559765142,0.6181615912447911
2,5,3,2,5,0,30,60,0,1,0.82,96.0,1,1,0,0,69.38890109769542,0.6251376264803249,0.41249963354484087
1,2,1,3,2,0,60,20,0,1,0.86,3.0,1,0,1,0,50.062709885047774,0.9105982875255315,0.27963325979657794
3,2,2,3,6,0,90,15,0,0,0.72,1.5,1,0,1,0,69.37488548226759,0.7334679228579545,0.3049071690547882
4,5,1,5,8,1,45,30,0,0,0.86,8.0,0,1,1,1,69.75616670354847,0.5133002890795163,0.8505730909001329
4,3,2,4,3,0,180,15,0,0,0.86,1.5,1,1,1,1,114.8270409975845,0.6090880053317691,0.8739152002918325
4,2,3,3,8,1,30,10,0,0,0.82,24.0,1,1,1,1,134.60358440762917,0.5595382884272891,0.8905680427485092
5,4,1,5,1,0,30,30,0,1,0.86,48.0,1,1,1,0,104.7866412572987,0.6650903752902482,0.6733014345678818
1,4,1,3,8,1,30,10,0,0,0.86,12.0,1,1,0,0,62.252065242487895,0.5666640631559409,0.41183489240740945
5,3,4,4,2,1,90,0,0,0,0.86,48.0,1,1,1,0,128.1394232140289,0.7576099649642066,0.6823935845951916
5,4,2,5,8,1,75,20,0,0,0.72,2.0,1,1,1,1,215.8504802646279,0.4956519654552393,0.9492046825945519
3,3,5,4,6,0,75,45,0,0,0.82,1.5,1,1,0,1,35.43287368515613,0.5914072359013429,0.5822234092770101
3,2,4,4,0,0,120,60,0,0,0.72,24.0,1,1,0,1,61.30482100857087,0.5895552684639418,0.5996010118799048
2,4,3,5,0,1,30,60,1,1,0.82,72.0,1,1,0,0,56.526868959549454,0.6851884410096426,0.3997213884356914
2,1,4,1,4,0,75,15,1,0,0.72,3.0,1,0,0,1,78.1032614515281,0.6845264101364599,0.2641519922581332
2,1,2,4,8,0,180,30,0,0,0.86,4.0,1,0,1,1,19.64939634450957,0.7298404396824663,0.46201076678523373
1,4,1,4,1,0,60,45,0,0,0.86,48.0,1,1,0,1,172.7560976328798,0.6500359852064336,0.6696682127908028
4,5,3,3,7,0,75,60,0,0,0.86,24.0,1,1,1,1,174.18996254004443,0.5906623797330278,0.9147802751120511
4,1,5,4,6,0,150,20,1,0,0.82,48.0,1,1,0,0,56.706401074113316,0.6993266275624899,0.39885140345336795
1,3,1,3,6,0,180,60,0,0,0.72,2.0,0,0,0,1,80.81928893645203,0.6323025279268455,0.2696183490027555
5,3,4,5,1,0,150,45,0,0,0.86,1.5,1,1,1,1,74.2918547591658,0.7573278328826585,0.8365149548709911
4,2,1,2,3,1,30,15,1,1,0.82,2.0,1,1,0,0,29.032356724140193,0.8205586139853034,0.3719158015037889
3,1,5,4,1,0,90,15,0,1,0.72,3.0,1,0,0,1,88.4518206464416,0.8002930778042041,0.2629473649846668
2,1,4,4,6,0,75,10,0,1,0.72,96.0,1,1,0,0,32.10825182636502,0.7901930412346476,0.3760919883311514
3,2,5,2,3,0,45,20,1,1,0.86,48.0,1,1,1,0,54.12250192821651,0.7141298514168491,0.636092578352965
5,4,4,4,5,0,60,15,0,1,0.86,3.0,1,1,1,0,91.23710353377054,0.5119313744245109,0.6749895394794646
5,1,5,5,4,0,150,20,0,0,0.72,2.0,0,1,0,1,34.60168233831838,0.7644526631288873,0.5695561018065235
5,1,1,1,8,0,120,0,1,0,0.82,96.0,1,0,1,0,39.93127057422742,0.8031803554429494,0.2803982221684785
5,3,1,4,6,0,60,15,0,1,0.72,8.0,1,1,0,0,80.93334564205097,0.5904082892174647,0.4226269835161448
5,1,5,2,5,1,60,60,0,0,0.72,24.0,0,1,0,0,36.444223359103226,0.6156237975492898,0.39120248307761857
4,1,4,2,8,0,45,10,0,0,0.72,8.0,1,1,1,0,118.53109723552038,0.7044062497498567,0.679712294007857
1,1,1,3,0,1,45,20,0,0,0.86,96.0,1,0,0,0,20.008842985091317,0.9028983440945342,0.020136344570110154
4,1,2,5,6,1,60,0,0,0,0.82,96.0,1,1,0,0,58.30052111828805,0.7963215351814165,0.39312450661615955
2,4,3,1,8,0,180,45,1,0,0.86,96.0,1,1,1,0,26.803117193794797,0.6007934686037064,0.6258132019936038
4,2,5,4,2,1,90,15,0,0,0.86,96.0,1,1,0,0,64.38067604651775,0.5555008143033843,0.41403539369644166
5,1,4,4,6,1,150,45,0,0,0.86,4.0,1,1,0,0,25.93119484128209,0.563638319549779,0.3878327808590369
2,2,2,5,7,1,120,45,0,1,0.86,48.0,1,1,1,0,30.564499949565494,0.8051941416710029,0.6140127433827403
3,4,5,4,7,0,180,10,0,1,0.82,8.0,1,1,0,1,39.39686113677264,0.4965149072301635,0.5915085305850704
2,4,1,3,4,0,30,15,1,0,0.72,2.0,1,1,1,1,104.01746708782879,0.563856512852044,0.8698750221589095
5,3,2,4,1,1,150,60,0,0,0.86,72.0,1,1,0,0,24.55621414635727,0.7463886710473372,0.3741236024575913
2,2,5,1,6,1,180,15,0,0,0.86,3.0,1,0,0,0,35.769862378291634,0.545204469808668,0.055682262032254334
2,1,2,3,7,1,150,60,0,0,0.86,4.0,1,1,1,0,39.20769258967265,0.6123527891714965,0.6332737664844437
4,5,1,4,6,0,180,10,1,1,0.86,24.0,1,1,0,0,58.9215733491958,0.6330829656822689,0.4049652413017051
4,3,5,5,3,1,180,15,0,1,0.86,2.0,1,0,0,1,39.264426824105826,0.5472912164774161,0.24786589939598475
1,3,3,1,6,0,120,30,1,0,0.82,12.0,1,1,0,0,63.710566217383686,0.5695410389084992,0.4126058380879942
5,4,2,3,6,0,180,20,0,0,0.86,8.0,1,1,1,0,33.54870659118899,0.5524549057602992,0.633693960990905
2,5,1,3,7,1,120,45,0,0,0.86,96.0,1,1,1,0,49.793730733888616,0.6074524060953909,0.6406741520625818
2,3,3,2,6,1,120,45,0,0,0.82,72.0,1,1,0,1,50.79563352643525,0.7102571622409567,0.5841457543274232
1,2,3,3,0,0,150,45,0,1,0.72,48.0,1,0,0,0,25.566303794415134,0.7290742067881908,0.036009008054436735
5,3,1,1,7,1,75,20,0,0,0.72,3.0,1,1,0,0,59.072862366929826,0.8196103892219513,0.39200918099908333
1,2,5,4,8,1,150,0,0,0,0.72,8.0,1,0,0,1,178.74572200407542,0.5599073614177557,0.33997029937014067
1,5,3,5,8,1,150,10,1,1,0.72,96.0,1,1,1,1,48.12433913514322,0.7316609202638541,0.8208666283382924
1,5,5,1,5,1,75,20,1,0,0.82,48.0,1,1,0,1,104.4078502208375,0.489094798244653,0.6353685976034327
3,2,3,2,2,1,180,0,0,0,0.72,2.0,1,0,1,1,32.2741660723635,0.7782880809487139,0.467035945048499
5,3,3,3,0,1,45,15,0,0,0.86,4.0,1,1,0,0,91.44605465102627,0.7204753416188647,0.42053076252069704
2,4,4,4,5,0,180,45,0,0,0.86,12.0,0,1,0,1,63.15787488368336,0.44983697395872846,0.6106166617453446
3,5,4,4,3,0,45,10,0,0,0.86,2.0,1,1,0,0,147.33589516549782,0.5002142832103196,0.4732089302856095
2,1,2,5,5,1,90,45,0,0,0.86,72.0,1,1,1,1,23.01409323308511,0.752849751460324,0.8026432462198341
1,3,3,5,1,1,75,45,0,0,0.72,24.0,1,1,0,0,58.58764842005593,0.6081865945773122,0.4064853706596255
5,2,1,4,4,0,45,45,1,0,0.86,8.0,1,1,1,0,60.354504104629356,0.7854190204376358,0.6352570046391184
1,5,1,5,5,1,120,15,0,0,0.72,24.0,0,1,1,1,102.5332881359746,0.7233802591277146,0.8577189072850431
4,1,2,2,2,0,90,30,1,0,0.82,12.0,1,0,0,0,65.8649266239855,0.9305625253161708,0.04877057431052504
2,4,4,2,2,1,60,20,0,0,0.72,2.0,1,0,0,0,29.25266119657153,0.7337209074935515,0.038141310606499085
3,2,2,2,0,1,60,20,0,0,0.86,8.0,1,0,0,1,65.92763064591878,0.8176565956642813,0.24671579206744618
5,3,4,1,4,0,60,45,0,0,0.86,2.0,1,1,1,1,28.601961160675188,0.6675486659104217,0.8123395674933873
3,3,2,1,1,1,60,0,0,0,0.72,4.0,1,0,0,0,101.25159284731546,0.7448328074767632,0.08536276537483689
1,3,5,5,1,0,60,60,0,0,0.82,48.0,0,1,0,0,81.6045157217356,0.6568433360655351,0.41842397695656963
5,3,4,3,6,0,30,60,0,1,0.82,12.0,0,1,0,0,99.25441940812196,0.7682279698510501,0.4223936550491745
4,5,3,3,1,1,60,30,0,0,0.82,4.0,1,0,1,1,77.79277805270355,0.6787016362491728,0.5043527374976936
2,4,3,4,3,1,150,60,0,0,0.72,24.0,1,0,0,1,94.13451244106824,0.7456439629842018,0.2705612642184847
3,5,3,4,1,1,180,20,1,0,0.82,3.0,1,1,0,1,102.10049259719447,0.7615096369232759,0.614761320480167
3,5,5,3,7,1,120,45,1,0,0.82,8.0,1,1,1,1,71.69861740331139,0.7495122812044851,0.8353332185845603
2,3,4,3,2,1,150,45,0,0,0.86,4.0,1,1,0,1,39.26993002493127,0.7057818543581393,0.5767752235448844
2,3,2,2,1,0,90,0,1,0,0.82,72.0,1,1,1,0,45.34114650373701,0.8230838313649019,0.6226115628069483
1,4,4,2,0,1,120,20,0,0,0.82,4.0,1,1,0,0,218.20586296367014,0.6037206556407072,0.5132101294142639
4,5,3,3,6,0,30,0,0,1,0.82,8.0,1,1,1,1,30.95041048286609,0.6523759078108431,0.8149672934418184
3,5,1,2,2,0,75,0,0,1,0.72,48.0,1,1,0,1,109.37280061337516,0.6121137859583548,0.630067235391832
4,5,4,3,3,1,120,45,0,0,0.72,8.0,0,1,0,0,39.674203894693484,0.565475626119427,0.3968661754347691
2,1,4,3,3,1,75,60,0,0,0.86,3.0,1,0,0,1,38.02825475744048,0.9053421329321415,0.22197822053304375
4,5,2,5,1,0,180,45,1,0,0.86,2.0,1,1,1,1,86.90507441257664,0.6098425548261788,0.8552477374372185
3,5,2,3,0,0,60,30,1,1,0.82,72.0,0,1,0,1,143.4840512233366,0.6933359452492439,0.6471225179814439
5,4,4,1,8,1,90,15,0,0,0.82,2.0,1,1,1,1,113.40142626412617,0.530416460819962,0.8784717985853534
1,1,1,3,6,1,45,20,1,0,0.86,1.5,1,0,1,0,98.12890660796518,0.7528173174259997,0.32272205885215677
2,4,5,3,5,1,180,30,0,0,0.72,1.5,1,1,0,1,209.2460244441158,0.6910908477806998,0.6911209902847616
3,2,4,2,2,1,90,45,0,1,0.86,48.0,1,1,1,0,31.044259510074966,0.5974186491238375,0.6288768675680482
4,5,3,2,4,1,180,60,0,1,0.86,8.0,1,1,1,0,67.58115619871765,0.5816351668931267,0.6543396424499597
1,3,1,3,5,1,60,60,0,0,0.72,4.0,1,1,1,0,56.939923138294276,0.7805244101228961,0.6333232400502602
2,2,3,4,1,0,75,60,0,1,0.86,12.0,1,1,0,1,32.2468699647591,0.6507723502876926,0.575943848789701
4,4,5,3,6,1,60,10,0,1,0.86,96.0,0,1,1,1,28.920331754608544,0.7293261320933738,0.8082273919232029
4,3,5,2,3,1,120,45,0,0,0.72,3.0,0,0,1,1,24.24029394142858,0.7511639305037272,0.46357872082569146
5,2,5,3,6,1,120,10,1,1,0.72,8.0,1,0,0,1,63.538572990293176,0.4188498961558584,0.27303955592928536
1,3,2,4,0,1,30,10,0,1,0.82,2.0,1,1,1,0,53.73876124270904,0.7822190563245501,0.6310705068857543
1,4,2,2,8,1,120,15,0,0,0.82,8.0,1,1,0,0,139.60376411444713,0.583954702751892,0.46219234688366573
3,5,3,1,1,0,75,60,0,0,0.82,2.0,1,1,0,0,93.04570203591771,0.7648585434924351,0.4184903699794747
3,1,2,4,3,1,120,15,0,1,0.72,24.0,1,1,0,0,17.725216115926077,0.6125630463271786,0.37893739750104827
1,1,1,5,6,0,45,10,0,0,0.86,3.0,1,1,0,0,137.5192912193624,0.618098611843196,0.4584126246505512
4,2,3,2,4,1,60,45,0,0,0.72,4.0,1,0,0,0,107.40860641132781,0.5736161037126575,0.10145261034766585
1,3,3,2,8,1,90,10,0,0,0.82,1.5,1,1,0,0,78.12570937694313,0.5579963616112444,0.42302406093850836
2,5,1,3,0,0,60,15,0,0,0.86,4.0,1,0,0,1,100.17024239938826,0.6390502718784432,0.28204664256810114
5,3,5,3,4,0,75,45,0,0,0.86,96.0,0,1,1,1,138.7303507200868,0.7247206274907846,0.881756456555703
4,4,4,3,7,1,30,15,0,0,0.82,72.0,1,1,1,1,55.7469666400406,0.523227663212194,0.8405387080018402
4,3,3,5,2,0,150,15,1,0,0.86,48.0,1,1,1,0,12.777917201075866,0.7401856481863145,0.6067056160943419
2,4,5,4,0,0,60,30,0,0,0.86,4.0,1,1,0,1,101.99461704094702,0.5895532145342647,0.626727686343233
2,4,3,3,1,1,45,30,0,1,0.82,3.0,1,1,0,0,90.5954238267863,0.8904332068260097,0.4080666247400369
1,5,2,2,4,1,120,15,0,1,0.86,48.0,0,1,0,0,21.1978823376104,0.6385038447576532,0.3794366524253712
2,3,1,4,2,1,45,45,0,1,0.72,72.0,1,1,0,1,77.96583855213186,0.4907147756639645,0.6176271914049438
4,3,1,1,3,0,180,60,0,0,0.72,48.0,1,0,0,0,70.15924557296758,0.5780504692294328,0.07630929753591809
1,1,2,3,6,1,75,10,0,1,0.72,2.0,0,1,1,1,16.653849222209182,0.9439767932745403,0.7850241906189216
2,3,5,5,1,0,180,0,1,0,0.82,8.0,1,1,0,1,49.53355757664029,0.7605940292201845,0.5797807896723474
1,4,2,3,0,1,60,20,1,0,0.86,24.0,1,0,0,0,50.29342907059659,0.5407373206009306,0.06567734027166591
2,4,1,2,0,1,180,15,0,0,0.86,8.0,1,0,0,1,12.943627706685294,0.9085215992208604,0.20503257319232998
1,2,1,3,0,1,60,10,0,0,0.82,1.5,1,0,0,1,69.10046848809961,0.8272612521030712,0.24815869134485144
4,4,1,5,4,1,150,45,0,0,0.72,2.0,1,0,0,1,125.8259795582993,0.6831978660439477,0.2960601357491232
1,4,4,3,1,1,75,45,0,0,0.72,8.0,1,1,1,1,174.47209428820736,0.6039334573405264,0.9140393875116348
3,1,3,3,5,0,75,20,1,1,0.72,24.0,1,1,0,1,99.14582571127875,0.6985120168449005,0.6172013759617094
2,1,2,1,4,0,75,0,0,1,0.86,96.0,1,0,0,0,109.1640395184078,0.8518448665224215,0.0831468856890357
2,1,4,2,1,1,30,10,0,0,0.86,24.0,0,0,1,0,78.79803177419038,0.8345666861114944,0.30411235315498897
5,3,2,1,0,0,150,60,0,0,0.86,8.0,1,0,0,1,76.5545665544434,0.7851063701445308,0.25607893179284513
5,2,3,3,0,0,30,45,0,0,0.86,96.0,1,0,1,0,51.4588679345858,0.7259457713529633,0.2934897079616831
4,4,4,1,6,0,180,45,0,0,0.86,1.5,1,0,0,1,102.79320882202285,0.5625783458409985,0.28914832167247867
5,4,1,3,5,0,75,45,0,1,0.86,8.0,1,1,0,1,68.69893482993965,0.5455951110241888,0.6076076321149332
2,5,1,5,5,0,30,45,1,0,0.72,24.0,1,1,1,1,92.00996147522368,0.6886516059970385,0.8531343618970232
1,3,1,1,3,1,60,0,0,1,0.82,96.0,1,0,0,0,99.51646353465725,0.6188431893713913,0.09302528576710745
1,4,3,1,1,0,180,20,1,1,0.72,96.0,1,0,0,0,32.26832629459801,0.7459757952882548,0.03929391185955418
1,4,1,2,1,0,90,10,0,0,0.86,3.0,0,0,0,0,43.91833126739569,0.7865765709031584,0.044218527548376046
3,1,2,2,0,0,45,60,0,0,0.82,1.5,1,0,0,0,45.32526366241531,0.7800519452866611,0.04561320627154393
2,3,5,2,5,1,75,15,0,0,0.82,4.0,0,1,0,1,26.027739829668313,0.5313820642916687,0.5801550820526954
4,1,5,5,7,1,120,45,0,0,0.86,72.0,1,0,0,1,105.21089152062598,0.7180041599298871,0.27988030315199186
1,1,2,1,5,1,90,30,1,1,0.72,24.0,1,0,0,0,51.24722789163832,0.9305129813264408,0.03902890990157469
5,5,2,1,7,0,45,0,0,0,0.86,1.5,1,1,0,1,70.82138562656901,0.61876377588428,0.6039007927724798
2,4,3,5,6,1,150,45,0,1,0.86,4.0,1,0,1,0,82.34731021249033,0.4673829053387984,0.332181403434611
5,5,4,5,7,1,75,15,0,0,0.72,48.0,1,1,0,1,85.66834106384607,0.5560287364750942,0.6181902158226408
5,2,3,4,7,1,90,30,0,0,0.82,1.5,1,1,1,0,123.78766569162137,0.5486711524236347,0.6941181297914265
1,3,5,4,2,0,120,60,0,1,0.82,1.5,1,0,1,0,144.96960294954403,0.596100918470252,0.36491933767344503
1,5,1,1,0,0,30,10,1,0,0.82,3.0,1,0,1,0,100.13260991887523,0.9665830607072694,0.3090942590297413
4,5,3,1,0,0,45,20,0,0,0.82,72.0,0,1,0,0,53.42785629093202,1.0,0.3756185708606214
5,3,2,2,5,1,90,45,1,0,0.86,24.0,1,1,0,0,58.393996515168695,0.737234669970138,0.39732290411220283
2,4,1,5,4,1,90,0,0,1,0.82,3.0,1,1,1,1,35.3268587510517,0.5703171420344268,0.8236290392249579
3,5,3,5,3,0,45,10,0,0,0.82,3.0,1,1,1,0,182.47984901621857,0.5684292162331366,0.7318631875411596
1,1,3,5,2,0,45,30,0,1,0.82,12.0,1,1,0,1,46.98615690870842,0.6780598206955009,0.5838599171571206
4,3,5,4,6,0,30,60,0,0,0.72,12.0,1,1,1,1,103.94297095901064,0.7719637493079339,0.8552578515211184
5,2,2,5,1,0,120,60,0,0,0.82,8.0,1,1,1,1,38.18703458741436,0.7214068013320725,0.8149595469650313
1,1,2,2,4,0,120,0,1,1,0.72,8.0,1,1,1,0,73.75104303337717,0.7234387091764946,0.6485266523798969
5,1,3,1,8,1,45,45,0,0,0.86,4.0,1,0,0,0,18.5943742448203,0.6124695311583834,0.03952338231546003
1,2,3,4,1,0,45,45,0,0,0.72,3.0,0,0,1,1,68.07971761765401,0.7139554840063165,0.4954095945313272
2,1,3,1,8,1,75,30,0,0,0.86,48.0,1,0,0,0,21.344415081569814,0.6957173397867469,0.035529396269307595
4,2,5,2,7,0,75,15,0,1,0.72,4.0,1,1,1,1,85.02237775614265,0.744276778227793,0.8445822106948162
5,4,4,3,0,1,180,60,1,1,0.82,12.0,1,1,1,1,147.93628345960747,0.5930846202165037,0.8971082655579165
4,4,1,2,5,1,60,10,0,0,0.82,48.0,1,1,1,1,81.1719434008288,0.6798701292313784,0.8465237198876894
1,4,2,3,6,1,60,10,0,1,0.86,1.5,1,1,0,0,104.79504130198723,0.7108496421298649,0.430103885918901
2,3,2,5,2,1,45,15,0,1,0.82,1.5,1,1,1,1,58.785076685385135,0.6059023106201255,0.8367768893801814
5,1,1,1,0,1,60,45,0,1,0.86,96.0,1,0,1,0,35.64601472427237,0.921023700602469,0.26929235077400876
5,4,3,1,4,1,90,60,0,0,0.82,24.0,1,1,0,0,58.06216515184266,0.7490772500260493,0.396272702599405
2,3,3,1,7,1,180,60,0,1,0.72,3.0,1,1,0,0,123.94279836642912,0.6810891737301106,0.4449522900831784
3,2,2,1,0,1,150,10,1,0,0.72,24.0,1,0,0,0,22.988271084474214,0.8440152118895708,0.026244449224046184
2,3,3,5,4,0,150,60,0,0,0.86,8.0,1,1,0,0,150.80519655076364,0.472217493584637,0.47748157314958456
2,2,1,3,5,1,60,0,1,0,0.86,72.0,1,0,0,0,65.694135791728,0.6299054158769588,0.06970271141643156
5,5,2,4,4,1,60,45,1,0,0.86,48.0,0,1,0,0,228.72134768277317,0.5943379195381395,0.5208772440875125
5,2,4,3,5,1,60,60,1,1,0.72,48.0,1,0,1,0,113.39619610095767,0.7239044386467371,0.3349241533620335
4,1,1,2,8,1,60,30,0,1,0.86,1.5,1,1,1,0,83.37765881581345,0.7734904526157386,0.6514407741941074
1,5,1,1,5,1,90,0,0,0,0.82,72.0,1,1,0,1,41.76311372349452,0.7239851983186704,0.5771631119333561
3,1,2,5,5,0,180,20,1,0,0.86,2.0,1,1,0,1,44.50457930911466,0.6401288677385693,0.58486069879771
5,1,5,3,1,1,90,10,0,0,0.86,1.5,1,1,0,0,119.75136218511736,0.6390804427927643,0.44509861046125143
1,3,1,1,0,0,120,30,0,0,0.72,96.0,1,0,0,0,12.865056996877435,0.7871693931874505,0.023474847141463424
1,1,2,1,6,1,45,60,0,0,0.72,4.0,0,0,0,1,41.06319646416863,0.6604524666421658,0.24114379164449415
5,3,3,1,6,0,120,0,0,1,0.86,3.0,1,1,0,0,97.06124936730342,0.5025060175676503,0.43953207834846675
2,2,2,1,0,0,150,45,0,0,0.72,96.0,1,0,0,1,36.406506481616304,0.8209485037961841,0.22680460905534466
5,2,2,2,7,1,120,60,0,0,0.72,96.0,1,1,1,1,72.67014248589689,0.6457941238769459,0.8432411729858784
4,3,5,1,7,1,180,20,0,0,0.72,3.0,1,1,1,0,128.2859896305874,0.8147650876061975,0.6784904369546245
3,4,3,4,7,1,150,30,0,1,0.82,3.0,0,1,0,1,113.61102500625833,0.6196028292411251,0.6323684852906268
5,4,5,3,8,1,45,0,1,0,0.82,96.0,1,1,0,0,10.491067635428163,0.6363036263157446,0.37245279124818337
4,4,3,4,2,1,180,15,1,0,0.86,1.5,1,1,1,1,98.59686843761546,0.6559048226326688,0.8598179080407902
4,3,4,1,0,1,45,10,0,0,0.86,2.0,1,1,0,0,93.4421525255166,0.8523791020598143,0.41262823120615744
4,4,4,3,2,1,90,60,0,0,0.82,2.0,1,1,0,1,31.081342268291813,0.6938831492408624,0.5721490743986675
1,5,4,1,2,1,120,20,0,0,0.86,3.0,1,1,0,1,20.1455636833593,0.555308730843275,0.574558764629877
5,1,4,4,1,1,150,10,1,0,0.72,96.0,1,0,0,1,12.454018491297862,0.6649085910375749,0.22175907762156832
3,5,5,5,0,1,60,20,0,0,0.72,4.0,1,1,0,0,51.10838169693959,0.6259635073955834,0.4002548089469356
3,2,5,2,3,1,180,60,0,0,0.86,8.0,1,1,0,1,73.67345793698554,0.7406613502921289,0.5972693441042081
5,3,3,2,7,1,180,30,0,0,0.86,12.0,0,1,1,1,119.28608094572577,0.515397044057596,0.8834462608797855
1,2,5,3,5,1,45,30,0,0,0.82,12.0,1,1,0,1,47.97752332333776,0.6715482084122663,0.5849766409600333
2,3,4,3,8,1,45,20,0,0,0.72,24.0,1,1,0,0,22.413274479405388,0.5707868598000817,0.38498710280026455
2,3,1,3,8,0,75,60,0,1,0.82,96.0,1,0,0,0,97.51371485088566,0.5319143917503041,0.09777513581140249
1,3,5,5,2,1,150,20,1,0,0.82,24.0,0,1,1,1,45.974926077802294,0.4156670335783977,0.8415532583680471
5,3,4,2,0,1,60,10,0,0,0.86,3.0,0,0,0,1,3.3548565578207272,0.6632752159139832,0.21580730592456834
4,2,5,5,6,0,60,15,0,1,0.86,72.0,1,1,0,1,161.58870951352895,0.5577238996236615,0.6686851333686964
1,2,3,4,7,1,180,45,1,0,0.82,3.0,0,1,0,1,103.34044844966249,0.5977705350290683,0.6270496948477402
1,1,5,1,5,1,180,15,0,0,0.72,72.0,1,1,0,0,38.76848897338297,0.7904737921008486,0.38051249386852926
3,2,5,3,5,1,180,45,0,1,0.72,8.0,1,1,0,0,32.13016916610631,0.584303687873666,0.3905188546262476
1,4,3,4,6,1,180,15,0,0,0.82,24.0,1,0,0,0,116.40331592916851,0.5330595610831405,0.11028804134362585
4,4,2,5,5,1,120,0,0,1,0.72,1.5,1,1,0,0,80.52930274862656,0.5926532511450829,0.422200474252262
1,1,4,5,2,1,75,45,1,0,0.72,4.0,1,1,1,1,69.4571951801122,0.8700737520189108,0.8253996341454177
1,5,4,4,8,1,120,15,0,0,0.82,4.0,1,1,0,0,135.87188163663234,0.6501260593039326,0.4550724302731463
4,3,2,3,1,0,180,20,0,0,0.72,48.0,1,0,0,1,120.36885055807993,0.6526415392072343,0.2945609926275469
5,4,4,5,8,1,180,0,0,1,0.72,3.0,1,1,0,0,89.07419553762844,0.6907378071101339,0.4210311505273763
3,4,3,1,6,0,180,0,0,1,0.72,1.5,1,1,0,1,84.00055746342548,0.7132785195340163,0.6060708752749026
5,3,2,3,2,1,180,0,0,0,0.82,8.0,0,1,0,1,57.008137397941866,0.49538837570797156,0.6033282386324033
1,3,3,2,8,1,75,60,1,0,0.72,72.0,0,1,1,0,60.84435134475642,0.7706015631524266,0.6366207914758345
2,3,5,1,3,1,150,0,1,1,0.82,24.0,1,1,0,1,121.04820037873131,0.665679935865665,0.634101204741891
4,3,3,4,6,1,180,0,1,1,0.86,4.0,1,1,1,1,30.71023267143314,0.5406051019891024,0.8226311313083849
3,3,1,2,2,0,90,60,0,0,0.86,2.0,1,0,0,0,57.1535231470433,0.7449211821892133,0.0559578660114506
3,4,2,5,1,0,150,45,0,1,0.72,48.0,1,1,1,1,116.5771899768837,0.7457942004022826,0.865512532623096
2,4,4,4,2,1,180,20,0,0,0.86,4.0,1,1,0,1,155.75257386175946,0.7753785132081177,0.6495585533166047
2,1,5,3,2,1,45,0,0,1,0.72,8.0,1,0,1,1,114.11641320748814,0.6238565851939742,0.5324076478414139
1,1,3,4,4,1,90,20,0,0,0.72,48.0,1,0,0,1,89.76296403642013,0.6715518080597828,0.2728333494600953
5,1,2,3,1,0,150,10,1,1,0.82,96.0,1,0,1,0,44.39451447977821,0.727109917095925,0.28869864878980406
3,3,5,3,6,0,120,10,0,0,0.82,12.0,1,1,1,0,35.51475564925475,0.6328612982462275,0.629376212888934
5,3,3,1,4,0,180,60,0,1,0.82,48.0,1,1,0,1,14.094387802673204,0.7199233846569331,0.5590016216091303
1,2,4,3,6,0,90,20,0,0,0.72,4.0,1,0,0,1,71.78594980509803,0.755678052303643,0.25495983620881035
4,5,1,3,3,1,45,15,0,1,0.86,12.0,1,1,0,1,42.547554040182874,0.6180604942537007,0.5851008014290296
3,4,5,4,7,1,75,10,1,1,0.82,24.0,1,1,1,0,124.56018092589352,0.5093189827412005,0.6973877918253785
1,2,3,4,2,0,180,0,0,0,0.72,2.0,1,1,0,0,128.922065808317,0.6729490635281331,0.44884160942524204
5,1,3,2,0,0,150,60,1,1,0.82,48.0,0,0,1,0,58.818217067669465,0.8715076917755964,0.2882066062874879
4,1,4,2,5,1,150,10,0,1,0.82,24.0,1,1,1,0,82.43343685328134,0.7213446890951665,0.6544614963321927
1,2,4,4,6,1,150,30,0,1,0.72,24.0,1,1,0,1,126.00079186384801,0.7099511215351632,0.6343039494017706
5,3,1,5,3,0,150,15,0,0,0.82,4.0,1,1,1,1,19.708147289225685,0.5212564356270526,0.8166508143655902
2,4,1,3,6,0,180,45,0,0,0.82,12.0,1,1,0,0,38.904228110612834,0.6472679025702424,0.390627398893825
1,4,1,4,7,0,60,10,0,1,0.72,48.0,1,1,1,0,69.19077470361172,0.6307286784674088,0.6519761756430226
1,2,5,5,0,0,90,30,0,0,0.72,8.0,1,0,0,0,35.177562798324324,0.6212566977309588,0.0499637396910491
5,5,3,3,6,1,75,30,0,0,0.86,48.0,1,1,0,1,142.65245355252083,0.5227160653584648,0.658511511126588
5,2,5,1,2,0,150,0,1,0,0.82,48.0,1,1,0,1,81.12509422156155,0.8426395250632701,0.5950986293932788
3,1,5,5,0,1,75,30,0,0,0.72,4.0,1,0,1,0,114.24926276389624,0.6895886359305852,0.3378949706607899
1,4,1,2,0,0,30,10,0,0,0.82,12.0,0,1,0,0,8.802593353813467,0.694428831103572,0.367258377391959
2,5,3,3,7,1,45,45,1,0,0.86,24.0,1,1,1,0,121.29132410957895,0.6278078889112417,0.6869143305159324
4,4,2,4,3,1,150,0,0,0,0.86,24.0,1,0,1,0,21.72729320720932,0.6375800524734078,0.279854258465001
3,2,2,1,4,1,30,45,0,0,0.82,8.0,1,0,1,1,38.01217873105847,0.8419484047443953,0.4664050641552646
5,3,5,2,3,1,45,20,0,0,0.82,1.5,1,0,1,0,62.16970499699154,0.7203718407141011,0.30102044114800725
3,1,3,3,8,1,90,20,0,0,0.86,1.5,1,1,0,0,104.91553858863512,0.6836678708240611,0.4320869414347392
3,2,4,2,0,0,45,0,0,0,0.72,8.0,1,1,0,0,59.76062136429064,0.7344522762603042,0.3984287549046392
4,2,5,2,0,1,150,0,0,0,0.86,8.0,1,1,0,0,52.47270144568672,0.77943670814267,0.3904212313938043
1,1,3,3,0,1,150,20,0,0,0.72,8.0,1,0,0,0,140.83547885113023,0.8354414767255792,0.10540941586329627
3,2,5,5,5,0,30,30,0,1,0.72,8.0,0,1,0,1,38.42606927729406,0.4724725534525521,0.5925443007765174
3,3,3,1,4,1,60,30,0,1,0.72,12.0,0,1,0,0,104.89271050716579,0.7853574601687034,0.4249534514596347
1,1,3,2,0,0,30,20,0,0,0.86,96.0,1,1,0,0,25.256914271002593,0.667326118435055,0.38012511455688125
3,2,2,1,0,1,90,45,0,0,0.82,24.0,1,0,0,1,12.290361261978152,0.8199040186830658,0.2108002928668375
4,5,4,2,0,1,120,10,0,0,0.86,48.0,1,1,0,1,76.502584333209,0.7693387945756666,0.5971480072685094
3,3,3,4,0,1,150,20,0,1,0.86,8.0,1,1,0,1,51.886472287831964,0.7176680234768396,0.5843542198818426
3,4,5,1,6,1,150,20,0,0,0.72,48.0,1,1,0,0,77.10692237223469,0.6717583487184213,0.41438153050453364
4,3,5,1,5,1,90,15,1,0,0.82,8.0,1,1,1,1,30.380901597595333,0.6530498889402016,0.8145404421725828
1,4,1,1,8,1,90,45,0,0,0.72,4.0,0,1,0,1,18.831438837675748,0.5527196951825375,0.5738639138956729
4,4,5,3,1,1,45,60,1,0,0.72,2.0,1,1,0,1,108.94660071194417,0.619881811329373,0.62923934034824
5,5,3,2,4,0,120,15,0,0,0.72,24.0,0,1,1,0,68.95602349069468,0.47762079663689905,0.6625372265625469
1,4,5,2,5,0,45,45,0,0,0.82,3.0,1,1,0,1,182.83330138597026,0.7505211249276884,0.6693523888457087
3,3,4,4,4,0,30,30,0,0,0.82,8.0,1,1,1,0,45.897708064514916,0.798221769151569,0.6247229482024002
5,4,1,5,6,1,150,60,0,0,0.72,96.0,1,1,0,0,26.03931648728424,0.5453180647233701,0.3891872797942203
4,2,2,2,8,1,45,30,0,0,0.72,48.0,1,1,1,0,77.94941174103941,0.628877747832325,0.6579448321457636
2,2,2,2,1,1,120,45,0,0,0.72,48.0,1,0,0,1,63.476188661756304,0.8434699252401402,0.2432745643410277
4,1,4,4,5,0,180,30,0,0,0.86,1.5,1,1,1,1,28.163828054705014,0.6612733587704288,0.8124867502558734
2,3,4,1,4,1,120,30,0,0,0.86,72.0,1,1,0,0,68.68279016066275,0.8499182414245116,0.39629424987405937
2,2,5,1,4,1,90,10,0,0,0.82,72.0,1,1,0,0,83.40601098669626,0.730475697766347,0.4144707084808199
3,1,3,1,3,1,60,15,0,0,0.82,1.5,1,0,0,0,25.51361139241208,0.7880155366364183,0.031847986697058774
3,3,5,5,8,1,75,15,0,0,0.82,48.0,1,1,0,0,16.53322401757957,0.5766889573061392,0.38065392233362333
5,3,5,4,7,1,75,20,0,0,0.86,1.5,1,1,1,1,92.89549751322681,0.5316241083325606,0.8647166440922054
5,5,3,4,4,0,90,30,1,0,0.72,8.0,1,1,0,1,94.48287742279146,0.5612737038772714,0.6236994256771187
2,3,2,2,5,0,150,20,1,0,0.72,24.0,0,1,0,0,130.11393042994655,0.6823498012696458,0.44897813419775584
2,4,1,5,7,1,30,15,0,0,0.72,48.0,1,1,1,0,99.74454523434693,0.5949398609220121,0.6748505732250238
1,3,5,2,7,0,120,0,0,0,0.86,24.0,1,1,0,1,121.42367031430751,0.6420644685133675,0.636004600746936
4,3,3,2,1,0,120,20,0,0,0.82,8.0,1,0,0,0,51.439294095208524,0.7030592381936092,0.05507871605658638
2,4,4,4,1,0,120,10,0,1,0.72,8.0,1,0,0,1,98.27653140805518,0.5928243932737035,0.2840199800762109
3,4,5,3,7,1,180,20,0,0,0.86,8.0,1,1,0,1,73.56709873132823,0.6644369959862534,0.6025341427685145
4,4,2,1,3,1,30,10,0,0,0.86,96.0,1,0,1,0,125.87406232993624,0.8180397211361582,0.3366532610737597
3,1,2,1,5,0,45,60,0,1,0.72,4.0,0,1,0,0,165.45019234025648,0.8104832274488216,0.4635663023054202
4,5,1,2,3,0,90,30,0,0,0.82,1.5,1,0,1,1,58.718388680963784,0.734692594014821,0.4877171108729384
3,4,1,4,1,1,150,0,0,1,0.72,72.0,1,1,0,0,89.79646790663864,0.66211000768392,0.4235166113998847
5,1,5,1,6,0,60,20,0,0,0.82,1.5,1,1,0,0,21.2197523251671,0.7041104707381537,0.37485876859844064
4,3,2,3,8,1,45,60,0,0,0.72,8.0,1,1,1,0,73.04788278312498,0.689760500189483,0.6504153535088195
4,4,1,1,0,0,120,10,0,0,0.82,72.0,1,0,0,0,58.75919092946667,0.7437661537887645,0.05710916318776426
3,4,1,1,4,1,90,15,0,0,0.82,1.5,0,1,0,0,82.90802057882037,0.5604833179156992,0.4260381814651147
5,3,5,5,8,0,75,0,0,0,0.86,1.5,1,1,1,1,60.782404716379304,0.6201849440535597,0.8371086570605037
5,5,3,2,3,0,45,10,1,0,0.86,24.0,1,1,0,1,49.31770959719167,0.7186904113209246,0.5825701442723297
2,4,4,2,2,0,180,10,0,0,0.82,96.0,1,1,0,0,21.091929978515658,0.6549461282048121,0.37821505767800695
3,3,5,2,6,1,60,20,1,1,0.86,72.0,1,1,0,1,83.38047294241329,0.621343755140878,0.6120929191017473
2,4,4,2,0,1,120,0,1,0,0.72,48.0,1,1,1,1,43.279365932251295,0.8870134119244513,0.8067619717867893
3,3,1,1,2,1,120,0,0,0,0.72,96.0,1,0,0,0,120.57113166689243,0.8112906455626112,0.09359040925521217
4,3,3,1,6,1,30,30,0,1,0.82,8.0,1,0,0,0,172.98459343243118,0.5264387200661382,0.1484723518836578
3,4,3,3,3,0,75,10,0,0,0.86,12.0,1,1,0,1,25.024003885561832,0.7296808736040439,0.5656050081047581
2,4,1,1,2,1,60,30,1,0,0.86,48.0,1,1,0,1,46.45555158614654,0.7250930190730625,0.5802138563889834
5,1,2,3,0,1,180,60,1,0,0.82,72.0,1,1,0,0,30.88296640324933,0.7627625617883846,0.37719526494364597
4,5,2,2,3,1,60,15,0,0,0.86,72.0,1,1,0,1,50.35373349577977,0.7294425609916139,0.5825081763944403
4,4,5,2,4,0,45,10,1,1,0.72,48.0,1,1,1,1,119.27234970773925,0.5862427036166885,0.8784779105519913
1,2,1,3,3,1,45,45,0,0,0.72,12.0,1,1,0,1,76.28027866924356,0.838276135191395,0.5921741896494314
2,1,4,3,1,1,150,0,0,0,0.86,48.0,1,1,0,0,19.521214779525874,0.8194382109330346,0.3656534684210382
3,4,1,1,7,1,30,15,1,0,0.86,24.0,1,1,0,1,215.59667587657307,0.5895739138595577,0.7024609432808797
3,3,1,3,7,0,180,20,0,1,0.72,72.0,1,1,0,0,68.50748052430694,0.6084621229184598,0.41307930507857915
3,5,4,2,4,1,180,60,1,0,0.72,2.0,1,1,1,0,70.04205404203465,0.4762537450368024,0.6633569405421137
4,3,1,5,8,0,60,10,0,1,0.86,48.0,1,1,1,0,72.6315604753452,0.5338610219340614,0.6610507687815126
4,5,4,3,3,1,150,15,0,0,0.86,48.0,0,1,0,0,75.36821242465771,0.6045821639157116,0.41792472347567206
4,2,4,3,5,1,90,60,1,1,0.82,1.5,0,1,1,1,50.56160205506552,0.6673654618470191,0.8269921523740856
5,4,2,4,6,0,75,30,1,0,0.72,48.0,1,1,0,1,97.37506089168048,0.7055470396679235,0.6155284144843657
3,1,1,2,2,1,75,10,0,0,0.86,24.0,1,0,0,0,37.563549914861305,0.7638148926785064,0.04157532412241209
5,1,2,1,3,0,90,20,0,0,0.86,72.0,1,0,0,1,13.328418312051214,0.8241729730169725,0.21119350409684606
2,4,3,5,3,0,120,0,0,0,0.82,48.0,1,1,1,0,34.69280888092652,0.6626313191014211,0.6267443469168515
1,4,3,1,6,0,60,0,0,0,0.72,12.0,1,1,0,1,30.266300006939524,0.7108342483711794,0.5704191359519771
2,2,5,4,2,0,45,60,1,1,0.82,48.0,1,1,0,0,55.51251402960732,0.7467234620089734,0.39473770034577677
3,5,3,1,5,1,180,45,1,1,0.86,48.0,1,1,0,1,35.2497020054702,0.7027955611078626,0.5743041120594298
4,1,3,1,2,0,30,0,1,1,0.86,3.0,1,0,0,0,42.220684093723555,0.7679738142919634,0.0443889557287116
4,3,4,5,8,1,180,0,0,1,0.82,96.0,1,1,1,1,35.237292494391795,0.6630698937837026,0.8170766357647354
4,2,5,4,5,1,150,30,0,0,0.72,2.0,1,1,0,0,140.91946994941526,0.750334647228059,0.45142288799364605
1,2,3,1,7,0,150,30,1,0,0.86,8.0,1,1,1,0,71.07615870232405,0.7144744021760985,0.6473708976492226
4,1,1,3,1,1,180,15,1,0,0.72,96.0,0,0,0,0,14.23717280946567,0.8139827420645774,0.02251265659512336
1,4,1,1,6,1,90,60,0,0,0.72,1.5,1,1,0,1,51.062146064475854,0.5783922509511124,0.5935539731430728
3,2,5,1,8,1,75,30,0,1,0.72,48.0,0,0,0,0,191.2481941328131,0.794352592136338,0.1418941146389984
3,5,4,5,2,0,90,10,1,1,0.82,72.0,1,1,1,1,110.55584565873173,0.6107412048445285,0.8709520127667042
2,2,5,5,5,1,60,60,0,1,0.82,8.0,1,1,1,0,124.38510606308563,0.7089104465202329,0.6832996727856409
2,2,2,2,8,1,120,15,0,1,0.86,72.0,0,1,1,1,128.31745180741694,0.6941567039311602,0.8769539985964301
2,4,1,4,0,1,90,10,0,0,0.72,12.0,0,0,0,1,48.77149603961524,0.7307012078220745,0.24136524614553162
3,1,2,5,5,1,75,15,1,1,0.72,48.0,1,1,1,1,95.62810523044395,0.7347083012816943,0.8523224890639107
4,4,3,4,6,0,60,45,0,0,0.86,8.0,1,1,1,1,127.85392866935811,0.5898958571891563,0.8839432424429978
5,4,1,3,4,1,150,20,0,0,0.82,3.0,1,0,1,1,132.83557084288387,0.6192197271639271,0.5452116663271143
3,4,4,5,8,1,75,30,0,0,0.86,48.0,1,1,0,1,211.97686605705644,0.616868254903351,0.6981371328614697
3,4,3,1,0,0,180,0,1,0,0.86,2.0,1,0,1,1,77.09745938493265,0.8514326283227655,0.4917980222740282
2,5,2,3,3,0,120,30,0,0,0.72,1.5,1,1,1,1,108.24763202873818,0.5832768272103552,0.8713357101144339
2,2,2,1,6,0,45,15,1,0,0.82,3.0,1,0,0,0,109.24179187468769,0.8627289951462688,0.08243683158955298
4,5,3,2,3,0,180,20,0,1,0.86,2.0,1,1,0,0,107.0814020231596,0.8414131187003759,0.42248868303974674
3,3,4,2,1,0,180,0,1,1,0.86,96.0,1,1,0,0,41.99437409922235,0.7737769236988444,0.3838318647405625
5,1,5,2,1,1,60,45,0,1,0.72,4.0,1,1,0,0,25.028959348585985,0.5963478664662607,0.3849416222464191
5,1,4,4,2,0,45,10,0,0,0.82,24.0,1,1,0,0,106.12607822532283,0.7508661939975984,0.42819008523705004
3,5,2,1,0,0,180,30,1,0,0.86,24.0,1,0,0,0,67.0880075428366,0.8072308137014236,0.05821918140279142
5,4,2,1,3,0,45,10,0,1,0.86,1.5,0,0,1,1,80.01668628359036,0.731080373176768,0.5021688314000198
4,4,1,4,2,1,45,0,0,1,0.72,3.0,1,1,1,1,95.19435428389596,0.7659403090771175,0.8498470812205324
2,1,1,4,3,1,30,0,0,0,0.72,4.0,1,0,0,1,34.19077381708633,0.6999392209832154,0.23379810374256582
4,2,4,1,3,1,60,10,0,1,0.72,72.0,1,1,1,0,32.24209629270528,0.6260566409388753,0.6276707659960823
4,3,5,5,6,1,180,10,0,0,0.72,2.0,1,1,0,1,100.42313214790894,0.6655937031905746,0.6203571955419325
1,4,2,3,8,1,120,45,1,0,0.86,96.0,1,1,1,1,114.75340792891149,0.6962454613472018,0.8677650896583035
5,5,4,3,0,1,150,10,0,1,0.82,96.0,1,1,0,0,93.58274593044756,0.6931671745041771,0.4238667950716727
3,5,5,3,8,0,150,45,0,1,0.72,2.0,1,1,0,1,67.34425062603837,0.6424883978735091,0.5999219792328799
2,5,4,1,2,1,90,30,0,1,0.72,72.0,0,1,0,0,73.16546486965721,0.6721863425339625,0.41172393260239415
2,5,2,4,2,0,45,30,0,0,0.86,1.5,1,1,0,0,68.73914800186569,0.6316789247779522,0.41160857393345385
5,1,4,5,3,0,60,10,0,0,0.82,3.0,0,1,1,1,40.67789925000503,0.7070450783644127,0.8176254440144946
4,3,4,3,5,0,120,20,0,1,0.82,2.0,1,1,0,1,39.688141127431074,0.7513814883112808,0.573862056569831
4,2,2,2,7,1,180,30,0,1,0.86,96.0,1,1,0,0,43.5578475381179,0.7304820011023438,0.38790482494824785
2,1,1,3,5,0,75,15,0,1,0.72,2.0,0,1,1,0,93.53637690380475,0.6957551166842861,0.6636547264346365
3,1,1,5,0,1,30,15,0,0,0.82,1.5,1,0,0,0,102.72211784937784,0.6711006758498607,0.09150436459009499
1,4,3,3,4,1,45,20,0,0,0.82,12.0,0,1,0,0,87.44036523815794,0.6027510880027557,0.42610100066524575
5,1,3,4,5,1,120,15,0,0,0.72,96.0,0,1,1,0,218.515455921858,0.7669635833288238,0.7419895197815544
4,4,5,2,4,0,120,45,1,1,0.82,96.0,1,1,1,0,71.47478648931335,0.5993121443697151,0.6556980075536623
2,5,3,2,3,0,45,20,0,1,0.86,8.0,1,1,0,1,103.59924258296516,0.515909519485389,0.6329524953579996
3,1,4,4,4,1,60,10,0,0,0.82,24.0,0,0,0,1,22.48671029496569,0.6602270176769851,0.22877524895925486
1,1,1,1,2,0,150,60,0,0,0.72,24.0,1,0,0,0,28.355375858832332,0.7838935762319488,0.034031033569651814
5,2,5,4,6,1,30,20,1,0,0.82,96.0,0,1,1,0,30.67414617186514,0.6478922985679135,0.6250969698814896
3,3,2,5,8,0,60,0,1,0,0.86,3.0,0,0,0,1,81.89041689559275,0.5214726699008456,0.2780905243706693
2,2,5,2,3,1,180,60,0,1,0.72,1.5,0,1,0,1,54.96541188622871,0.6958731546627898,0.5879324870977571
5,5,1,3,6,0,75,15,0,1,0.82,1.5,1,1,0,1,31.517268698284433,0.6455847606854143,0.5758205792175439
2,5,2,3,0,1,75,60,0,0,0.72,72.0,0,0,0,0,9.013139969478516,0.7213357338933091,0.02551525860712071
4,5,4,5,4,1,150,60,0,0,0.72,1.5,1,1,1,1,92.17500283073728,0.610488173924562,0.8587158297124389
2,3,5,5,2,0,30,20,0,0,0.82,3.0,1,1,0,1,45.83068847017432,0.7194438849204076,0.580192720369021
2,3,3,5,3,1,45,10,0,0,0.72,96.0,1,1,0,1,105.36656163268052,0.7014876402258065,0.6211402396059805
2,3,3,4,5,0,75,45,1,0,0.86,72.0,1,0,0,0,167.4779028348776,0.710463171038321,0.13191951325056928
2,4,3,5,8,0,45,0,1,0,0.82,8.0,1,1,0,1,48.994652242414446,0.5799383917830444,0.59206741407013
2,2,1,4,8,0,90,0,0,0,0.82,48.0,1,0,0,0,47.27696508296997,0.6165732217901676,0.05835785119666825
4,5,5,1,5,1,30,0,1,0,0.82,12.0,1,1,1,1,53.441994858161685,0.6583470150977953,0.8295437055152621
1,2,4,5,1,0,75,20,0,1,0.72,3.0,1,1,0,1,38.26913356714138,0.6696952844718487,0.5786340857983983
2,2,3,4,4,1,30,20,1,1,0.82,24.0,0,1,1,0,54.5048250693015,0.6640172114984664,0.6398553452413084
5,1,3,1,3,1,45,45,1,1,0.72,12.0,1,0,1,0,41.45285844178119,0.6440470069174227,0.29255194847696786
2,5,4,3,6,1,180,15,1,0,0.82,24.0,1,0,0,0,34.65753204374267,0.5677161419115818,0.05336489142868439
1,5,3,5,8,0,180,60,1,0,0.86,1.5,1,1,0,1,115.18976031755639,0.5293192689413496,0.6397408247191432
1,5,1,2,1,0,60,45,0,1,0.82,72.0,1,1,0,1,49.04190891332634,0.7577133038109862,0.5796546746754485
4,2,4,2,5,0,120,15,0,0,0.72,72.0,1,1,0,1,102.23017036100472,0.7315194721547438,0.6169470838565044
1,3,1,2,2,0,180,0,0,0,0.82,1.5,1,0,0,1,92.63561628283279,0.7140820086040912,0.27177133691960215
4,2,1,5,7,0,30,30,0,1,0.86,8.0,1,0,0,0,196.32313457334624,0.6829259715519284,0.1530772717069292
3,5,1,4,0,0,90,60,0,0,0.82,3.0,1,1,0,0,32.20284858735978,0.7087585826379572,0.3818554649402495
3,3,5,5,4,1,150,60,0,1,0.82,24.0,1,1,1,0,69.038428105292,0.6699531770184555,0.6491288963455695
5,3,1,2,8,1,75,30,0,0,0.72,3.0,0,1,1,1,93.53546922642424,0.5967184938383546,0.8605866849155981
3,4,4,3,4,1,75,10,1,0,0.86,96.0,0,1,0,1,55.902503109403085,0.48158859345448957,0.6035571338644545
2,5,3,3,8,0,60,20,0,0,0.72,48.0,1,1,1,1,54.250268880738076,0.7103943022472656,0.8264392447631834
3,3,1,5,2,1,75,10,1,0,0.86,48.0,0,1,1,0,92.28793850377531,0.6839991067151959,0.6636453548657866
4,1,5,1,5,1,180,30,1,0,0.82,24.0,1,1,0,0,22.09094885325255,0.7718992966841801,0.3706943484676091
2,3,3,4,4,0,45,45,0,0,0.82,72.0,1,1,0,1,39.64441237904274,0.6079679522172141,0.5838718515974902
4,4,3,3,8,0,150,60,0,1,0.72,8.0,1,1,1,0,94.58124455446405,0.5158915704976593,0.6769417531014733
5,5,2,3,7,1,45,15,0,0,0.72,24.0,1,1,1,1,27.57797476247839,0.5893781412656129,0.8171288466197261
4,5,4,1,3,0,180,45,0,1,0.82,8.0,1,1,1,0,51.461234958424896,0.6930476260995463,0.6357941561453151
4,4,1,3,6,0,150,20,0,0,0.86,96.0,1,1,0,0,79.2874931448479,0.4512735453585881,0.4312691805881308
4,4,3,5,3,1,60,15,1,1,0.72,48.0,1,1,0,1,139.0200586461965,0.777785192920802,0.6382350755930083
4,1,4,4,0,0,120,30,0,0,0.72,1.5,1,0,0,0,14.311694909609487,0.860820825140325,0.01928367217991691
5,4,2,3,8,0,150,30,0,0,0.86,2.0,1,1,1,1,82.4807681650974,0.6225803340695575,0.8514065553918626
4,4,3,5,8,1,45,20,0,0,0.86,96.0,0,1,0,1,139.2814766245563,0.5858549909410524,0.6518444683838306
2,4,2,1,0,0,150,30,1,0,0.82,2.0,1,1,1,0,56.46636032189152,0.8323605027371378,0.6293790050229948
2,5,2,2,0,1,60,60,0,0,0.82,8.0,1,1,0,0,186.489427200039,0.598439987791292,0.4924354856546356
5,2,2,4,3,1,45,45,1,1,0.86,48.0,1,0,0,0,210.31216234563237,0.7476360166993231,0.15787358706146898
2,3,2,2,6,1,60,30,0,0,0.82,72.0,1,0,0,1,111.35031434026656,0.6440536658258155,0.2891497862857039
3,2,1,5,2,1,45,0,0,0,0.82,24.0,1,1,0,0,144.74476612012486,0.7025091611697165,0.4573208694648698
2,1,1,4,0,1,45,60,0,0,0.82,24.0,1,1,1,0,102.31765051128912,0.7538966920068603,0.6654389985670459
5,1,4,1,1,0,75,45,0,0,0.86,48.0,1,1,0,0,21.89279740945924,0.80472440395814,0.36826448999590305
5,4,1,1,4,1,75,60,0,0,0.86,24.0,0,0,0,0,66.96100461652418,0.6699428627117676,0.06774466935452572
4,3,4,2,5,1,90,30,0,1,0.72,12.0,1,1,0,1,99.48753640604738,0.5891359559706589,0.6250855073527523
4,1,4,5,0,1,30,60,0,0,0.82,1.5,1,0,1,0,147.39445784807623,0.7571806712932044,0.35526032490819315
1,4,5,5,7,1,75,30,0,1,0.86,4.0,1,1,0,0,56.59431110425056,0.7937473929970436,0.392167223226374
2,5,1,1,0,1,60,20,0,0,0.82,12.0,1,1,0,0,53.96353514002807,0.7579621611163405,0.39291833881520827
3,2,2,4,5,0,90,45,0,0,0.86,24.0,1,1,0,1,36.71372698444356,0.6557481707070323,0.5785734460401368
4,3,3,3,1,0,60,10,0,1,0.82,48.0,1,1,1,1,18.4692080938904,0.6015050663065789,0.8102074507544664
4,5,2,2,7,0,90,10,0,0,0.82,12.0,0,1,0,1,53.33744964451506,0.5260491268971795,0.5987348608802076
2,5,3,4,8,1,30,15,1,0,0.82,3.0,0,1,1,1,90.98295935515051,0.6100126980501185,0.8579544173732587
5,5,5,2,3,1,120,10,0,1,0.82,12.0,0,1,0,0,73.10458512642909,0.5342401756236361,0.4213395777906315
5,5,1,1,2,0,90,0,0,1,0.82,3.0,1,1,1,0,82.3082593895779,0.7331442467059259,0.6535520756569705
1,1,4,2,8,0,90,15,0,0,0.72,1.5,1,1,0,1,32.18024416235498,0.7128668709762108,0.571552815139902
2,2,4,4,2,1,30,15,0,0,0.72,3.0,1,1,0,0,70.46743538724394,0.7926206844234501,0.4014948423485212
4,2,5,1,2,0,180,10,0,1,0.86,96.0,1,1,0,0,86.91482418789022,0.8444481580813508,0.4088318450595656
1,5,5,5,8,1,45,10,0,0,0.72,96.0,1,1,0,1,167.59350729279458,0.5723178517292704,0.6716667552408142
4,4,1,4,2,1,30,20,0,0,0.86,3.0,1,1,0,0,80.19064809681319,0.5622900770296819,0.42410012667246444
1,5,4,2,2,1,60,10,0,0,0.72,12.0,1,1,0,1,104.39921314748361,0.7724649826567495,0.6155269266456833
3,4,2,1,8,1,180,20,0,0,0.86,2.0,1,1,0,1,122.71590702775168,0.5110469987856833,0.64603731477017
5,3,4,3,0,0,120,0,0,0,0.72,24.0,1,1,0,1,35.1472798211877,0.542090830535351,0.5854851617433173
5,5,2,1,6,1,60,0,0,0,0.72,4.0,1,1,0,1,49.10564569809843,0.7036146245933917,0.5834840734105282
1,1,2,2,7,1,120,20,0,1,0.82,1.5,1,1,0,1,27.75345875551809,0.8097750142163082,0.5618180548418705
1,5,5,3,4,0,180,10,1,0,0.86,48.0,1,1,0,0,81.75385097077924,0.5694163253326181,0.4246434245405696
3,3,3,3,4,0,75,10,0,0,0.86,96.0,1,0,0,1,29.142719887042027,0.8153653072917979,0.22235290841426883
3,3,5,1,8,1,30,20,0,0,0.72,48.0,1,1,0,1,64.43471909339067,0.5350153679659522,0.6055054036379771
4,1,3,5,1,1,120,10,1,0,0.72,2.0,1,1,1,1,28.742539513123017,0.8898403547680133,0.7968728681749878
1,4,3,4,5,0,120,10,0,0,0.72,3.0,1,0,0,1,57.10910099973336,0.6402763447286935,0.2532533898688137
2,1,4,1,4,1,30,0,0,0,0.82,12.0,1,0,0,0,40.62607826484012,0.8000537165084765,0.04108029202096673
3,2,2,5,8,0,90,15,0,0,0.82,3.0,1,1,1,1,68.67583972457956,0.6816643429765175,0.8380673891413636
2,4,5,3,8,0,180,60,0,0,0.86,72.0,1,1,1,0,84.45968876917306,0.6336830119273906,0.6619486483445314
3,3,5,4,1,0,45,45,1,0,0.86,1.5,0,1,1,0,62.715211141781246,0.8004415487378044,0.6357792323495413
5,2,4,2,7,0,150,60,0,1,0.72,72.0,1,0,1,0,64.85608214450677,0.6149564261775787,0.31019043826390735
4,3,5,5,3,1,180,15,0,0,0.72,24.0,1,1,0,1,67.71541502015415,0.7322022626620232,0.5938894516270945
2,2,4,5,3,0,180,30,0,0,0.86,12.0,1,0,1,1,37.435727693889774,0.640071989462011,0.4801521125335857
1,4,3,3,4,1,120,10,0,1,0.72,4.0,0,1,0,0,37.42267323981935,0.7010059930675394,0.38587802931181847
1,5,4,2,0,1,90,30,0,0,0.86,3.0,1,1,0,1,107.62751329949421,0.7126900789968506,0.6218633700032166
3,1,5,1,1,1,30,60,0,0,0.82,1.5,1,0,0,0,16.404909561635872,0.7580673506011968,0.02787189183234014
1,4,3,5,8,1,180,60,1,0,0.72,12.0,1,1,1,0,84.19207806891333,0.4816720163176384,0.6724110109037076
4,4,3,1,4,1,45,10,0,0,0.72,2.0,1,1,0,0,105.75108822092696,0.7728638072917888,0.4264002589701928
1,4,4,5,6,0,60,15,0,0,0.72,12.0,0,1,1,0,63.846215317750286,0.7453475897342927,0.6403898122637665
4,2,3,2,6,1,90,60,1,0,0.72,72.0,1,0,0,0,42.643616090911216,0.740110145276208,0.046621367224606254
4,4,3,2,1,1,75,20,0,0,0.82,2.0,1,1,0,0,129.3022701732779,0.7751881836976143,0.4419383405900189
3,1,1,5,2,0,60,45,0,0,0.86,2.0,1,0,1,1,21.438811230333837,0.7870075075146327,0.4592020152941983
1,5,2,5,0,0,30,0,0,0,0.86,3.0,1,1,1,1,77.37364779033769,0.6258390858872837,0.8477736958481153
4,2,3,1,7,1,120,20,1,0,0.72,3.0,1,1,0,0,40.647104042443,0.6382844616370638,0.39241815704703426
5,5,1,3,4,1,150,20,1,0,0.82,12.0,1,1,0,0,81.40260017541229,0.6726055622039266,0.41718601076266665
5,1,3,4,3,1,90,45,0,0,0.72,96.0,1,0,0,1,24.864229093806095,0.8332619141608679,0.21824781873794333
4,1,4,5,3,1,75,30,0,0,0.86,48.0,1,1,0,1,96.030842700103,0.6375082421999846,0.6193949848460698
2,3,5,2,8,1,45,30,0,0,0.86,48.0,1,1,0,1,48.46464458792112,0.5446833659134382,0.5941819274446735
4,2,1,5,4,1,90,10,1,0,0.72,8.0,1,1,0,0,74.9644438077415,0.5948905324040965,0.41833395860354095
3,5,4,3,8,0,60,15,0,0,0.72,4.0,1,1,0,0,47.25644204384891,0.482423218766731,0.40773466938222813
5,5,4,3,4,1,60,30,0,0,0.86,96.0,1,1,1,1,53.7516053194116,0.787718061166782,0.8206941392645997
5,4,4,5,1,1,150,45,0,0,0.82,3.0,0,1,1,0,78.54774369720684,0.606868825039999,0.6598843447120047
2,3,4,2,1,0,90,15,0,0,0.82,2.0,1,0,0,1,104.04038306671566,0.6116693724357289,0.28654339930730943
2,3,4,1,4,1,45,30,1,0,0.86,8.0,1,1,0,0,64.58839782752821,0.6689697700087679,0.40623104798440507
3,3,1,5,4,1,45,20,0,0,0.86,8.0,0,0,0,1,87.79540588143618,0.7353593938038953,0.26705511302135143
1,5,2,2,6,1,60,60,0,0,0.72,4.0,1,1,0,1,47.866304544752474,0.5850364846122741,0.5909583157736426
5,5,5,1,7,0,45,15,1,0,0.72,3.0,1,1,1,0,46.85456294328914,0.6787863068119562,0.6337213338186893
1,4,3,4,7,0,45,20,1,0,0.72,48.0,1,1,1,1,116.99221230667078,0.5497237130190789,0.8795141482931117
2,5,3,2,5,1,75,20,1,0,0.72,1.5,1,1,0,1,76.28544702976103,0.6900302454954219,0.6025548475018279
4,4,4,2,0,0,45,0,1,1,0.82,4.0,0,1,1,0,28.178587281857958,0.796573140059544,0.6130256050504039
2,4,2,2,4,1,150,0,0,0,0.82,72.0,1,1,1,1,76.9885457475604,0.8002131680505019,0.8353107754015051
4,2,1,5,1,1,150,15,0,1,0.86,8.0,1,1,0,1,49.80169408488024,0.5950408180554431,0.5915482721260391
3,2,4,4,4,1,75,20,0,0,0.82,24.0,0,1,1,1,72.51194776319599,0.7170201077581995,0.8381498909657233
3,3,1,2,8,0,120,45,0,0,0.72,24.0,1,1,0,0,97.98098600076075,0.560695213280828,0.4360719924041826
4,1,5,1,6,1,90,30,0,0,0.72,8.0,1,1,0,0,42.485080837224864,0.823229620524186,0.3806973137881236
4,1,2,1,6,1,180,45,0,0,0.72,24.0,1,0,1,1,104.28817109902982,0.8772895280917706,0.5081151804329292
2,3,2,1,3,1,75,30,0,1,0.86,2.0,1,0,0,1,65.6301120629663,0.8489512091999187,0.24432682339798323
1,5,5,2,4,0,90,30,0,0,0.82,96.0,1,1,0,1,69.5513953273915,0.6731989496942486,0.5992436704063303
5,2,3,3,8,0,150,0,0,1,0.82,4.0,1,0,0,0,53.75449013970125,0.7087608933844785,0.056223064222887344
1,2,4,1,3,1,45,0,0,0,0.72,96.0,1,0,0,0,19.28555915675671,0.5917198155845809,0.04143665234691715
1,4,1,5,3,0,60,45,0,1,0.82,12.0,1,1,1,1,38.508244802115286,0.7285361509187662,0.8146746326370966
2,1,3,3,7,1,150,10,0,0,0.82,1.5,1,1,1,0,49.917111832234525,0.8348908568891389,0.6248357145725834
3,1,2,3,1,0,60,0,0,1,0.82,12.0,1,1,0,0,16.4664543009722,0.8535377895036871,0.36122999093539004
3,4,5,2,1,1,90,15,0,1,0.86,4.0,0,1,0,1,114.20453664077834,0.6916102929198591,0.6277236372561288
2,3,1,5,8,1,60,45,0,1,0.72,48.0,1,1,1,1,19.833571036502665,0.6873482920066131,0.8051080002505389
3,2,3,2,0,1,120,30,1,1,0.86,1.5,1,1,1,0,43.26090917374362,0.9861099568224112,0.6098129091382604
5,1,3,3,0,1,120,0,1,1,0.82,2.0,0,1,0,0,105.18142537812255,0.9536647808295825,0.41336441559401094
4,3,3,3,7,0,90,30,0,0,0.82,3.0,0,1,0,0,81.10780528897361,0.7124750643383775,0.4141986156889627
4,3,2,2,6,1,75,45,1,0,0.72,72.0,1,0,0,0,88.50130445429076,0.8329994872656357,0.07069090552759935
3,3,3,4,1,0,45,30,0,0,0.86,48.0,1,1,1,1,59.67167366428345,0.6673268382587276,0.833068237098078
3,1,5,3,0,0,60,10,1,0,0.72,4.0,0,1,1,0,14.29523131221027,0.8084621066436062,0.6029378067430878
5,3,4,5,4,0,90,60,1,0,0.82,2.0,0,1,0,1,28.94588745008837,0.5843817592832553,0.5783905351502311
2,4,4,1,0,0,180,45,0,1,0.82,12.0,1,1,0,1,115.36273950497431,0.5694760328186149,0.6370451707060133
5,1,4,3,3,0,150,60,0,1,0.86,4.0,1,1,1,1,49.67955822886178,0.7927224796380882,0.8176291319112416
1,1,2,5,8,0,30,30,0,0,0.86,12.0,1,1,0,0,117.84168803105399,0.6110999168406722,0.44578413117518895
3,3,4,3,6,1,30,20,0,1,0.72,72.0,1,0,0,1,62.07712416257265,0.6125782637988877,0.258504270975793
4,1,1,4,7,1,150,60,0,1,0.86,1.5,1,1,1,0,23.545129902493855,0.8374716442727059,0.6070737381692398
1,5,4,4,2,1,30,45,0,0,0.82,48.0,1,1,1,1,86.4766910102791,0.49844575283238507,0.8627599246419191
1,1,2,2,8,1,30,30,0,1,0.72,72.0,1,1,1,0,83.67975113981032,0.8072097804684483,0.6492818161270822
1,4,5,4,8,1,120,0,0,0,0.86,12.0,0,1,0,1,100.94591245593513,0.5948853083611699,0.6256553033853416
3,4,2,4,2,1,30,0,0,1,0.82,96.0,1,1,0,0,26.86802651842688,0.5938865636128159,0.38633995822605416
2,2,3,4,1,0,150,60,0,1,0.86,4.0,1,1,0,1,63.75436667549677,0.8370506081354343,0.5839093685475175
2,3,3,2,1,1,30,45,0,1,0.82,2.0,1,1,0,0,112.74354971841674,0.6216014213978489,0.4416502669810951
1,5,4,4,6,1,75,0,0,0,0.86,2.0,1,1,0,1,37.08128082363986,0.5566027268413682,0.5857586630035309
2,1,2,3,5,0,45,10,1,1,0.86,3.0,1,1,0,1,37.194223879181045,0.6201120029897832,0.5813883090435026
1,4,4,1,7,0,150,10,1,0,0.72,2.0,1,1,0,0,92.65183565961581,0.7378600312938057,0.4201176882491775
1,3,5,4,7,1,90,10,0,0,0.86,3.0,1,1,0,1,92.47617584434936,0.4944085821117599,0.6270421831484098
3,1,4,1,7,0,150,45,0,0,0.86,8.0,1,0,0,1,52.72854680340064,0.852410407427282,0.2354836360156907
5,1,2,2,8,0,75,15,0,1,0.82,96.0,1,1,1,0,103.20577116661701,0.7776398610473231,0.6643690571710988
4,3,5,5,6,1,150,0,0,0,0.72,8.0,1,1,0,0,43.55136584161819,0.5896928114176956,0.3977557470951735
4,1,3,5,7,1,120,15,0,0,0.72,8.0,1,1,0,1,37.91481280268289,0.6974630414736077,0.5764541289653028
1,2,3,5,2,0,60,45,0,0,0.86,96.0,1,1,0,1,54.485475646026806,0.8185161800149984,0.5790275178296347
1,4,4,5,1,1,150,30,0,0,0.72,2.0,1,0,0,1,126.34783950770495,0.6378183139950874,0.2995846110254805
4,2,3,1,8,1,45,15,1,1,0.86,4.0,0,1,0,0,47.03650191114102,0.48195349956649863,0.4076209229711058
2,3,4,3,5,1,75,10,0,0,0.86,2.0,0,1,1,0,134.6305426935904,0.42414332581629877,0.7100636623219194
1,4,2,5,1,1,90,45,0,1,0.72,8.0,1,1,0,1,110.84915515017047,0.5938873546639942,0.6323273219403007
3,1,2,4,0,1,90,30,0,1,0.72,8.0,1,1,0,0,89.37284632490822,0.7653760256667521,0.4160055757532662
4,3,5,4,8,1,45,30,1,0,0.86,12.0,1,1,1,0,70.59923487760953,0.6194576341426371,0.6537041221950886
1,4,5,4,1,1,180,60,0,0,0.86,2.0,0,1,1,1,114.02784810513748,0.6894322460136835,0.8677583081824671
3,3,3,3,8,0,75,60,0,0,0.86,96.0,0,1,1,1,45.72885195051266,0.7135896176388012,0.8205346280656257
3,3,4,2,4,1,45,45,0,0,0.86,8.0,1,0,1,1,90.06011585764041,0.8131835732378864,0.5031172271117749
3,1,1,2,7,0,75,30,1,1,0.82,1.5,1,1,1,1,35.43818215764939,0.6054454484342381,0.8212442733813696
5,4,2,5,7,0,180,45,1,1,0.86,4.0,1,1,0,1,100.46682763535134,0.5765273627237563,0.6266209696995714
1,1,1,3,4,1,30,10,1,0,0.86,24.0,1,1,0,1,39.17827408833405,0.8620706901022153,0.5657739010850678
1,4,1,1,0,1,45,30,0,0,0.82,2.0,1,1,0,1,36.012730974068646,0.702097428163271,0.5748616673446169
4,1,2,2,5,1,120,45,0,0,0.82,2.0,1,0,0,0,240.0,0.7733898495521114,0.17586271053135222
2,2,1,1,6,1,120,20,0,1,0.86,96.0,1,0,0,0,27.530374846483344,0.8618660705488406,0.02802295829257006
5,1,3,3,3,1,45,0,0,0,0.86,2.0,1,0,0,1,79.87670520493927,0.5693020254752217,0.2733999950200273
2,3,3,4,3,0,60,20,1,0,0.72,8.0,1,1,1,0,112.42607359052377,0.6420418478489843,0.680007786377587
2,5,2,4,0,1,150,30,0,0,0.86,3.0,0,0,0,0,103.18540730264574,0.7499732637847196,0.08629214307016679
4,4,4,4,3,1,180,45,0,0,0.72,3.0,1,1,1,1,120.65331464308183,0.7238211604707239,0.8697680618624373
2,3,1,1,6,1,45,10,0,0,0.82,2.0,1,1,0,1,65.99217047451708,0.6752992892063513,0.5967238300719002
1,1,5,4,6,0,180,60,0,1,0.72,24.0,1,1,0,0,33.89172893205814,0.6823923187563431,0.3848270236417614
2,1,2,2,7,1,30,60,0,1,0.72,12.0,1,0,0,1,18.951423037278452,0.6451723786942617,0.227472215516254
2,5,3,5,5,0,45,60,0,1,0.86,24.0,0,1,0,1,68.83035318371226,0.7291666745788885,0.5948452349019526
1,2,3,3,4,1,120,0,0,1,0.72,4.0,1,1,0,1,41.878633704067596,0.6979341045509541,0.5790637018174782
3,5,2,1,3,0,75,60,0,0,0.86,1.5,1,1,0,1,58.33728384052452,0.8920958851977092,0.5764448105965101
2,1,4,3,1,0,75,30,0,0,0.86,48.0,1,0,0,0,219.4349216455824,0.8878795083255626,0.1541383821809322
4,1,5,5,1,0,180,15,0,0,0.82,8.0,1,1,1,1,59.918616623943315,0.8396649926293307,0.8211691949319091
4,4,2,3,8,1,180,20,0,0,0.82,12.0,1,1,0,0,79.24259019888173,0.5370822033587095,0.4252326392308115
5,2,2,3,5,1,180,0,0,1,0.72,1.5,1,1,0,0,78.85066602103043,0.5874980839034563,0.4214422448074451
1,5,5,2,6,0,30,20,1,1,0.82,24.0,1,1,0,1,88.7845662580605,0.507578879419539,0.6236591892793393
5,2,3,3,4,1,45,0,0,1,0.82,12.0,1,1,0,0,26.304807961963128,0.6619867332766264,0.3811974673119449
3,1,1,5,3,0,90,60,0,0,0.86,3.0,1,1,0,0,108.67940327377869,0.8564456381169254,0.42250174084766773
5,4,5,3,1,0,90,60,0,0,0.72,4.0,1,1,1,1,34.684751890852226,0.7593527796978884,0.8099684733483826
4,5,5,3,6,0,60,15,0,1,0.86,8.0,1,1,0,1,80.02777634530207,0.6318055543853822,0.6091254620898913
3,1,1,5,3,1,75,45,0,0,0.82,3.0,1,1,0,1,76.75668808886977,0.7213570589907277,0.6006761312632289
3,1,2,5,5,1,120,30,1,0,0.86,1.5,1,0,1,0,127.78311102279841,0.7549072204198775,0.3423452352524742
5,4,3,4,0,0,60,10,0,1,0.82,96.0,1,1,0,0,91.66631918857138,0.7164269837418435,0.42096099059711856
2,5,5,2,5,1,90,45,0,1,0.82,8.0,1,1,1,0,117.45185819963933,0.6962135912494589,0.6795662874122975
4,5,5,3,5,0,120,0,1,1,0.82,4.0,1,1,1,1,61.31363373290348,0.5771485734838616,0.8404753556780654
5,4,4,1,3,1,30,0,0,1,0.82,96.0,1,0,0,1,85.29210114441851,0.5861734330631218,0.2758292604485271
5,2,3,3,0,1,150,45,0,0,0.86,12.0,1,1,0,1,25.138512970539978,0.7694242028113453,0.5628993144502324
2,1,5,3,6,0,90,15,1,0,0.86,48.0,1,1,1,0,91.462856446549,0.9751125371251754,0.6427173600322704
1,5,5,2,0,0,30,15,1,0,0.86,2.0,1,1,1,0,189.99868622366347,0.7485763245298754,0.7242654480986844
2,5,3,1,2,1,150,0,0,0,0.82,3.0,0,0,1,0,74.90369248803316,0.740156738617606,0.3081248232887897
5,3,1,5,0,0,45,30,0,1,0.72,48.0,1,1,0,1,36.16612942067409,0.6667326265699179,0.5774394690872219
4,3,1,3,4,0,180,20,0,1,0.82,12.0,1,1,1,0,119.06246666556011,0.6442577323464156,0.6842769365127911
3,5,4,3,1,0,90,10,0,0,0.82,2.0,1,1,1,1,65.15515468019262,0.5256866169376486,0.8466387066011597
2,4,5,2,8,1,60,45,0,1,0.72,4.0,1,1,0,1,118.93407526726801,0.6226054917364204,0.6357069990899626
2,5,3,5,5,1,150,45,0,0,0.72,96.0,0,1,0,0,53.87689123724921,0.5234364002314794,0.40927737947529597
1,5,2,5,3,1,75,10,0,0,0.72,12.0,1,1,1,1,15.672230373698843,0.5558344174580844,0.8115397443604
5,4,2,5,2,0,90,60,0,0,0.82,2.0,1,1,0,1,71.46798250886357,0.5867320057262857,0.6065740812717357
4,4,3,5,5,1,90,10,1,0,0.82,8.0,1,1,1,1,73.34261100457628,0.7202294114600123,0.83847901520085
1,4,3,3,4,1,45,20,1,1,0.86,3.0,1,1,0,1,58.64266488391371,0.6651248078614743,0.5925363733723059
1,4,1,5,5,1,60,0,0,1,0.82,3.0,0,1,1,1,108.37830065907323,0.6149089748277218,0.8692085722014417
2,1,1,2,4,0,150,60,0,1,0.72,4.0,0,0,0,0,48.818069222102906,0.7924619862429073,0.04707304044439843
4,2,5,4,2,0,30,60,0,0,0.72,4.0,1,1,0,1,62.03852668874734,0.8650960118689774,0.5808022969616697
4,1,5,2,2,1,120,0,0,0,0.82,24.0,1,0,0,0,24.829541566344687,0.674663311135249,0.03932659593142903
1,4,2,5,3,0,75,15,1,0,0.72,72.0,1,0,0,1,175.59925905509374,0.6513194868107677,0.3314738086266421
2,1,5,3,0,1,120,20,0,0,0.82,48.0,1,1,1,1,58.55648829867978,0.7748003939071182,0.8248016312922882
5,3,4,2,7,0,75,60,0,0,0.82,24.0,1,1,1,1,77.54370775106914,0.6129032173055694,0.8487925799559896
3,3,4,3,4,1,30,20,0,0,0.86,1.5,1,1,1,0,20.82901270829381,0.5909171228616283,0.622521809871882
4,3,2,3,0,0,30,60,0,0,0.82,12.0,1,0,0,0,55.77151648279364,0.6858774505143644,0.05916958945252359
3,4,1,4,1,1,180,60,0,0,0.86,8.0,1,1,1,0,33.340154352134576,0.4990866888638625,0.6372907013476193
4,5,5,5,1,0,90,20,0,0,0.82,48.0,1,1,0,1,40.060108151377264,0.4745387365336727,0.5934890272102278
3,3,3,4,1,1,120,30,0,0,0.72,8.0,1,1,1,1,107.86859263985457,0.8379362490685957,0.8532568576584346
5,4,3,2,8,1,30,45,0,0,0.86,2.0,1,0,1,1,44.59133080699162,0.6505259482913036,0.4841907374909365
5,3,4,3,8,1,180,60,0,0,0.72,96.0,1,0,0,0,99.1773637511107,0.593972448626474,0.0945401710968873
5,4,4,1,1,0,30,30,0,0,0.72,4.0,1,0,0,0,145.03933985310618,0.625905902554181,0.12287948005661146
5,3,4,2,7,1,180,15,0,1,0.82,24.0,1,1,0,1,96.29888454619024,0.6235984325654917,0.6205473660845424
2,4,5,1,4,1,150,10,1,1,0.86,3.0,1,0,0,0,64.23300591817818,0.7324858846376131,0.0615479920208192
2,1,5,1,5,1,120,20,0,0,0.72,4.0,1,1,0,1,108.93051898909401,0.5614000176196634,0.633322344759353
5,2,4,4,4,1,120,0,0,0,0.82,1.5,1,1,1,0,21.951074665298048,0.6006492635412105,0.6225886013289806
2,2,2,5,3,0,60,45,1,0,0.82,72.0,1,1,1,1,50.48218240933854,0.7280772469059664,0.8226893809894748
2,5,5,2,4,1,75,45,0,0,0.82,1.5,1,0,0,1,60.05194477669487,0.39959212130449756,0.2720631813598151
3,1,4,2,2,0,150,15,0,0,0.82,96.0,1,0,0,1,87.40940265823292,0.8300616196009447,0.2601686217334225
1,5,4,2,0,0,75,60,0,0,0.86,24.0,1,1,1,0,20.349850029387806,0.6622676513472547,0.6172078310919508
5,5,2,1,6,1,45,0,1,1,0.86,72.0,1,1,0,1,81.00600183790365,0.6467843079391049,0.6087290996695317
1,4,4,5,6,0,60,0,0,0,0.72,96.0,1,1,0,1,109.28593366793812,0.5672546573388754,0.6331494630982375
5,5,3,2,1,0,120,20,0,0,0.82,72.0,1,1,0,1,47.853359517089174,0.5329353608676464,0.5945967644173242
4,1,5,5,6,1,180,30,0,0,0.82,24.0,0,0,1,0,72.78833743147933,0.5894357313465624,0.3172650570933935
3,4,3,5,1,1,180,60,0,1,0.72,3.0,0,1,1,0,89.36588881038863,0.7783847907229458,0.6550903238563197
5,5,2,2,3,1,60,45,0,0,0.86,2.0,0,1,0,1,107.28342045057938,0.6509691352300395,0.6259544408342835
5,3,4,3,5,1,150,60,0,1,0.72,1.5,0,1,1,1,52.80864723405686,0.49061501126978724,0.8408627140338194
3,1,2,2,3,1,45,60,0,1,0.82,24.0,1,0,0,0,13.703982801052788,0.8434730326489408,0.020092876248609337
4,4,4,1,7,1,45,30,0,0,0.86,48.0,1,1,0,0,28.903923678077405,0.4576677290652791,0.3972325414174821
2,5,3,5,5,1,45,15,1,0,0.72,4.0,1,1,1,0,70.38434587392146,0.7642266247531959,0.6434270335165574
1,5,4,2,3,1,150,20,0,0,0.82,24.0,0,1,1,1,84.25855193957516,0.744003767627697,0.8440921042257781
5,3,4,4,6,0,45,0,0,1,0.82,8.0,1,1,1,1,73.19734259878012,0.5925390340445583,0.8473204960160677
4,3,5,2,2,0,60,20,0,0,0.72,96.0,1,1,0,1,52.36266219179643,0.761063312644774,0.5816340095760635
4,4,2,5,1,1,75,15,0,0,0.86,2.0,0,1,1,0,27.50754809708404,0.6802499034700141,0.620720872155155
3,3,2,5,3,1,30,0,1,1,0.72,1.5,1,0,0,0,32.63407513508959,0.6767041071811037,0.044386762587382465
3,5,4,2,2,0,180,0,1,0,0.86,24.0,1,0,1,0,200.8854140834904,0.7337636766434886,0.3925601520239494
5,3,2,1,8,0,45,30,0,0,0.82,48.0,1,1,0,0,104.25996684706006,0.6480863380170698,0.43414060090351186
4,2,4,5,8,0,60,0,0,0,0.82,48.0,1,1,1,1,119.54462375585749,0.7966442437856267,0.8639313187722445
2,1,4,3,8,1,30,30,0,1,0.72,12.0,1,1,0,0,60.35357342791137,0.7415476884600142,0.3983273774264066
1,5,2,4,0,1,45,60,0,0,0.82,1.5,1,1,1,1,126.21012936459893,0.7449325360303051,0.8719948087209446
5,1,2,3,7,1,180,60,0,0,0.86,96.0,1,0,0,1,63.34688326894644,0.7637141481580628,0.24877126514156656
4,1,5,5,3,0,30,15,0,0,0.82,8.0,1,1,0,1,58.000242136600356,0.7476683804594323,0.5863300414589067
4,3,3,5,6,0,120,60,0,0,0.82,1.5,1,1,0,0,66.5893206531999,0.7509088930947125,0.4018292579188367
4,5,1,1,8,0,150,0,1,0,0.86,12.0,1,1,0,1,41.62744026314944,0.7654884543279237,0.574167435039145
5,1,5,4,5,1,180,10,0,0,0.82,3.0,1,0,0,1,12.311302721713233,0.7485368066932236,0.21580995867928315
3,3,2,3,0,0,90,20,0,0,0.86,12.0,1,0,0,0,29.34799816650621,0.6909361301553754,0.04119980300012786
2,4,2,4,4,0,150,60,0,1,0.86,96.0,1,0,1,0,41.6090106115639,0.6580201756887806,0.2916779281094946
4,5,5,1,7,0,90,15,1,0,0.86,8.0,1,1,1,0,46.218954305270785,0.5139521094545462,0.6448359885416957
5,2,2,3,0,1,150,45,0,1,0.86,8.0,1,1,0,0,21.33590733434174,0.8477793039931439,0.3648793869433744
2,5,5,5,7,0,45,45,0,1,0.82,96.0,1,1,1,1,150.55533476906945,0.439170437134162,0.9096282925799883
3,2,5,3,8,0,75,20,1,0,0.86,48.0,1,1,0,1,95.82713190660326,0.6408630675958269,0.6190243398726942
4,3,3,5,5,0,90,0,0,0,0.72,8.0,1,1,0,0,101.48349410873313,0.5508804798133269,0.43909402915222256
1,3,1,1,7,1,30,20,1,0,0.86,96.0,1,0,0,0,9.593282065330667,0.633562199549691,0.032046167408408745
3,4,3,2,2,1,90,20,0,0,0.82,24.0,1,1,0,0,111.7294531846762,0.6413919569578248,0.43958886513606976
5,4,2,1,7,1,75,30,0,1,0.82,1.5,1,0,0,1,75.01621707382768,0.5781266331855872,0.2695419470595607
1,2,1,2,4,0,120,60,1,0,0.82,4.0,1,1,0,1,24.83456029527659,0.6996066220668673,0.5675839099855037
3,4,1,5,5,1,150,20,0,1,0.86,96.0,0,1,1,1,106.978506502877,0.6607991079905818,0.8650630667759106
2,5,5,3,3,1,120,15,0,1,0.72,24.0,0,1,1,0,62.22253338579138,0.5473213228929078,0.6531691963213575
5,1,2,3,6,1,120,20,1,0,0.86,3.0,1,1,1,0,92.34883025033656,0.6623746731548436,0.6651996597127187
3,2,4,4,5,0,180,15,0,0,0.86,2.0,1,0,0,0,163.02687929161107,0.5898526457544646,0.13739490099159485
5,1,1,1,7,0,60,30,1,1,0.72,2.0,1,0,0,0,117.12444440158444,0.8236793762685586,0.09042540659559054
2,5,1,1,2,1,75,15,0,1,0.72,1.5,1,1,0,1,104.04860601052606,0.6222346592316617,0.6258093111941344
4,5,2,1,6,1,150,45,1,0,0.86,3.0,1,1,1,1,83.07606564758225,0.5887101169802013,0.8541743355764407
3,5,3,3,0,0,60,60,1,1,0.72,8.0,1,1,1,0,79.05112155969101,0.7169194347766895,0.6525163872720925
4,2,3,5,2,1,150,15,0,1,0.72,48.0,1,1,0,0,94.00006909297025,0.6745750690708535,0.4254464578936871
2,2,3,3,2,1,120,15,0,0,0.72,8.0,1,0,0,0,70.50166629715716,0.6891333918913286,0.06876177343237844
4,3,2,2,5,1,90,10,0,1,0.72,3.0,0,1,1,0,32.759806244346734,0.7597149964214853,0.6186598210800606
3,2,2,4,3,1,75,15,1,0,0.72,48.0,1,1,0,1,56.31703273166577,0.6910789313285517,0.5891691632947785
5,4,4,5,2,1,150,30,0,0,0.86,72.0,1,1,0,1,23.854553400776393,0.6786395620020245,0.5683982662603759
2,2,5,5,4,0,45,15,1,0,0.72,4.0,0,0,1,1,95.70039538407732,0.6829737293125107,0.5159921025375092
1,2,4,1,2,0,30,45,1,0,0.86,8.0,0,1,0,1,218.9805603655175,0.8647352501804373,0.6854555727310477
3,2,3,4,4,0,30,20,0,1,0.72,24.0,1,0,0,1,97.30152632443794,0.7470874051263656,0.27257156585744635
4,4,5,5,6,1,150,30,0,0,0.72,96.0,0,1,0,0,25.97128410530481,0.6663567829093278,0.3806692145998836
4,5,2,4,1,1,45,20,1,1,0.86,1.5,1,1,1,0,65.1683639814764,0.6783659358636834,0.6459599604771932
3,4,1,3,6,0,60,45,0,0,0.72,96.0,1,0,0,0,67.46579077801684,0.5905626654797085,0.07363780726843164
4,5,1,5,4,1,45,15,1,1,0.86,72.0,1,1,1,0,66.07076863367027,0.6114300126787945,0.651247078201598
1,1,5,4,8,1,150,30,1,1,0.86,1.5,1,0,0,0,46.580921888083935,0.6643345643225794,0.05455052842280873
3,1,2,4,0,1,30,0,1,1,0.82,3.0,1,1,1,0,104.60480293882264,0.7579546794544861,0.6666797077307345
4,1,5,4,7,0,45,60,1,0,0.82,24.0,1,0,0,1,55.883139911699146,0.6031752510935299,0.25503315903125234
2,2,4,4,6,0,60,15,1,0,0.86,8.0,1,1,1,1,58.46540490643726,0.7354927167448881,0.8274924464321494
2,4,1,4,2,1,45,15,0,0,0.82,12.0,1,1,1,1,113.63339497954001,0.6523367415698156,0.8700920247431396
3,3,4,3,4,1,75,60,1,0,0.82,72.0,1,1,0,0,102.73720147443896,0.7103230070564119,0.4287688571556772
2,2,3,1,3,1,60,60,0,0,0.86,96.0,1,0,0,1,95.10466629678558,0.6582652542629471,0.2773245430661174
4,3,2,3,8,1,45,15,1,0,0.82,24.0,1,1,0,0,60.93561441905757,0.6313650588132494,0.4064281888291109
3,5,2,3,2,1,60,15,1,0,0.82,72.0,1,1,1,1,46.910481146468925,0.6277239502945892,0.8273329775770247
5,4,4,3,8,0,75,30,0,1,0.82,48.0,1,0,0,0,134.61355985263884,0.5697475287871454,0.11986004621999238
2,1,5,5,7,1,90,45,0,0,0.72,1.5,1,1,0,0,92.3957487077133,0.43804753780223415,0.4409338381589858
4,3,5,3,8,1,60,10,1,1,0.82,12.0,1,0,1,0,52.56691994111498,0.506588396732833,0.30958342552277834
5,1,4,4,4,0,120,60,0,0,0.86,24.0,1,1,0,1,54.89195031926999,0.6706659540388743,0.5896480167634588
2,4,1,4,8,1,180,15,0,0,0.72,12.0,1,1,1,0,150.2788123553505,0.6240835594752917,0.7065000257402967
3,4,3,1,6,0,60,45,1,0,0.86,24.0,1,1,0,1,82.91809664950284,0.6500034192798275,0.6097784917500806
4,4,4,1,3,1,60,60,0,1,0.86,72.0,1,1,0,0,47.85697012748974,0.6900641972995001,0.39360015294069484
4,4,3,1,6,1,180,15,0,0,0.82,3.0,1,1,0,1,56.35368526154497,0.5755014293273589,0.5972840234547816
5,1,2,2,5,0,30,30,0,0,0.82,72.0,1,0,0,1,100.98362192417646,0.800823850473908,0.27126474508294407
2,5,4,1,4,0,60,60,0,1,0.82,24.0,1,1,1,0,112.80921668499977,0.6704208924913189,0.6782766819822743
1,4,1,2,2,0,90,10,0,0,0.86,1.5,1,1,0,0,150.79884153126386,0.7950884620207904,0.45487636867938724
1,1,3,5,6,1,45,15,0,1,0.72,96.0,1,0,1,0,18.21181991128694,0.6002722965599568,0.28012215251499434
5,3,1,5,1,1,30,15,1,0,0.86,2.0,1,0,1,1,94.8232958150375,0.6545346350733758,0.517398106088222
2,4,3,3,3,1,60,20,1,0,0.72,96.0,1,1,0,1,68.85136862628963,0.6895877575085045,0.5976297693919311
4,3,2,3,5,0,180,20,0,0,0.72,2.0,1,0,0,0,68.13232648364583,0.7688938624244694,0.06159898061938436
4,3,3,1,8,1,120,20,0,0,0.82,2.0,1,1,0,1,19.576646089491426,0.6375643252323242,0.5684215946267316
2,1,3,2,8,0,30,30,0,0,0.82,12.0,1,1,1,1,59.00734440527431,0.6122723399905989,0.8364791658041743
3,2,2,3,3,0,75,45,0,0,0.86,48.0,1,0,0,0,47.8530251984367,0.6571818989151413,0.05589928387489791
2,4,1,5,6,0,90,45,1,1,0.72,96.0,1,0,1,0,77.3463874780827,0.6017253604551732,0.31944348308685966
4,3,4,1,7,0,60,0,0,0,0.82,8.0,1,0,0,1,47.655686677425535,0.6802128732324815,0.24415555665867666
1,1,1,5,6,1,75,45,0,0,0.72,48.0,1,1,0,0,73.0525455607914,0.7370252290059266,0.4071099310101127
4,4,4,1,1,0,75,60,1,1,0.86,48.0,0,0,0,1,88.94999716669935,0.7039833692599424,0.27002116226293693
1,4,5,4,4,0,75,30,0,0,0.86,1.5,1,1,0,0,28.085929585998635,0.4691959393950239,0.3958802372996808
3,2,2,1,5,0,60,10,0,1,0.82,72.0,0,1,1,0,25.273034511930923,0.8411117055843899,0.6079708702837134
4,3,2,5,7,1,150,20,0,1,0.86,1.5,1,1,1,1,127.15986180508753,0.7090082241105918,0.8751426655156502
2,4,3,4,3,1,120,0,0,0,0.72,1.5,1,1,0,0,65.77560793963389,0.6805291795575513,0.40621336272406067
3,2,1,2,3,0,180,60,0,1,0.72,4.0,1,0,1,0,46.52869024513373,0.7034787881624662,0.2917756116587165
5,1,1,3,4,1,180,20,1,0,0.86,48.0,1,0,1,0,7.101660203457956,0.810895971718033,0.25797172211537633
2,1,2,4,2,0,180,15,1,0,0.72,4.0,1,1,0,1,37.459831277159104,0.8490416573369851,0.5655403048378504
1,1,1,5,8,0,45,0,0,0,0.86,96.0,1,0,1,0,44.84781674440404,0.5519298814817805,0.30126345279254474
2,3,5,2,1,0,60,0,0,1,0.82,8.0,0,1,0,0,53.9436160409327,0.755636099842685,0.3930678837049672
2,1,5,1,3,1,30,30,0,0,0.86,24.0,1,1,0,0,32.4961795126688,0.7667116121633801,0.37799430682367596
1,5,3,4,3,1,60,45,0,1,0.82,3.0,1,1,0,0,85.50504651257398,0.6381142043639184,0.4223353700362417
2,4,2,4,2,0,90,0,0,0,0.82,24.0,0,0,0,0,73.96852325591408,0.7088199590328349,0.06969495170497762
5,1,4,4,7,0,75,0,0,1,0.72,48.0,0,1,1,0,160.93757628729182,0.7716849297823195,0.7032737724400989
1,4,1,4,4,0,30,15,0,0,0.72,1.5,1,1,1,1,77.07409500243779,0.6665550752709065,0.8447238747326618
2,2,3,3,7,0,45,60,0,0,0.86,1.5,1,1,1,1,60.71682837852141,0.6584290891875347,0.8343878493425536
5,5,1,2,8,1,180,60,1,1,0.82,96.0,1,1,1,0,50.01210559590503,0.5981547569583188,0.6414705707435211
2,3,4,2,2,1,30,30,0,1,0.82,12.0,1,1,0,0,127.94666284139532,0.6537177256692965,0.4495375344307462
1,2,3,1,8,1,150,15,0,1,0.72,24.0,0,0,0,0,126.8474232461922,0.6879460078034207,0.10640872828455536
4,1,2,4,5,1,180,30,1,0,0.82,8.0,1,1,1,1,14.249915492778582,0.7439967600388034,0.7974201704591362
2,1,3,5,4,1,180,45,1,0,0.72,3.0,1,1,0,0,45.55305377108439,0.6994167526706283,0.3914095298271123
4,2,2,2,1,1,90,15,0,0,0.82,24.0,1,0,1,1,55.990156529196426,0.8764403202937022,0.47597594859890513
2,4,1,2,3,1,45,45,0,1,0.72,2.0,1,1,1,1,50.72492532259196,0.7797558949547734,0.8192337042348938
5,4,5,4,3,1,180,20,0,0,0.72,72.0,1,1,1,0,95.4565666344561,0.6267477643326043,0.6697653675863552
1,4,1,5,7,0,30,60,0,0,0.82,72.0,1,1,0,1,41.43087141273075,0.4776677171697775,0.5941838407399361
2,5,5,1,2,1,75,20,0,0,0.72,96.0,1,1,1,0,74.08375979486134,0.6406195811417394,0.6545458025166525
3,1,3,3,3,0,150,15,0,0,0.86,4.0,1,1,0,0,46.898770652452114,0.5983653374635883,0.3993802734791836
2,5,3,5,3,0,150,60,0,1,0.82,72.0,1,1,0,1,25.354641129702948,0.5326354260638819,0.5796186142619969
3,1,2,1,0,1,180,0,1,1,0.72,4.0,0,0,0,0,30.43602327017767,0.9059967966448292,0.026870906414980404
3,1,4,5,3,0,30,0,0,1,0.86,1.5,1,1,1,0,87.76221789154256,0.7594886911917006,0.6553439368776094
2,3,3,1,0,1,150,30,1,0,0.82,4.0,1,0,0,1,116.9715272586305,0.6676622331360212,0.2912446618528988
3,4,3,1,8,1,75,15,1,0,0.82,12.0,1,1,0,0,30.794279284051214,0.7042824629470705,0.3812297471164059
1,5,5,5,6,0,150,0,1,0,0.72,72.0,1,1,0,1,56.56752456942808,0.5472723471527232,0.5994026187455948
5,5,2,2,0,1,90,30,0,1,0.86,3.0,1,0,0,1,126.73051433991787,0.6629726655119828,0.2980789229741065
5,1,2,3,2,1,75,60,0,0,0.72,48.0,1,0,1,0,71.65104375321391,0.7689166607750791,0.303943196247887
3,1,2,1,0,0,45,30,1,0,0.82,3.0,1,0,1,0,31.532631725930006,0.8309034742419086,0.2728585112870197
2,4,3,5,2,0,150,20,0,0,0.72,48.0,1,1,1,1,68.69732055496415,0.5368992526413723,0.8482152660184133
3,1,3,5,7,1,45,10,0,0,0.72,96.0,1,1,1,0,75.45557780948465,0.6764967156831362,0.6529489484418369
1,3,1,5,1,1,45,0,0,1,0.86,8.0,1,1,0,1,58.30242442891671,0.7717126928825067,0.5848483944508357
2,1,5,1,2,0,30,60,0,1,0.86,8.0,1,1,1,0,55.2394527259634,0.9063618737814435,0.623380970652608
2,5,1,4,7,1,120,0,0,0,0.72,12.0,1,1,0,1,37.82808293042757,0.5222407775322166,0.5886618675263633
3,5,3,4,2,0,75,10,0,1,0.86,12.0,0,1,0,1,62.030426039083224,0.5679117675557656,0.6015997936304852
5,2,4,4,8,1,90,45,1,1,0.72,3.0,1,1,0,0,132.23043410969996,0.5760877631003875,0.4578274793227729
2,4,1,5,8,1,45,60,1,0,0.82,2.0,1,1,1,1,240.0,0.6691738278894823,0.9531578320477363
1,3,2,2,0,1,75,60,0,0,0.72,72.0,1,0,1,1,29.354156995803834,0.7787922375850765,0.4650539813662472
5,1,1,2,2,0,30,20,0,0,0.86,8.0,1,1,1,1,47.93565972113983,0.729698831566145,0.8208781882711298
1,2,1,1,1,1,150,15,1,0,0.86,1.5,1,0,0,0,45.7634884877118,0.8123986049090194,0.04364108998150984
2,5,2,5,7,0,120,60,0,1,0.82,8.0,1,1,0,1,69.3083038950039,0.6588772987359806,0.6000841250184841
1,3,3,1,6,1,180,15,0,1,0.72,2.0,1,1,0,0,145.8827151934483,0.6078054051378808,0.46470876510264725
4,1,2,1,1,1,150,0,0,1,0.86,12.0,0,0,0,0,21.60817459663179,0.92705317115346,0.019511727750345664
3,5,1,1,7,1,45,60,0,1,0.82,24.0,1,1,0,0,79.48449068782166,0.554584437388053,0.4241687498413841
5,5,5,3,4,1,120,0,0,0,0.82,24.0,1,1,0,0,43.18376760689176,0.6588042454239852,0.39267288122491556
5,3,3,5,4,1,150,0,0,0,0.86,48.0,1,1,1,0,31.503981841896362,0.7518678903478416,0.6183719022369154
4,1,5,2,0,0,30,30,0,0,0.72,72.0,0,1,0,1,61.620522151606984,0.8501830025721023,0.5815675379210242
1,2,5,4,4,1,30,45,1,0,0.72,72.0,0,1,0,1,68.56416740582885,0.7833914190423902,0.590872045604252
4,5,2,5,0,1,60,0,1,1,0.86,12.0,1,1,1,0,93.30880067008967,0.5895095578515602,0.670940198063784
2,3,3,1,1,1,75,15,0,1,0.86,48.0,1,1,0,0,34.73115617209595,0.8057510602790028,0.37675152989520044
1,5,2,5,3,1,120,45,0,0,0.72,24.0,1,1,0,0,109.95765658783318,0.6344212414910891,0.4388956174875126
4,4,1,5,4,0,150,15,0,1,0.72,1.5,1,1,1,0,167.2216168948768,0.6812861554799695,0.7137910470463201
4,4,3,1,2,1,120,30,0,0,0.86,1.5,1,1,0,0,64.06340193199725,0.6333626016321809,0.40837355250707885
1,2,1,4,6,1,60,20,0,0,0.86,3.0,1,1,0,1,41.193726778192996,0.7316327234913091,0.5762481938744037
2,1,2,3,4,0,60,0,0,0,0.86,12.0,1,1,0,1,117.87026913095787,0.7999367525474707,0.6225846067423156
4,2,4,1,6,0,45,0,1,0,0.82,1.5,1,1,0,1,103.14596816969663,0.5838490072214776,0.6278945482742944
1,1,1,3,0,0,180,0,0,1,0.86,24.0,1,0,1,0,40.96017436749037,0.8823199781614752,0.27554438444035695
3,1,2,3,0,0,120,0,0,0,0.86,3.0,1,0,0,1,56.52486379247055,0.7303452439769142,0.24655907544992972
5,2,3,3,3,1,45,60,1,0,0.72,12.0,1,1,0,1,74.47636341149229,0.6795163034981629,0.6020847676961235
4,4,3,3,1,1,30,15,0,1,0.82,72.0,1,1,1,0,53.20310653881621,0.7410231106449604,0.633597119947397
2,1,5,2,4,0,75,15,1,0,0.82,8.0,0,1,0,1,74.18241231849687,0.6824790371198457,0.6016814089472754
2,4,3,3,0,0,30,45,0,0,0.86,48.0,1,1,0,0,97.82936684096819,0.6507200554413901,0.4296691740130815
1,1,5,3,4,0,60,60,1,0,0.82,3.0,1,0,1,1,101.83548061403823,0.6567269061891134,0.5219194369761209
4,5,4,2,8,1,120,15,0,0,0.82,96.0,1,0,0,0,72.67052572701145,0.4498491213732302,0.08695757865521486
4,2,1,4,6,0,60,10,0,0,0.86,24.0,1,0,1,1,42.186216776703866,0.6331379261501846,0.4838044896872897
2,1,2,5,5,0,75,45,0,0,0.72,96.0,1,0,0,0,16.21689617532524,0.7769820095680429,0.026422523447120493
5,5,1,3,1,1,75,30,0,0,0.82,96.0,0,0,1,0,53.005069465013364,0.7787824038908824,0.2908219447043138
2,4,1,2,0,1,30,0,1,0,0.86,4.0,1,0,1,1,54.436026078948025,0.8110523733387273,0.4795170179189211
1,3,1,4,4,1,60,15,0,0,0.82,2.0,1,0,0,1,23.630921751023084,0.5593148854469705,0.23660190585272747
2,4,5,5,0,1,150,60,0,1,0.82,3.0,1,1,0,1,50.29905691103815,0.590436128959994,0.5922021755801592
4,1,5,4,5,1,75,45,0,1,0.86,1.5,1,1,1,0,166.65391036623964,0.7615016142879624,0.7077974939106692
1,2,4,1,5,0,180,20,0,1,0.86,1.5,1,1,0,0,80.12186319171116,0.6066805003381357,0.4209469404374713
2,2,3,1,7,0,45,30,0,0,0.82,96.0,1,0,0,0,85.17387054322607,0.7618223834822989,0.07345501351838979
5,1,3,1,7,1,150,0,0,0,0.86,24.0,1,1,0,0,39.08955103558745,0.8698901403753585,0.3751673908641166
4,5,3,3,5,1,120,0,0,0,0.82,3.0,1,1,0,1,113.9221176760764,0.6447044030192008,0.6308187702393736
1,4,1,3,1,1,150,45,0,0,0.82,72.0,1,0,0,1,98.26972319328041,0.7679664243680103,0.27175549908975954
3,3,5,4,1,1,180,0,0,0,0.82,3.0,1,0,0,0,42.941582668499564,0.7363187507850787,0.04708540922404421
1,4,3,3,3,1,180,45,1,0,0.72,48.0,1,1,0,1,166.11922691640768,0.8408698401311229,0.6518852624684266
1,4,5,2,1,0,150,10,0,1,0.86,3.0,1,1,0,1,100.31264331107724,0.5622621294717027,0.627516746477699
5,5,5,3,0,0,120,0,1,1,0.72,8.0,1,0,1,0,44.88926590801698,0.6793119650391793,0.29237433971926874
5,3,4,3,2,1,75,20,0,1,0.82,3.0,1,1,0,0,52.941268162069036,0.7495617486059303,0.3928248563722976
4,3,3,4,6,1,45,15,0,1,0.82,2.0,1,0,1,0,116.42344620012497,0.6979332373622793,0.33876030418472375
2,3,4,1,6,1,150,45,0,0,0.86,96.0,1,1,0,1,40.06744036282879,0.688869116591533,0.5784907887471453
5,4,3,2,5,1,120,45,0,1,0.82,8.0,1,0,0,0,119.08354812374279,0.5400739818582999,0.11158385335241419
1,2,2,1,1,0,150,45,0,0,0.86,72.0,1,0,0,1,66.96237892471544,0.7508517822340613,0.252081961193426
4,3,5,5,0,0,60,15,0,0,0.72,24.0,0,1,0,0,75.57527012690757,0.6575724227125631,0.414353443828059
5,2,5,2,8,0,120,10,1,0,0.82,48.0,1,1,0,0,49.949364993828866,0.4563789849537042,0.4113530477157933
5,4,5,5,0,1,30,20,0,0,0.86,8.0,0,1,0,0,152.507434519599,0.7267330599995175,0.46080030881309986
3,5,2,1,8,1,90,45,0,1,0.86,8.0,1,1,1,1,106.26086356575712,0.7096039816509265,0.8611682969949399
5,2,3,1,4,1,45,15,1,0,0.72,48.0,1,1,0,0,37.47976680811922,0.9485927084695187,0.3685850216125465
5,1,4,4,0,0,120,45,0,1,0.82,24.0,0,1,1,0,53.305426231810756,0.8286001355640188,0.6275349413317258
2,3,3,5,6,1,30,10,0,1,0.82,24.0,1,1,1,0,68.66869888794776,0.6145294709592769,0.6527620696248159
4,3,5,3,3,1,30,20,0,1,0.82,8.0,1,1,0,1,90.33696458509796,0.5931621608889872,0.6187032917945029
3,3,5,4,8,1,30,0,0,0,0.86,3.0,1,1,0,1,124.91024413907905,0.6131538945307202,0.640352723475569
3,3,4,3,4,0,60,60,1,0,0.86,12.0,0,1,1,1,51.55105593912889,0.6715503074618421,0.827358849103757
5,4,2,5,4,0,75,10,1,0,0.86,8.0,1,1,1,0,76.0519010624537,0.5743074370820039,0.660499746779229
4,3,2,2,8,0,75,0,0,0,0.86,12.0,0,1,0,0,29.86043332478969,0.48969927599222074,0.39562800623040434
5,4,2,3,5,1,60,20,0,0,0.86,8.0,1,1,0,0,25.09698224775976,0.6449694207952148,0.3815834620428415
1,4,3,2,8,1,45,0,0,1,0.86,8.0,1,1,0,1,78.92120772336735,0.5538927609523417,0.613841645215581
3,2,4,5,4,0,180,45,1,0,0.82,96.0,1,1,1,0,102.09057481761461,0.8071883967538666,0.6615571954389725
5,3,3,4,5,1,75,30,1,1,0.72,4.0,1,1,0,0,82.00982735395921,0.7129543681275163,0.4147664124670467
5,1,2,2,2,0,30,15,0,0,0.72,1.5,1,0,1,1,76.79079299165154,0.7039937244862323,0.5019143012803982
5,5,1,2,4,1,60,0,1,0,0.72,3.0,1,1,0,0,149.8601540427894,0.8131927564638521,0.45298327640938996
4,1,1,4,0,1,60,60,1,0,0.82,4.0,1,0,0,0,111.63361969049957,0.8082725320240021,0.08784333588531958
5,1,1,4,6,1,180,15,1,0,0.86,1.5,1,1,1,0,124.79543429308042,0.6512470180320716,0.687609664933142
1,4,1,3,0,0,90,20,0,1,0.82,2.0,1,1,1,1,19.337096037013172,0.7106056621908171,0.8031490010046516
3,2,1,2,5,1,150,0,0,0,0.86,12.0,1,0,0,0,95.70337235025555,0.8608783267518023,0.07354076536087754
3,5,1,3,7,1,120,45,0,0,0.86,2.0,1,1,1,0,30.48884806580368,0.6095976458225272,0.6276540635029589
5,1,4,3,4,1,90,45,1,0,0.86,72.0,1,0,1,1,32.98688860041841,0.8354292694365254,0.4635112102063888
3,5,5,5,5,1,180,45,1,0,0.86,2.0,1,1,0,1,129.315314811181,0.7935282052532905,0.6306632355063904
2,4,2,5,8,1,45,45,0,1,0.86,72.0,1,1,0,0,66.93765016246367,0.5823602586924169,0.41385988199984
1,4,5,1,7,1,150,15,1,0,0.86,48.0,1,1,0,1,54.037903949512,0.7760103507991801,0.581704544743732
1,1,5,5,7,1,45,30,1,0,0.72,3.0,1,1,0,0,75.0366400891705,0.6625626239304556,0.4136450430509818
4,2,2,4,7,1,75,15,1,0,0.86,12.0,1,0,1,1,70.67259783600791,0.7126303541560279,0.4972309404330833
4,1,4,3,7,1,180,30,0,1,0.82,96.0,0,1,0,1,43.80943451668993,0.577991042562969,0.5887469166983854
1,5,5,3,3,1,120,10,1,0,0.86,3.0,1,1,1,1,59.23069943542177,0.6032435963304831,0.837260081213814
1,4,2,5,5,1,120,30,1,0,0.86,3.0,1,1,1,0,32.14443663591523,0.6967599848374781,0.6226564254853201
5,3,2,5,7,1,75,30,1,0,0.86,1.5,0,0,0,1,19.66102569567765,0.5294777853754218,0.2360439054875056
1,1,3,4,6,1,150,15,0,1,0.72,8.0,1,0,1,0,54.706737722989885,0.6679825667289644,0.2997123788109658
2,3,5,1,4,0,75,30,0,0,0.72,24.0,1,1,0,0,27.059422098056565,0.54661557452599,0.38977652451521844
2,5,3,2,0,1,30,10,1,0,0.86,2.0,1,0,0,0,23.923950507272135,0.6910564145937907,0.037575351316616074
4,1,4,3,8,0,90,15,0,1,0.86,48.0,1,0,1,1,27.835243603658114,0.5790157305593574,0.47802572792995035
2,4,3,5,7,1,45,45,0,0,0.86,4.0,0,1,0,0,87.70708370789767,0.5662008736078554,0.4288373279860486
2,1,4,2,6,1,45,15,1,1,0.82,2.0,0,0,1,0,107.29613617428106,0.6140388729972353,0.3385480363397142
2,2,5,4,5,0,45,30,0,0,0.82,24.0,1,1,0,1,92.33254743159324,0.5692227024929188,0.6217094424465578
1,2,2,3,0,0,180,10,0,1,0.72,1.5,1,1,0,1,21.20049522854634,0.9263930025646091,0.5492861533061749
1,2,4,1,8,1,75,45,0,0,0.72,24.0,1,0,0,1,94.19552424102766,0.7119387807426772,0.2729613015086977
5,5,1,3,1,0,75,0,1,1,0.82,4.0,1,0,0,0,130.99827124563745,0.5222788939711216,0.12077265825244646
5,3,4,4,8,1,75,10,1,1,0.72,24.0,1,0,0,1,93.86317081882392,0.6449333920851463,0.277430109766589
2,5,4,1,6,1,120,20,0,0,0.82,4.0,1,1,0,1,102.19230695920146,0.5154798420115151,0.6320446156986617
4,2,4,3,4,1,60,20,0,0,0.72,1.5,1,1,0,1,110.59885983698499,0.7100490869369873,0.6240291371390676
2,5,4,2,2,1,180,60,1,0,0.72,12.0,1,1,0,1,190.9588814875442,0.5821811717354723,0.6865532389702131
2,4,4,3,5,1,120,15,1,0,0.72,4.0,1,0,0,0,102.91878961093552,0.747580157969407,0.08628191534943186
5,5,1,2,5,1,45,20,0,1,0.86,48.0,1,0,1,1,84.95242068629477,0.6587693804504826,0.5105210904926627
3,3,3,2,3,1,30,20,0,0,0.82,96.0,1,1,0,1,90.51549324109385,0.7646093684547862,0.6068210063688942
5,3,3,4,4,1,30,20,0,1,0.86,8.0,1,1,0,1,63.62981485339911,0.6226053486350887,0.5988375021644766
2,1,2,5,4,0,90,10,0,0,0.86,1.5,1,1,1,0,122.47753186009392,0.7026936061200834,0.6824631354783235
3,3,3,2,0,0,75,45,1,1,0.82,72.0,0,1,0,0,52.439098544964295,0.7901948832074366,0.38964575720545563
1,3,5,4,8,1,150,30,0,0,0.72,2.0,1,1,1,1,9.103384594432892,0.585265663370711,0.8051003266270055
1,3,1,1,0,0,45,60,0,0,0.72,24.0,1,0,0,0,13.629944055677123,0.8190316036391642,0.021754417115709926
4,5,4,4,2,0,75,20,1,0,0.86,24.0,0,1,1,0,111.57337250500308,0.586498174503039,0.6833273761214561
5,5,3,4,3,0,30,0,0,0,0.82,4.0,1,1,1,1,53.05867507719729,0.6645515909357286,0.8288538386859639
2,5,4,4,3,1,30,45,1,0,0.86,4.0,1,1,1,1,33.82637365118637,0.7503373789152709,0.8100272992433887
1,5,4,2,7,1,90,0,1,0,0.72,8.0,1,1,0,0,131.21983079406226,0.6515076421445269,0.45187435224592465
2,3,5,1,4,1,45,30,0,0,0.86,4.0,0,1,0,1,44.02556316407055,0.6031695272511137,0.5871285085351358
3,3,3,2,7,1,45,60,0,0,0.82,72.0,0,1,1,1,64.85411769650739,0.709224057218556,0.8335903944590394
1,2,1,1,6,1,30,30,0,0,0.86,96.0,1,0,0,0,41.47345833649304,0.903885249904318,0.034377004731026437
1,2,5,2,5,0,150,15,1,0,0.86,3.0,1,1,0,0,19.624213187749326,0.6683923321267744,0.3762953455429587
2,2,5,4,3,1,120,60,0,0,0.82,48.0,1,1,0,1,73.8593744665443,0.6698168347772784,0.6023524045432866
5,2,5,3,7,0,90,60,1,1,0.86,12.0,1,1,0,0,70.60891525512962,0.5284031219238293,0.4200843916354184
3,4,2,1,4,1,150,60,0,0,0.86,24.0,1,0,0,1,170.8897998224545,0.7001406833971237,0.324916685377171
4,2,4,4,3,0,120,0,0,0,0.82,1.5,1,0,0,1,6.605689419036754,0.6521043740906439,0.21875648675967943
2,4,4,3,5,0,60,60,0,1,0.86,48.0,0,1,0,0,52.80437333227019,0.5306103154660405,0.408060193472224
1,2,1,4,4,1,60,20,0,0,0.72,8.0,1,1,1,0,68.26988431231042,0.7850966442857482,0.6405564911082046
4,4,4,4,7,1,30,10,0,1,0.72,1.5,1,1,0,0,52.612335677274615,0.7365143446159643,0.39351888632839893
5,5,4,3,0,1,150,45,0,0,0.86,96.0,1,0,1,1,32.56012598495198,0.6569629650288913,0.4757193431046122
2,2,2,2,7,0,120,60,0,0,0.82,3.0,1,0,0,0,44.06354383403463,0.534860344184303,0.06193547179645523
1,1,4,1,0,1,75,15,0,1,0.82,4.0,1,0,1,1,14.965196154548375,0.8352854914773958,0.4515068130329479
1,1,4,1,6,0,45,10,1,0,0.86,8.0,1,1,0,1,100.27660476648549,0.7089186717576255,0.6172267628212899
5,2,2,2,2,1,120,60,1,0,0.86,96.0,1,1,0,0,44.301022044374534,0.7940724120259042,0.3839489458544364
4,4,5,3,8,1,90,15,1,0,0.86,96.0,1,1,0,0,90.58613307791796,0.6282816279313296,0.4264110414300856
5,2,2,3,6,1,45,0,0,0,0.82,2.0,1,0,0,0,25.813344961041835,0.49920955637511966,0.052264227694436186
1,1,5,4,1,1,45,10,0,0,0.82,12.0,1,0,0,0,46.10370023763963,0.9216980520425466,0.03621693651544816
1,5,1,5,2,1,30,0,1,0,0.72,8.0,1,1,1,1,40.27479072299894,0.5621380514450558,0.8275001968808454
1,3,1,5,8,1,75,0,0,0,0.82,8.0,1,1,0,1,87.3859267488773,0.7246577097378776,0.6075312448176001
4,2,4,4,8,0,45,30,0,0,0.82,48.0,1,1,0,0,105.68859742355619,0.4977334822435935,0.44561772119198595
3,3,4,4,8,1,60,60,0,0,0.72,3.0,1,1,0,1,90.47449004902148,0.6634966246493554,0.6138715629738928
1,4,1,1,0,0,45,20,0,0,0.86,3.0,1,0,0,0,64.00581722121352,0.6442628903009806,0.06757214249307371
3,1,4,4,3,1,60,0,1,0,0.86,2.0,1,1,1,0,82.3036724135216,0.6892531863185859,0.6566213919000468
2,4,3,3,2,0,60,0,1,1,0.72,96.0,1,1,0,0,37.00849169594784,0.7133800423057853,0.38473572483589363
2,2,1,5,3,1,75,30,0,1,0.82,96.0,0,1,0,0,14.265115487843929,0.7526883835686422,0.366821890142091
3,5,3,1,6,0,180,30,0,1,0.86,2.0,1,1,0,1,44.334320198707644,0.6214677046205059,0.5860534741423696
5,1,1,4,1,1,120,20,0,0,0.82,8.0,0,0,1,0,91.67814223591,0.7870541182984179,0.31602497320971745
2,4,2,2,0,0,180,15,0,0,0.72,8.0,1,0,0,0,63.34069879801132,0.7237213319942731,0.06156663929240842
1,3,1,3,5,1,180,20,0,0,0.86,2.0,1,0,0,0,61.35974572343417,0.7357679722782502,0.0594027390894786
5,4,3,1,5,0,30,45,0,1,0.72,3.0,1,1,0,1,125.34436197362915,0.5950317020736485,0.641910688837264
3,4,5,4,8,0,75,20,0,0,0.86,72.0,1,0,1,1,109.45825689228948,0.676539918666465,0.5256143769548737
1,5,2,4,6,1,75,45,0,0,0.72,1.5,0,1,0,0,107.71935137745581,0.5115794655565099,0.4460023383293482
3,2,5,2,6,0,90,45,0,1,0.72,2.0,1,0,0,1,37.65511610873804,0.6577637497649188,0.23905994825561439
1,5,4,3,1,1,30,20,0,1,0.82,8.0,1,1,0,0,70.71105123797841,0.5776739468249976,0.41670352454756915
2,1,4,4,4,1,120,20,0,0,0.72,8.0,1,1,1,0,52.678343860867656,0.658549495661969,0.6390204312109073
1,4,5,4,2,0,180,10,0,0,0.86,72.0,0,1,0,0,33.96216753627323,0.7067273731458439,0.3831705289039731
4,3,3,5,0,0,120,20,0,0,0.86,12.0,1,0,1,0,191.8592178686119,0.6312419011813952,0.3937192121630436
2,2,4,3,8,0,30,30,0,0,0.82,8.0,1,1,0,1,205.45097651960302,0.7405655947598339,0.685127726046547
1,5,2,3,2,0,75,0,0,0,0.82,24.0,1,1,1,0,80.13850875680242,0.6468312501140971,0.6581474849965483
3,4,4,3,1,0,45,10,0,0,0.82,3.0,0,1,1,0,56.968633570863005,0.5382208107225361,0.6503036322966645
2,4,5,5,6,1,45,10,0,1,0.72,1.5,1,1,0,0,44.66048063765369,0.6572492126215441,0.39376620887492775
3,2,2,5,2,0,45,10,0,0,0.82,3.0,1,1,0,0,63.736504093964015,0.7352137527961184,0.40102604003358105
4,1,1,3,5,0,90,45,0,0,0.86,8.0,1,0,0,1,98.94541176050026,0.8742356078179623,0.26476711529307617
5,5,3,3,6,1,150,45,0,0,0.82,48.0,1,1,0,0,71.12761314693294,0.6456083465291901,0.41222582450757866
4,2,4,5,4,1,90,60,0,0,0.82,72.0,1,1,0,0,28.489815073627973,0.7450274436562518,0.3768412889931477
5,4,2,3,7,0,45,10,1,1,0.82,72.0,1,1,1,0,65.74726804907472,0.5828460287207265,0.6530322900222657
3,2,5,3,2,1,150,10,0,0,0.72,48.0,1,1,1,0,142.8529891291854,0.5847873495236843,0.7043002116194658
1,5,2,1,2,1,90,60,0,1,0.72,72.0,1,1,0,0,78.89218052658829,0.8033221258220005,0.4063622382101855
4,4,2,2,2,0,75,45,0,1,0.72,96.0,0,1,1,1,139.02414128579062,0.5943412620845479,0.8910788725112754
3,3,1,2,6,0,75,60,0,0,0.86,24.0,1,0,0,0,77.07187193570655,0.7616956343294065,0.06806255355407925
1,3,1,3,4,1,90,20,0,0,0.72,96.0,0,0,0,1,43.96448488934169,0.7799971894205647,0.23470985333345495
3,3,3,2,5,1,60,30,0,0,0.86,72.0,1,1,0,0,50.90618603245764,0.6376358696371459,0.39930294648037157
5,5,5,5,1,0,150,10,0,0,0.82,2.0,1,1,1,1,29.77512765406197,0.7906527517209936,0.8045043924822385
4,1,5,4,3,1,30,15,0,0,0.72,96.0,1,1,1,0,22.2146748713657,0.682164500525248,0.6170582682108098
5,5,2,1,6,0,30,15,0,0,0.86,3.0,0,1,0,1,90.62865877157398,0.6356766563374118,0.6159217399040973
5,3,1,1,2,1,60,10,0,0,0.72,12.0,0,0,0,1,45.7093886580131,0.7066294945533961,0.241008861153271
5,5,2,1,7,1,150,60,1,0,0.82,24.0,1,1,0,0,89.20502081270837,0.7593182214442178,0.4163177383740437
2,3,3,5,1,0,150,0,0,0,0.86,48.0,1,1,0,1,88.83362093619185,0.6983116303603862,0.6103405998322342
2,5,4,5,5,1,45,15,0,1,0.82,8.0,1,1,0,0,51.072969048803984,0.5646396322638595,0.40452387177406585
2,1,1,3,4,1,60,10,0,0,0.86,3.0,0,0,0,0,41.18670103065591,0.7680743865646726,0.04369259362757685
3,4,1,1,0,0,45,0,0,0,0.86,48.0,1,1,0,0,111.09642872745233,0.785738884146594,0.42906256392804
4,5,3,2,1,1,120,30,1,0,0.72,4.0,1,1,0,1,84.40815398470838,0.6836769740527706,0.6084147144727783
5,4,1,1,0,0,75,30,1,0,0.86,72.0,1,0,1,0,48.63141311695602,0.8518816114395948,0.2827892292771991
1,3,1,1,7,1,30,45,0,1,0.86,96.0,1,1,0,1,114.50699347658451,0.781318284565194,0.6216457157314929
5,3,4,1,4,1,120,60,1,1,0.82,4.0,1,1,0,1,86.9359421223651,0.655784341710305,0.612052390828522
4,3,5,4,6,1,120,0,0,1,0.72,8.0,1,1,0,0,93.9300080620991,0.6040346022232957,0.43033758321910204
1,2,1,1,5,0,30,15,0,0,0.72,24.0,0,1,0,0,46.17669834760221,0.8983458673737033,0.37790025484890893
5,2,4,1,6,0,180,45,0,1,0.82,24.0,1,1,0,1,52.076432219898884,0.57958842520852,0.5941464317153362
2,1,1,3,1,0,75,10,1,0,0.86,4.0,1,0,0,1,91.56737094429522,0.9042272427017841,0.2577490069737386
4,3,4,4,4,0,75,0,0,0,0.82,1.5,1,1,0,0,33.088012223865235,0.6003813312542652,0.39003198162811165
5,4,4,5,8,1,180,45,1,0,0.86,2.0,1,1,1,0,132.02866771965347,0.5794035334016681,0.6974608644749856
2,5,2,4,3,0,75,15,0,1,0.82,12.0,1,1,1,1,113.10413886497841,0.8778863585328294,0.853950714146021
4,3,2,4,3,1,150,15,1,0,0.86,3.0,1,1,1,0,17.249025165043257,0.6175231134819218,0.6182727321662944
3,1,4,2,0,0,90,45,1,0,0.82,48.0,1,0,0,1,26.252195342734076,0.887691513023696,0.215363057650164
4,4,1,1,8,1,120,20,0,1,0.82,1.5,1,0,0,1,52.43678888013189,0.6184580651426544,0.2516657946934355
3,2,3,2,8,1,150,10,0,0,0.86,4.0,1,0,0,1,60.29166521395585,0.38644396108280055,0.27314336620017454
3,1,3,3,6,1,60,30,1,0,0.72,72.0,1,1,0,0,20.313583919933798,0.8526279295329193,0.36385843421265157
3,1,2,3,0,0,120,15,0,1,0.86,72.0,1,0,1,0,62.610900267894834,0.7746111451287,0.29751782001958754
3,1,3,3,4,0,150,15,1,0,0.82,2.0,0,0,0,1,61.03104000127098,0.7042585926862218,0.2513892585128118
1,3,4,4,3,1,150,45,0,1,0.86,1.5,1,1,1,0,47.354905855237526,0.7560876326616228,0.6286438029505115
3,2,2,1,7,1,45,15,0,1,0.82,1.5,1,1,0,1,11.865806545913248,0.8023720369913775,0.551744495107879
4,5,1,4,2,1,30,0,1,0,0.86,1.5,1,1,0,1,65.44827130994403,0.730863106668394,0.5924717634065084
3,1,3,3,3,0,90,0,1,0,0.82,24.0,1,1,0,0,34.28890660046581,0.7635705245689369,0.3794093343471516
5,1,5,2,6,0,75,60,0,1,0.72,8.0,1,1,1,0,99.38360791681444,0.745415189318824,0.664076675358892
3,5,2,4,3,1,150,10,0,1,0.86,8.0,1,1,1,0,71.46748345519521,0.7782431148590352,0.6431679709299978
4,4,5,3,4,1,90,10,0,0,0.82,1.5,1,1,0,0,32.5433194728911,0.41737051167430816,0.4024796104980592
1,4,5,1,5,1,75,30,0,0,0.72,1.5,0,1,0,0,67.08507158449163,0.5505138933405973,0.4161874085224859
3,4,5,1,7,1,120,15,0,0,0.72,96.0,1,1,0,1,29.383511953318557,0.6030022265073981,0.5773788521133613
5,1,3,4,0,0,45,30,0,0,0.82,24.0,1,0,1,0,79.21663987513085,0.6919557195400033,0.314374192882287
1,1,1,4,4,1,150,45,1,0,0.72,8.0,1,1,0,1,45.74898044287953,0.7838632651440075,0.5756288917351725
5,5,5,1,1,1,120,45,0,0,0.86,3.0,1,0,0,1,74.48272785654298,0.6228870639505745,0.26605305742782176
1,5,4,3,5,0,150,60,0,0,0.72,72.0,0,1,0,1,63.15409810673529,0.7380123203401081,0.5904418696473493
2,4,1,4,7,0,30,45,0,0,0.86,48.0,1,1,0,1,134.41586144825553,0.6280667935308667,0.6456458987516763
2,3,4,3,2,1,150,10,0,0,0.72,48.0,1,1,0,0,37.7568152490235,0.5972086838841884,0.39336660229412246
1,2,2,4,7,0,150,10,0,0,0.72,48.0,1,1,0,0,158.7152180367556,0.75971096386846,0.46263037788704486
4,2,2,1,8,0,150,10,1,1,0.86,12.0,1,0,0,0,55.130272481264655,0.5954102506298605,0.06507479744341954
1,4,4,3,5,0,120,60,1,1,0.82,1.5,1,1,0,1,102.7399648375515,0.6551033664193048,0.6226360742423497
4,1,3,3,8,1,75,10,1,0,0.86,96.0,1,1,0,1,127.75651270964394,0.7511535686811082,0.6325902586654184
5,5,2,3,6,0,75,45,0,1,0.86,3.0,1,0,1,0,78.80479231937026,0.6945705523673092,0.31391658954720186
2,1,1,4,1,0,45,45,0,0,0.82,12.0,0,1,1,0,5.910575429303699,0.6369679549216609,0.6093526267750196
5,2,4,4,4,0,90,10,0,0,0.86,2.0,1,1,0,0,83.46210165739058,0.6207490797783349,0.4221889655204436
3,3,2,5,0,1,60,15,0,1,0.86,8.0,1,0,1,1,88.45247472859899,0.6877789235178488,0.5108237918394832
3,3,2,3,5,0,60,0,1,0,0.72,12.0,1,1,0,1,33.91323932989414,0.5577027330926682,0.5835696349034427
4,4,2,3,4,1,30,45,0,1,0.82,1.5,1,1,0,1,165.08988396189022,0.713839521517438,0.6600911561350395
3,5,1,4,4,1,60,30,0,0,0.82,48.0,0,0,1,0,109.14539828974782,0.5168434112388568,0.3465845600731119
5,3,2,2,6,0,90,45,1,0,0.86,1.5,1,0,1,0,90.03633711869473,0.6876743361920461,0.32188702121235324
4,1,3,3,6,1,30,30,0,0,0.86,48.0,1,1,1,1,87.54393300378699,0.5498436066297657,0.8598735695384411
1,4,4,3,7,1,75,15,1,1,0.72,3.0,1,1,0,0,65.71074636083569,0.5540861249115563,0.41502113549674824
5,4,2,3,2,1,45,15,0,0,0.86,24.0,1,1,1,1,76.26371413344188,0.7597881231390458,0.8376573074692281
4,5,1,2,2,0,180,45,1,1,0.72,12.0,0,1,1,0,151.0741357511904,0.5156973038468013,0.7146172792315175
5,4,3,3,3,0,150,20,0,0,0.82,72.0,1,1,1,1,132.87702929769418,0.6841891100723909,0.8806914484933955
2,5,2,4,3,0,150,15,0,0,0.82,1.5,1,1,0,0,174.953245292207,0.6516639932045458,0.48101901733715313
4,2,1,1,8,1,150,45,1,0,0.82,24.0,0,0,1,0,142.55668108935143,0.8663683463626857,0.3443920031475129
2,1,4,5,8,1,120,15,1,1,0.82,8.0,1,1,0,0,73.93897960526124,0.5300233203252428,0.4221910206474072
4,3,5,3,0,1,180,15,1,1,0.86,72.0,1,1,1,0,102.71617785030607,0.7697999365889584,0.664591456338977
2,5,3,4,7,0,75,15,0,1,0.82,72.0,1,1,0,1,53.11835962219405,0.4637694177328847,0.6029483805068274
2,5,5,2,3,0,150,30,0,0,0.82,96.0,1,1,0,0,108.5053376297104,0.8670519218558365,0.42164325722323176
3,2,5,3,7,1,90,60,0,0,0.86,4.0,1,1,0,1,61.025616645116884,0.744943988723786,0.588537665219413
5,4,1,2,5,0,60,60,0,0,0.72,12.0,1,0,0,0,85.3901872447973,0.7368664341487265,0.07534614110612069
5,5,1,3,6,0,75,45,0,1,0.72,72.0,1,1,0,1,52.641872745039976,0.6868172935894074,0.5870173712787682
5,3,1,3,0,1,150,20,1,1,0.72,1.5,1,1,1,0,109.7288316284258,0.7792755792382213,0.6686032638722751
1,2,1,3,5,1,30,10,0,0,0.86,48.0,0,0,1,0,41.3330669841911,0.698312197878053,0.288673524137997
4,5,2,2,5,0,120,15,0,1,0.72,96.0,1,1,0,1,157.94657121855568,0.6601372253203392,0.65908810837328
5,5,1,4,1,1,60,20,0,0,0.86,3.0,1,1,0,1,50.992112390278216,0.6513556028283423,0.5883998493955348
1,1,3,4,2,1,180,10,0,0,0.86,96.0,1,0,0,0,71.5583299469156,0.8135215694668751,0.06075904343526248
1,5,1,3,0,0,45,15,1,1,0.72,72.0,0,1,1,1,36.821667448099305,0.6828801965709727,0.8167461645387648
5,3,1,1,8,0,30,10,0,0,0.72,8.0,1,1,1,0,33.84176263504741,0.5574472068117139,0.6335398706132117
5,2,5,2,8,1,45,45,0,0,0.86,4.0,1,1,0,0,59.13551427726672,0.688358511526814,0.40123858037796756
3,1,2,3,2,1,75,45,1,0,0.72,2.0,1,1,0,1,28.537297727503265,0.6938461829721823,0.5704556323436161
1,2,5,1,8,0,75,20,1,1,0.72,8.0,1,0,0,1,83.60107410390914,0.5777863598229509,0.2752890042149995
5,2,1,5,2,1,30,20,0,0,0.86,3.0,1,0,1,1,63.28021572333344,0.6103053214515576,0.49946543798061327
2,4,1,5,7,0,180,20,0,0,0.72,96.0,0,1,0,0,92.49208879653135,0.5320774711675599,0.43441596954929174
4,5,4,2,5,0,75,60,1,1,0.82,2.0,1,1,1,0,90.9152839210062,0.6899291169100017,0.6623151510969708
3,5,5,3,3,0,45,10,0,0,0.86,48.0,1,1,1,0,51.729540572544224,0.6437231436178907,0.6394257403284439
4,4,3,4,2,0,90,10,0,0,0.82,8.0,1,0,1,0,38.286933903863186,0.6481573129409643,0.290153610696708
1,5,4,4,3,1,75,20,1,0,0.72,12.0,0,1,0,1,63.111477450258064,0.7443240313909436,0.589971636102806
2,3,4,3,6,1,120,15,0,0,0.86,48.0,0,1,0,0,42.325367635018104,0.7094593254348899,0.3885547589762365
4,3,5,2,0,1,30,60,0,1,0.86,4.0,1,1,0,0,26.872668782920144,0.5770074990386294,0.38752458758924274
2,1,4,3,1,1,150,45,0,0,0.72,24.0,0,0,0,0,137.55492072697814,0.7163264457311426,0.11156042928347212
3,2,5,4,5,0,150,20,0,1,0.72,1.5,1,1,1,1,73.25593525378984,0.6091602582283824,0.8461960720932065
5,4,1,2,3,0,60,0,0,1,0.82,2.0,1,1,0,0,24.335017940530005,0.8705129885427171,0.3652874360956965
4,4,3,3,7,0,150,60,0,0,0.72,48.0,1,1,0,0,62.03965744455846,0.5240247661383323,0.41467803800002245
5,5,4,1,0,0,45,20,1,1,0.86,48.0,1,0,1,1,23.5942701444533,0.645678972442378,0.4705319853586691
3,1,3,2,1,0,120,60,0,0,0.82,8.0,0,1,0,0,16.756426223006134,0.7777482727356524,0.36672857172384177
4,2,4,4,5,1,75,15,0,0,0.86,24.0,1,1,0,0,37.803066189846156,0.640274012119798,0.3903828632781783
4,4,3,4,5,0,60,20,0,0,0.86,12.0,0,1,1,0,102.39187114533803,0.48925936882703447,0.684013091612333
3,3,1,4,0,1,60,15,0,0,0.86,48.0,1,0,1,1,58.24714801843304,0.8114736014131734,0.48202827991336655
3,5,4,5,0,1,180,15,0,0,0.86,72.0,0,0,0,1,114.34132634047432,0.645676929254125,0.29103016584586083
1,1,4,4,7,1,180,10,0,1,0.86,48.0,1,0,1,1,81.62481626204331,0.5974889917695997,0.5125923147508236
2,5,3,5,4,0,150,15,1,0,0.82,2.0,1,1,0,0,52.11870430807858,0.4632221079072589,0.41232025531854427
3,1,3,1,0,0,120,20,0,0,0.86,1.5,1,0,0,1,26.641843805124893,0.6600302974801073,0.2315591083798091
2,2,5,1,8,1,75,0,0,0,0.82,8.0,1,1,0,1,34.571185114519125,0.6782030585285034,0.5755732426460176
2,1,5,5,0,1,45,15,1,0,0.86,72.0,1,0,1,0,112.15798394013595,0.6480867082968707,0.33940591971264306
4,3,4,5,0,1,150,15,0,0,0.86,24.0,1,1,1,0,15.953796389299997,0.8272725015686014,0.6027267891497313
2,3,2,3,3,0,150,20,0,1,0.82,96.0,1,1,0,0,6.926175420609207,0.7069240639431816,0.3651327658043834
2,1,3,5,2,1,45,20,1,1,0.72,2.0,1,1,1,1,81.84604275634965,0.679653371351952,0.8469882925095965
1,5,3,2,8,0,30,30,1,1,0.72,96.0,1,1,0,1,65.87881832040777,0.6289148082506354,0.5998951756360608
5,4,4,1,7,0,120,0,0,1,0.72,48.0,1,0,0,0,112.0795267956865,0.879584831320798,0.08314874633800182
3,3,1,3,5,1,120,20,0,1,0.72,2.0,1,1,0,1,80.09475908655224,0.39121863772328397,0.6260112014170717
2,5,5,2,2,1,60,20,1,0,0.72,96.0,1,1,1,1,83.64686337763796,0.4869381096713157,0.8616789079080999
4,4,5,4,5,0,60,0,1,1,0.72,48.0,1,1,1,0,49.997726725986425,0.7142925434352769,0.633331339776855
3,2,2,5,4,1,180,15,0,1,0.72,12.0,1,0,0,0,77.20527179516388,0.7920448799241294,0.06602703960208686
4,1,4,4,7,1,90,20,1,0,0.82,24.0,1,1,1,0,64.1914584232031,0.7917866224832755,0.6373692420416395
5,3,2,1,6,1,150,45,1,0,0.72,96.0,1,1,1,0,10.975379416673814,0.711038309591398,0.6075442379397181
3,4,1,4,8,0,120,30,0,0,0.72,3.0,1,1,0,1,38.290349466581546,0.6039408230810749,0.5832510420287125
3,1,2,2,8,1,75,0,0,0,0.72,4.0,1,1,0,1,62.57480415344405,0.6423755677122369,0.5967502463624395
5,1,5,1,6,0,90,10,1,1,0.82,1.5,1,1,1,0,94.63678488465104,0.7475837043901163,0.6607603306157926
3,1,1,4,7,1,150,20,0,0,0.86,1.5,1,1,0,1,135.43925261850777,0.6992111629830801,0.6413480536701897
2,2,3,2,1,1,150,20,0,0,0.82,24.0,0,0,0,0,21.862702059090015,0.7020656713128348,0.035430537714161575
1,2,3,1,7,0,75,20,0,0,0.86,12.0,0,1,0,1,61.307855510174676,0.784265684204496,0.585973305779135
1,5,4,4,7,1,60,10,0,0,0.86,3.0,0,1,0,1,133.46598274535694,0.7236650782473627,0.6383207663529227
5,4,1,3,0,1,180,10,0,0,0.82,96.0,0,0,1,0,38.389024377452856,0.7288614934282557,0.284572378378324
2,3,5,5,0,1,75,30,0,0,0.82,4.0,1,1,1,1,82.97703356554675,0.6469528123666759,0.850031325511364
4,3,1,4,3,1,120,60,0,0,0.86,24.0,1,0,1,1,40.900829670361304,0.7243040244754189,0.47656593806696157
3,4,2,3,5,1,120,15,0,1,0.82,24.0,1,1,0,0,127.93614122681011,0.6789368312701363,0.44776518262896386
3,3,4,1,3,1,120,45,0,0,0.86,48.0,1,0,0,1,54.753716681394245,0.6432660431135897,0.2514738547696449
4,5,2,3,2,1,90,45,0,1,0.86,72.0,1,1,0,1,72.12443391094925,0.6024801853401744,0.6059093429668206
3,2,5,1,1,1,30,15,1,0,0.72,12.0,1,0,0,1,63.889085567032225,0.8004488800280484,0.24656130210939142
1,1,2,1,8,1,120,10,0,1,0.72,8.0,1,1,0,1,87.0678813444882,0.994961245540288,0.5883979670418387
2,1,1,4,5,0,60,10,0,0,0.72,24.0,1,1,0,0,80.18292801869057,0.7548629553569599,0.4106148784708066
2,4,1,4,3,1,30,10,0,0,0.82,1.5,1,1,1,0,96.3434000012164,0.43930318455000517,0.683477710415644
3,1,5,3,8,1,90,0,0,0,0.82,3.0,0,1,1,1,19.54954379175378,0.5542385483710854,0.8142363308085266
3,3,2,1,2,0,45,0,0,0,0.82,8.0,1,1,0,0,24.895070329190137,0.8891359032854005,0.3643572003228154
5,5,3,3,8,0,60,45,1,1,0.86,12.0,1,1,1,1,73.15054174561996,0.5569818855131144,0.8497782958444953
3,3,2,5,1,1,180,0,0,0,0.86,2.0,0,1,0,1,101.02149393902607,0.6272055458111168,0.6234432744192393
5,2,4,4,2,1,180,45,0,0,0.82,2.0,1,0,0,1,21.90869669081217,0.7139712657885867,0.2246278091886737
3,2,4,3,7,0,75,10,0,1,0.86,96.0,1,1,0,1,44.32505714510962,0.6845999421928411,0.5816280421432409
5,1,1,1,4,0,150,45,0,0,0.82,48.0,1,1,0,1,33.0093009396711,0.7873837604830176,0.5668893373926363
5,4,5,1,5,1,60,45,0,0,0.82,8.0,1,1,0,0,169.29492365656853,0.648012014888514,0.4775024413955164
1,1,2,3,1,1,180,15,0,1,0.82,3.0,1,1,1,1,11.229328193432622,0.8402734228826841,0.7886670791938338
4,5,2,2,6,1,180,60,1,1,0.86,3.0,1,1,1,1,94.75142405179537,0.7971106486018396,0.8473698706324015
5,1,1,2,8,1,90,15,1,1,0.86,24.0,1,1,1,0,42.41230587741027,0.8364239883811814,0.6197251913982575
2,5,5,3,1,1,120,60,0,0,0.86,3.0,1,1,1,1,38.835546542435466,0.6415306319120089,0.820983220127783
2,2,2,5,6,1,30,15,0,0,0.86,1.5,0,1,0,0,46.757993476851276,0.8483400977466121,0.38178818880897136
3,2,5,3,2,0,180,45,1,1,0.86,8.0,1,1,0,1,36.260823944591216,0.70749548759979,0.5746491984977422
5,4,5,1,2,1,60,20,1,0,0.82,12.0,0,1,1,1,71.87663789687524,0.8529922693068113,0.8282082997464401
4,2,2,1,8,1,180,0,0,0,0.72,48.0,1,1,0,0,80.26841309463498,0.6760210152688034,0.41619080432760713
4,1,5,2,5,1,180,15,0,0,0.86,1.5,1,1,1,0,120.7983735184655,0.6442644660482191,0.6854337363889351
1,3,2,3,3,1,120,30,0,0,0.72,2.0,1,1,1,0,24.35205181948445,0.8398496589190928,0.6074452250886532
2,4,1,5,0,0,30,10,0,0,0.72,1.5,1,1,1,0,74.74945399603104,0.7109248731930762,0.6500682282071721
4,2,5,5,2,1,60,10,0,0,0.86,96.0,1,0,0,1,46.31764687148378,0.686863981552348,0.2427979525389915
4,2,5,2,0,1,90,20,0,1,0.72,12.0,1,0,1,0,69.1067017944529,0.7020557722665812,0.3069272304709746
2,5,1,4,3,0,90,15,1,1,0.72,12.0,1,1,0,1,80.81780028908632,0.532956960193891,0.6165715463124852
1,4,3,2,1,0,75,10,0,0,0.72,4.0,1,1,0,1,62.70555252920434,0.5470373292556279,0.6035110886382423
3,2,2,3,3,1,180,15,1,1,0.72,24.0,1,0,0,0,53.42580754807838,0.7651687738300992,0.05205539086394531
4,3,4,1,0,1,180,15,0,0,0.72,4.0,1,1,0,0,74.10627360171176,0.8305412692472898,0.4012662935538309
3,5,2,4,5,0,90,45,0,0,0.86,8.0,1,1,0,1,53.87322751243584,0.5972898485574464,0.5941051956092693
5,4,2,5,2,0,120,10,0,0,0.82,12.0,1,1,0,1,60.875642191000836,0.5465245015498231,0.6023270463521796
3,5,5,5,8,0,120,0,1,1,0.82,12.0,1,1,1,1,186.8542309740351,0.5715329897724502,0.924562178031952
2,5,1,5,2,0,180,0,0,1,0.82,8.0,1,1,0,0,68.14010909509113,0.7564538300285564,0.4024749712947285
3,5,3,2,8,1,30,30,0,1,0.82,72.0,0,0,0,1,131.38279529693418,0.4982591474361587,0.31271038987742505
4,3,3,4,3,0,60,10,0,0,0.86,8.0,1,1,1,1,105.56357614447892,0.7705088109463347,0.8564401006634093
3,3,2,1,6,1,120,20,0,0,0.72,24.0,0,1,0,0,28.41150845600227,0.5401822328933568,0.3911282493347999
4,2,3,5,6,0,75,60,0,0,0.86,1.5,1,1,0,0,31.92222010832336,0.6836437445899062,0.3834264179509222
3,3,2,5,5,0,150,30,1,0,0.86,72.0,1,1,1,0,64.59690298935631,0.6626671774846986,0.6466778995689754
1,2,4,4,2,1,120,30,1,0,0.82,48.0,1,1,1,0,68.4119745233278,0.5579936434273827,0.6565484279756352
3,4,5,2,5,0,75,30,1,0,0.86,3.0,1,1,0,1,150.58562033270462,0.7980417265234716,0.6445274926984934
5,2,2,2,5,1,120,15,0,0,0.82,96.0,1,0,1,0,65.37461937124,0.7068898644360475,0.30410078907030336
4,4,5,1,0,1,45,20,0,0,0.72,3.0,1,1,0,0,25.138469022539265,0.7494334934407019,0.3742986348075104
4,2,4,1,3,0,90,10,0,0,0.86,1.5,1,1,0,1,5.5995607384861446,0.5622489149113203,0.5643756164485317
4,5,5,1,7,1,45,20,1,0,0.86,4.0,0,1,0,1,38.25696841748743,0.4596411967958608,0.5933297618359481
2,5,4,2,4,1,45,10,0,0,0.72,4.0,1,1,0,1,77.84125622423106,0.48452437984226815,0.6179774642271952
5,1,5,1,2,0,60,10,0,0,0.86,12.0,1,1,0,0,39.697080786260464,0.7172535443261705,0.3862569724213417
3,4,4,4,3,1,60,0,0,1,0.82,72.0,1,1,1,1,97.17450843885817,0.627934980279385,0.8608275570063485
4,5,2,1,4,1,90,60,1,0,0.72,2.0,1,1,0,1,23.323530597282534,0.6444090922313709,0.5704403839419925
3,1,1,4,1,0,90,0,0,0,0.72,72.0,1,0,1,1,90.95140476419374,0.9264600565457303,0.4957820658845947
1,1,1,4,0,1,30,15,0,1,0.82,12.0,1,0,0,1,93.91573492986957,0.8677717037395504,0.2618664706914779
1,3,3,2,2,0,180,20,0,0,0.86,96.0,1,1,0,0,67.96936084288203,0.8429873500618257,0.3963037927242602
5,2,2,5,1,0,90,30,0,0,0.86,96.0,1,1,0,0,89.29600739047336,0.6160583672364648,0.4264065858870964
2,1,4,1,2,1,75,15,0,1,0.72,24.0,1,0,0,0,12.174115689332508,0.7967868744397292,0.022340995915440632
1,3,5,1,8,1,75,0,1,0,0.86,24.0,1,1,0,0,40.45733269828871,0.5899752987304613,0.3956732842210602
5,1,5,4,1,0,75,15,0,1,0.86,3.0,1,1,1,0,71.75163074774785,0.6345433061067027,0.6534163890710295
1,2,1,3,7,0,75,45,0,0,0.82,24.0,1,0,0,0,69.46564739488537,0.6622875679631461,0.06995030183917002
4,2,1,5,7,1,120,0,0,0,0.72,48.0,1,0,0,1,20.50721455024982,0.6950537082814672,0.2250177167871305
2,3,2,2,6,1,180,0,0,0,0.72,24.0,1,0,0,0,36.02043421009127,0.7242622372476482,0.04331526619939214
2,1,3,1,7,1,30,45,0,0,0.82,4.0,1,0,0,1,106.8260925227388,0.5449156250293045,0.29307330126310793
5,1,2,5,3,1,30,15,0,0,0.72,48.0,0,0,1,0,144.89007983761968,0.863846141054134,0.3461241566846237
3,5,2,2,7,1,150,0,0,0,0.86,3.0,1,1,0,0,96.03522998124149,0.6428060889977706,0.42902706042431704
4,3,2,2,2,1,60,30,0,0,0.82,3.0,1,1,0,1,132.98222087105265,0.6579893597236893,0.6425955587333768
2,5,3,4,4,1,90,10,0,0,0.82,48.0,1,1,1,0,63.93340568506895,0.6962685248866658,0.643883473714646
4,3,1,5,8,0,75,60,0,0,0.72,72.0,1,1,1,1,55.01723560314109,0.6329545868277733,0.8323713359908167
4,1,4,1,6,0,90,30,0,1,0.72,4.0,1,1,1,0,112.0857012944677,0.7754461086784077,0.6704425732554901
2,2,3,4,0,0,180,0,0,0,0.72,72.0,0,1,0,0,129.74825692501958,0.7281734327262865,0.445526697659173
5,3,2,4,3,0,60,45,0,0,0.72,72.0,1,1,1,1,83.39634015850879,0.47767406284595004,0.862160375706456
1,5,3,3,1,1,120,15,1,0,0.82,4.0,0,0,1,1,65.57157514726362,0.7425636655203911,0.4917349268450817
1,4,1,1,4,1,75,30,0,0,0.82,24.0,0,1,0,1,28.851163655407564,0.6797460396726199,0.5716518863265216
3,2,5,3,7,0,120,15,0,0,0.82,1.5,1,0,0,0,102.50018251756715,0.8525232065748716,0.07865683055147044
2,1,3,1,1,0,30,45,0,1,0.82,12.0,1,0,1,1,50.30691842720958,0.7359759285930538,0.48201963061662595
3,2,2,3,6,0,120,20,0,0,0.86,48.0,0,1,1,1,192.98311833902454,0.5627879260525911,0.9292602574023351
5,1,2,1,1,1,45,60,0,0,0.82,1.5,1,0,0,0,23.291899602277045,0.8480002423709635,0.026167916102217255
4,4,2,5,2,0,75,0,0,0,0.86,1.5,0,0,1,0,36.77086606321747,0.7017343704624242,0.28539250477644196
3,2,2,1,3,1,30,10,0,0,0.72,24.0,0,1,0,0,18.367902660944473,0.6827374355052171,0.3744536479552645
4,5,2,5,5,0,30,60,0,0,0.72,12.0,1,1,1,1,89.70665528980095,0.5957868415586853,0.8580993579507593
5,5,3,2,1,1,60,10,0,1,0.82,4.0,1,1,1,0,78.6287311519903,0.8329590143973133,0.644112023093515
3,3,3,4,7,1,30,10,0,1,0.82,48.0,1,1,0,0,70.1695420205983,0.619713541787861,0.41339974675524865
5,3,3,2,6,1,120,30,0,1,0.86,1.5,1,1,1,1,53.61404892574218,0.739918984768563,0.8239483703500288
4,1,5,1,5,0,60,60,0,1,0.82,72.0,1,1,1,1,148.25665330924127,0.7920616441376649,0.8833934537831909
4,1,3,4,4,1,45,60,1,0,0.82,24.0,1,0,0,1,78.54367992712456,0.688744659921142,0.26415032709026975
2,3,2,5,0,0,180,60,0,0,0.72,72.0,1,1,0,1,42.19540354832995,0.7201157098563229,0.5777221693422774
1,1,1,1,4,1,60,20,0,1,0.82,96.0,1,0,0,0,69.95166368063258,0.7082810787931617,0.06705476693823373
2,3,1,4,1,0,60,0,0,0,0.82,2.0,1,0,0,0,39.54342660860442,0.7159040583366014,0.04624900032217418
2,3,1,1,0,0,60,0,0,1,0.86,48.0,0,0,0,0,44.85418391238513,0.9359686448844673,0.03438498413301071
4,1,2,3,7,1,45,30,1,1,0.72,8.0,1,1,0,1,105.55455123998308,0.6005390411618744,0.6283319679453242
4,4,5,3,7,1,150,20,0,1,0.72,2.0,0,1,1,1,73.91700389135995,0.502896613403559,0.8540752396559909
1,5,1,3,3,1,90,15,0,1,0.86,48.0,1,1,1,0,50.36594002446304,0.4504240232796494,0.6520476117200666
3,4,5,3,1,1,90,20,0,0,0.72,72.0,1,1,0,1,53.227892581910915,0.8029554085512836,0.5792783831226842
5,4,4,5,0,0,45,15,0,1,0.82,72.0,1,1,1,1,112.78897242915805,0.7378752607880507,0.8635413800309418
2,4,2,1,5,0,75,15,0,1,0.72,24.0,1,1,0,1,40.24506318520231,0.7293559944758488,0.5757751225101588
4,1,4,5,3,0,180,60,0,0,0.82,72.0,1,1,0,0,71.59706440262386,0.7711258646767042,0.4037525657410466
4,3,5,3,1,0,45,60,0,1,0.82,48.0,1,1,1,0,61.68646448784348,0.8542597560043124,0.6313261267382605
3,3,4,2,5,1,30,15,1,1,0.82,12.0,1,0,1,1,60.96906656615613,0.749255746713321,0.48819814210750495
1,5,3,2,7,0,150,20,0,1,0.86,2.0,1,1,0,0,93.25448974044356,0.442792912807069,0.4411741559304676
1,5,1,2,1,1,150,15,0,0,0.72,48.0,1,0,0,0,111.37625383748713,0.6124413271086798,0.1013799429940505
3,5,1,5,1,0,60,20,0,1,0.86,1.5,1,1,1,0,75.36710722650116,0.5476590742594137,0.6619086029528418
3,4,5,5,3,0,150,60,0,0,0.82,24.0,0,0,1,1,134.72850072903955,0.7420988887965018,0.5378720782702713
1,5,5,5,0,0,90,10,0,1,0.72,96.0,1,1,0,1,115.77343036918211,0.7293897975290995,0.6261250010857511
3,1,4,4,3,0,45,60,0,0,0.72,2.0,1,1,0,1,23.32762367503303,0.6590415106770033,0.5694188433692985
5,2,3,2,0,1,30,30,0,0,0.82,72.0,1,0,0,0,48.321572967840126,0.7952661362102673,0.046545752443841376
5,3,3,2,8,0,120,10,1,1,0.86,4.0,1,1,1,0,40.00524429845016,0.4422364667641736,0.6457136101921414
2,3,2,4,8,1,90,15,1,1,0.72,1.5,1,1,1,0,151.11910286367274,0.6062136546257475,0.7083111127519796
1,4,4,5,7,1,45,0,0,0,0.82,2.0,1,1,0,0,105.59486829548861,0.663976468999606,0.4339182260336867
2,3,3,4,5,0,120,0,0,1,0.82,2.0,1,1,0,1,122.22310169719631,0.6432568109288271,0.636454091033113
4,5,2,1,1,1,120,30,0,1,0.82,12.0,1,1,0,0,62.85799226976232,0.7153055972497233,0.4018339363723609
3,2,5,5,1,0,60,10,1,0,0.82,3.0,1,1,0,1,26.597225998866122,0.7342049483187886,0.5663371376169289
2,4,1,5,0,0,150,0,0,0,0.82,48.0,1,1,0,1,29.46235133292783,0.6801238147713232,0.5720329005212926
2,1,4,5,5,0,75,60,0,0,0.86,4.0,1,1,1,1,39.34373529375517,0.6220874663747983,0.8226830342162677
5,4,5,4,0,1,90,10,0,1,0.86,1.5,1,1,0,0,111.77769230231429,0.7434450352054747,0.432477309070493
3,1,2,1,8,0,30,60,1,0,0.72,96.0,1,1,0,1,46.10234709538391,0.8160440452502973,0.5736118148960685
5,4,4,5,8,1,45,30,1,0,0.86,96.0,1,1,1,1,99.07547777923301,0.7625331938887286,0.8526729949472778
4,4,1,3,5,1,60,0,0,0,0.86,12.0,1,1,1,1,61.392349108948935,0.7723638692558463,0.82686276189139
4,4,4,1,0,1,120,10,1,1,0.82,72.0,1,0,0,0,95.3735485384287,0.6781399747058513,0.08611256746287621
2,4,4,3,2,1,90,0,1,0,0.72,1.5,1,0,0,1,71.03182003018837,0.5708455196095936,0.2673953603141207
3,5,2,2,6,0,180,30,0,1,0.72,96.0,1,1,0,1,60.920345235551544,0.6344998584305264,0.5961985734002309
1,1,3,1,1,0,120,60,1,0,0.72,72.0,0,0,0,1,14.412951480701715,0.8512928543746527,0.21001813451424214
4,1,4,4,0,1,150,0,0,0,0.72,96.0,0,0,0,0,121.06745888921552,0.7614854360714595,0.09740765873447485
1,3,1,3,4,1,75,60,1,0,0.82,48.0,1,0,0,1,70.64972289118398,0.6288749523818116,0.26307856859406253
2,2,2,2,8,0,150,0,1,1,0.86,8.0,1,1,0,1,63.875808837116224,0.5095072536252945,0.6069183648043069
1,3,1,2,5,1,60,0,0,0,0.72,12.0,1,1,0,0,60.320480072916396,0.8893789953554282,0.3879571237070643
1,1,3,2,6,0,180,60,0,0,0.86,72.0,1,1,0,0,41.60672247792874,0.6704391345068893,0.3908070755698036
1,1,3,4,8,0,45,45,0,1,0.82,1.5,1,1,0,1,56.79621200319697,0.7407977137668061,0.5860083013717883
3,2,2,5,8,1,75,30,0,0,0.86,1.5,1,1,0,1,190.84957632116095,0.6143668672909388,0.6842273701704082
4,4,1,1,1,1,60,0,1,0,0.72,24.0,1,1,1,0,79.7092842265761,0.6562965887847934,0.6571987616027819
5,2,2,1,8,0,75,0,0,1,0.82,48.0,1,1,0,0,21.204002887053733,0.8124058817169366,0.36726759020451694
5,3,3,3,7,0,120,30,1,0,0.86,2.0,0,1,1,1,63.00358440158563,0.5769624861429105,0.8416150155710533
4,2,5,2,4,1,60,20,0,0,0.82,3.0,1,0,1,1,44.753184887700364,0.7171789015857555,0.4796329334807974
1,3,1,4,7,1,60,60,0,0,0.72,12.0,0,1,0,0,23.12795316360019,0.5651673248899787,0.38585692270010163
4,2,5,2,2,1,30,30,0,0,0.72,4.0,1,1,0,1,105.98936869851332,0.726305379807685,0.6198182025458043
3,4,2,1,5,0,75,10,0,0,0.72,1.5,1,1,1,1,33.741085923979796,0.7521217433594296,0.8098455352474931
5,2,2,1,4,0,180,60,1,1,0.72,4.0,1,0,1,0,96.01502001039526,0.7059688642226984,0.3245921928446746
4,4,2,2,7,1,150,0,0,0,0.72,1.5,1,1,1,0,65.75004517596281,0.7467567457690545,0.6415603912468082
2,1,2,4,3,1,75,10,0,0,0.82,1.5,1,1,1,1,36.6316214409432,0.8019361102517458,0.8082855532430065
5,4,5,1,6,1,75,45,0,0,0.86,3.0,1,1,1,1,136.7124551636055,0.7143977015890272,0.8811337976645052
5,3,3,5,2,1,150,20,1,0,0.82,8.0,1,0,0,0,67.33529089454262,0.7186833108438058,0.06458236217062868
1,1,1,5,1,1,90,0,1,1,0.72,48.0,1,1,1,1,43.80529645809443,0.7262449103754013,0.8183663872457849
4,5,3,1,5,1,120,10,1,0,0.72,24.0,1,0,0,1,117.12572113241544,0.7657794221563695,0.2844792545373311
5,2,4,5,5,1,75,30,1,0,0.82,48.0,1,1,1,0,75.30869552645807,0.5023464780440374,0.6650415435545561
5,2,2,4,1,0,90,45,0,0,0.86,12.0,0,0,1,1,136.49434511173047,0.7021255152893031,0.5418474440042357
5,1,5,2,4,1,75,60,1,0,0.86,2.0,1,1,0,0,7.832266071860329,0.6628976810017869,0.3688186730444485
3,4,5,5,6,0,45,0,0,1,0.72,24.0,0,1,1,1,119.89609816778713,0.7492711337560274,0.8674817527489362
5,4,1,2,7,1,75,15,1,0,0.72,48.0,1,1,1,1,88.6021593235391,0.5363084493645114,0.8615265147601769
4,2,1,4,4,1,180,10,0,0,0.86,8.0,1,0,0,0,67.48060420047949,0.6732852541243366,0.06785710167828277
4,2,3,1,2,1,60,60,0,0,0.82,12.0,0,0,0,0,57.69024966874962,0.7717489340533742,0.054437741062096895
1,4,2,1,2,0,150,15,0,0,0.86,24.0,1,0,0,0,67.13867063595976,0.7090532959308685,0.06512538304214571
1,1,3,4,7,0,60,45,0,0,0.82,24.0,1,1,0,1,46.13176454746872,0.5323224237795543,0.5934919400337437
2,4,4,4,1,0,150,0,0,1,0.72,1.5,1,1,1,1,61.57532430447405,0.5757885861908808,0.840745015169621
5,3,2,2,5,0,75,0,0,0,0.72,4.0,1,0,1,1,89.86286725939092,0.6776778836818764,0.5124711263151959
3,2,1,5,3,0,45,45,1,1,0.82,48.0,1,1,1,1,47.94064630342104,0.7582189932910528,0.8188851013385737
1,2,1,1,5,1,150,0,0,0,0.86,12.0,1,0,0,0,35.46447769066265,0.7098747091523162,0.0439517554864463
2,5,5,4,3,1,180,0,0,1,0.82,8.0,1,1,1,1,65.04887257121325,0.5654674766554283,0.8437831916815954
3,3,1,1,7,1,90,15,1,0,0.72,1.5,1,1,0,0,84.77124656959833,0.8402269073388582,0.4076982808660122
5,2,5,1,4,1,150,15,1,0,0.72,24.0,1,0,1,0,110.70350996356578,0.6881114796103444,0.3356345364029864
2,3,2,3,7,1,75,30,0,1,0.72,2.0,1,1,1,0,122.3512667389083,0.6575498883340084,0.6855390189758916
2,3,5,5,4,1,30,15,0,0,0.86,4.0,1,0,1,0,25.285786730585013,0.579307906371173,0.28630563770774126
3,3,2,2,4,1,60,10,0,0,0.86,4.0,1,1,0,1,86.97019756540294,0.4998581409625231,0.6229900618428921
3,1,5,5,8,1,30,10,0,1,0.82,8.0,1,0,1,1,19.4793352621272,0.7917693299092499,0.4575623704144373
1,1,5,4,3,1,150,45,1,1,0.72,12.0,0,1,1,1,56.748922267974876,0.6597748080737332,0.8316483782801553
4,4,5,3,1,0,120,20,1,0,0.72,12.0,1,1,1,0,187.7113230795911,0.7372825344527684,0.723531104641367
5,1,2,3,7,0,75,10,0,0,0.72,1.5,1,0,1,1,76.93704680619126,0.8227367628910428,0.4936997911350879
5,2,1,3,3,1,30,10,1,0,0.72,12.0,1,1,0,0,146.05393616349744,0.8073843112436323,0.45085238898861074
4,5,1,2,2,0,90,60,0,0,0.86,2.0,0,1,1,1,23.665377059385484,0.7650506946216005,0.8022233694160783
4,2,1,1,1,0,60,0,0,0,0.86,12.0,1,0,0,0,97.70523880077297,0.8706817989802891,0.07418909993856175
5,5,2,5,4,0,30,0,0,1,0.82,8.0,1,1,0,1,59.50459597801311,0.6384469215768495,0.5949784461416293
5,1,1,4,3,0,75,10,1,0,0.72,48.0,1,0,1,0,133.32979538244516,0.9129571574078704,0.3349795292364125
4,4,2,3,5,1,45,20,0,0,0.72,72.0,1,1,0,1,34.51501850519885,0.6834540564238417,0.5751682283871303
3,1,5,2,2,1,150,15,0,0,0.72,8.0,1,0,1,0,47.576435516196696,0.5191736363912425,0.30537546913007746
2,3,2,4,7,0,180,20,0,0,0.72,8.0,1,1,0,0,85.24792159047821,0.5942246251505673,0.4252362239664458
4,1,5,3,0,0,75,10,0,1,0.86,48.0,1,0,0,1,173.15719320650885,0.6731941776128358,0.3283145363714407
5,5,1,5,8,0,30,30,0,0,0.72,96.0,1,1,0,1,154.45335443894675,0.7376272231622477,0.6513349973379405
3,3,4,1,0,1,150,30,0,1,0.82,24.0,1,1,0,1,87.4621368067954,0.7176845990031011,0.6080701692743132
1,2,3,4,4,0,120,45,0,0,0.86,12.0,1,1,0,0,91.64650239797515,0.6549486302671609,0.4252512641466155
4,3,3,4,2,1,120,45,0,0,0.82,4.0,1,1,0,1,146.61314188235866,0.5812199998272999,0.6570566946003281
4,3,2,2,0,0,75,15,1,0,0.72,4.0,1,0,1,1,71.35722068560344,0.6913847206420948,0.4991745500121223
1,5,1,2,4,1,30,15,0,0,0.86,96.0,1,1,0,0,27.53821521726217,0.750303285136028,0.37583758018531954
1,2,1,3,3,1,75,15,1,0,0.86,8.0,1,0,1,1,78.39413163552031,0.6803550541559398,0.5046379006327645
3,5,5,1,3,1,150,20,0,0,0.72,4.0,1,1,0,1,37.32218597971126,0.6823445735167559,0.5771173371736347
5,5,1,4,3,1,75,45,0,0,0.82,8.0,1,1,1,0,110.39088857487084,0.6838462065093166,0.6757246912609285
1,3,4,5,2,0,75,15,1,1,0.82,8.0,1,1,0,0,67.02320382239847,0.5609472069293046,0.4154158313965477
1,4,1,1,2,1,60,30,0,0,0.82,24.0,1,1,0,0,13.262703249705716,0.6772103030771531,0.37143708095106975
4,4,1,1,5,0,45,15,0,0,0.72,72.0,1,1,0,1,14.201791160920614,0.6829731524923003,0.5616597400994862
5,1,1,3,8,0,45,60,0,0,0.72,12.0,1,0,1,0,73.89279187407458,0.7838432728568336,0.30439283214940466
2,4,3,2,3,1,180,15,0,0,0.82,72.0,1,0,0,0,89.35455206789041,0.6831661760461162,0.08174806905536547
5,2,3,2,8,1,120,0,1,1,0.86,4.0,1,1,1,0,21.79893555144653,0.658768167209483,0.6184188519963005
1,1,1,2,6,0,45,20,0,1,0.82,2.0,1,0,1,1,9.902356835948245,0.6894253777534372,0.4583417947812249
2,2,3,3,8,1,180,30,0,0,0.86,4.0,1,1,0,0,111.78482411311403,0.5040591491535132,0.4492390756346635
5,4,4,4,6,1,90,0,1,0,0.72,2.0,1,0,1,1,65.36193786149698,0.611659829661719,0.5007584371646776
2,4,2,4,7,0,60,15,0,0,0.72,96.0,1,1,0,1,70.505632572362,0.5155442639781305,0.6109156565697723
2,2,3,4,8,0,75,20,0,0,0.86,96.0,1,1,0,1,48.06227941347643,0.6830231555337322,0.584229898721623
3,1,2,4,6,1,120,0,1,0,0.86,24.0,1,1,0,0,90.30343396232186,0.6272637546645694,0.4262938264816948
1,1,1,2,3,1,75,30,1,0,0.86,24.0,1,0,0,0,34.139173738778126,0.5784746386746413,0.052266224451960525
5,4,3,5,5,0,150,30,0,0,0.82,1.5,1,1,0,1,82.01445405660542,0.47955357341474913,0.6211075525653712
1,5,4,1,3,1,75,20,1,0,0.86,12.0,1,1,0,1,58.437646916716105,0.572255146906881,0.5989005709943291
1,2,3,4,0,0,45,15,1,1,0.72,12.0,1,1,0,0,31.97269336925212,0.8765098217900771,0.3699594413875294
5,3,2,1,4,0,90,15,0,0,0.72,4.0,1,1,0,0,85.43862163729864,0.5704856905586656,0.42702508275242584
3,5,1,2,0,1,120,10,0,1,0.82,4.0,1,0,0,1,45.93732467541775,0.9053182430546866,0.22725260610311712
4,1,1,4,6,1,120,20,0,1,0.86,24.0,1,1,0,0,154.2736838773152,0.6611386444424527,0.4665694174739052
5,3,3,3,2,0,120,45,1,0,0.82,24.0,1,1,1,0,46.349750855028915,0.77776556659819,0.6264562442414794
1,3,2,5,0,0,60,30,0,0,0.86,24.0,1,0,0,1,49.74043733927947,0.7658845531347012,0.2395483728400906
4,2,1,4,5,1,75,45,0,0,0.82,2.0,1,0,1,0,31.999169855051605,0.599528477072666,0.2893657865082811
3,1,1,4,5,0,60,0,1,1,0.86,24.0,0,0,1,0,52.151382181111366,0.5833718939634396,0.30393155554330015
5,4,4,5,4,1,30,10,0,0,0.82,4.0,1,1,1,0,95.0823705599482,0.4060395444750984,0.6849654789267087
4,2,5,4,2,1,120,15,0,0,0.72,8.0,1,1,1,1,46.89962925497898,0.668237678599011,0.8244897820013886
1,2,3,1,8,0,75,20,0,0,0.72,24.0,1,1,0,0,47.55139740603074,0.5305476676945036,0.40456259486540525
3,2,4,3,2,1,150,15,0,0,0.82,3.0,1,0,0,1,69.26622784978616,0.7842447443133642,0.2512803531312553
5,2,3,4,7,0,45,0,0,0,0.86,3.0,1,0,0,1,47.40656314837747,0.6584407755818845,0.24551352114151972
1,1,1,5,0,1,180,30,1,1,0.86,4.0,1,0,0,1,97.3879536217365,0.706678958536738,0.27545777531691934
1,4,5,2,0,1,150,45,0,1,0.72,72.0,1,1,0,1,57.03987329914153,0.7787096653274553,0.5835169056265058
5,4,2,3,1,1,150,45,1,0,0.82,72.0,1,1,1,1,22.00588896668908,0.6614839635928351,0.8083667151929609
4,4,1,3,5,0,30,45,0,0,0.82,48.0,1,1,0,1,48.63055301728443,0.5822624137449142,0.5916619997160457
4,5,1,5,3,1,75,10,1,0,0.86,24.0,1,1,1,0,54.748467348365146,0.6126701147302452,0.6436120702011263
2,1,1,5,0,0,150,20,0,1,0.72,24.0,1,0,1,0,22.081192396280095,0.7847849620963486,0.26978584758410895
5,5,3,1,5,0,90,0,0,0,0.86,48.0,0,1,0,0,156.5416955076035,0.4614310662045994,0.4820609557040804
5,1,4,4,6,1,60,60,0,0,0.72,96.0,1,1,1,1,96.65314633851,0.736287351525978,0.8528953162855216
4,5,4,3,8,1,180,45,0,1,0.72,8.0,0,1,0,1,112.2975939014031,0.8610282525610619,0.6145930849216611
4,2,5,3,7,0,45,20,1,0,0.86,72.0,1,1,0,1,115.59959898311934,0.7539986718894105,0.6242864922898209
4,2,3,1,5,0,60,10,1,0,0.72,4.0,0,0,1,0,98.29113944642788,0.5919702023351543,0.3340895121341578
3,2,2,4,7,1,45,15,0,0,0.72,96.0,1,0,0,1,107.01354494001032,0.5753501683066982,0.2910678515118713
5,3,1,5,6,1,180,60,0,0,0.72,2.0,1,0,0,1,56.14542429504823,0.7453217122301191,0.24525776300725713
2,3,2,2,3,1,180,60,0,1,0.82,96.0,1,1,1,1,98.79585250981764,0.9408503020724547,0.84000438052814
3,5,2,1,8,1,75,15,0,0,0.86,48.0,1,1,0,0,42.36165380366663,0.6232788443697305,0.39461158342989666
3,4,4,2,4,1,75,60,0,0,0.72,72.0,1,1,0,1,151.0740374942245,0.5958946273164494,0.6590034010839982
3,3,5,3,6,0,75,30,0,0,0.72,4.0,1,1,0,1,96.51397993183387,0.5935293555344697,0.6227955984004764
5,2,2,1,8,1,30,10,1,0,0.86,48.0,1,0,1,1,137.59703476751082,0.60737151451689,0.5492153504954916
2,3,1,3,6,0,75,20,0,1,0.72,12.0,1,1,0,0,75.98408375110776,0.6330813534383427,0.4163403610933879
2,5,3,4,0,0,30,45,0,0,0.72,1.5,1,0,0,0,81.55753261812097,0.506954030589015,0.0888849062708496
1,4,1,5,2,1,30,30,0,1,0.72,72.0,0,1,1,1,138.34830573583514,0.5146472321373063,0.8962068975742786
5,3,3,3,5,1,60,45,0,1,0.72,12.0,1,1,1,0,28.837354807218787,0.6859145951685994,0.6212108815430106
5,3,5,5,1,0,75,20,1,0,0.82,48.0,0,1,1,0,55.19501848027258,0.536089277625496,0.6492704295530637
4,1,2,5,3,1,180,15,0,0,0.72,3.0,0,1,0,1,4.176157996283039,0.9201416844587498,0.5383741874187429
3,3,5,1,3,0,150,0,0,0,0.72,72.0,0,1,0,0,63.38195548342227,0.6697284903569307,0.40537364266396303
5,2,4,1,5,0,120,30,1,0,0.82,2.0,1,1,1,1,28.023275451538584,0.7374468198690658,0.8070609062435244
3,2,3,1,0,1,180,60,0,1,0.72,2.0,1,0,0,0,60.576744164533594,0.7764526607768674,0.056032809855308355
2,2,3,3,3,1,180,20,0,0,0.86,2.0,1,0,0,0,85.94075568563238,0.7089578537001279,0.07766678736474597
4,5,4,2,0,1,75,45,0,0,0.86,12.0,1,1,0,1,42.08553592477113,0.6516169875624581,0.5824438348204753
3,2,2,1,7,0,150,20,1,1,0.86,12.0,1,1,0,1,13.930496488968103,0.9255603867798702,0.5444977705847212
3,2,3,4,1,0,60,60,0,1,0.72,72.0,1,1,0,1,12.190478251994724,0.700829327828218,0.5590689325533547
1,2,3,3,7,1,75,60,1,1,0.82,72.0,1,1,1,1,44.84422352045971,0.7104839636864252,0.8201622715555901
5,4,2,4,4,0,45,15,0,1,0.72,2.0,1,1,1,1,61.45119139515735,0.6150493015570081,0.8379140098211144
2,1,4,1,1,1,30,45,1,0,0.82,4.0,1,1,0,0,62.21749492424613,0.7986359146278597,0.39557381592554725
2,2,3,5,3,1,60,45,0,1,0.86,96.0,1,1,0,1,66.56608070171656,0.7230790554881006,0.5937618532503107
5,5,5,4,3,0,30,15,0,0,0.86,1.5,1,1,0,0,39.87250581916184,0.6370106615716867,0.39199092423608983
4,5,5,2,1,1,90,10,1,1,0.72,8.0,1,1,0,1,20.322170782164722,0.7897846357049492,0.5582631893554301
2,2,1,1,0,0,150,10,1,1,0.72,72.0,0,1,0,0,84.08387070187686,0.8629638753862919,0.40564844252421084
1,2,3,5,1,1,180,0,0,1,0.82,24.0,0,1,1,1,75.60872276109804,0.7874129580221176,0.8352869081125172
5,5,1,2,4,1,45,60,1,0,0.82,4.0,1,1,0,1,67.69124246435705,0.6946925085106913,0.5964990193804897
2,2,2,5,4,0,30,0,0,0,0.86,96.0,1,1,1,0,149.5442351840748,0.6730837057211666,0.7025802973889017
5,2,3,4,5,1,30,45,0,0,0.72,1.5,0,1,1,1,35.15263145918429,0.6387362440721579,0.8187235505544052
5,3,3,1,0,1,120,0,1,0,0.86,48.0,1,0,1,0,92.7203791768579,0.7876287356763509,0.3166795746205607
2,1,2,3,4,1,75,0,0,0,0.82,96.0,1,1,1,0,61.53829392717034,0.9064679057346664,0.6275727758833536
5,4,1,5,4,0,30,10,0,0,0.82,2.0,1,1,1,0,240.0,0.5759754027116196,0.7696817218101867
1,2,2,3,3,1,120,10,0,1,0.86,4.0,0,1,0,1,27.52737102888001,0.7484982689210651,0.5659567018614455
4,3,5,3,6,1,75,20,0,0,0.82,72.0,1,1,0,1,55.86760903485132,0.639528588381347,0.5924780715032066
5,4,4,2,7,1,45,15,0,0,0.82,8.0,1,0,0,0,23.649855428915107,0.6724392981556855,0.03869581941504542
5,3,4,1,8,1,75,30,0,0,0.72,1.5,1,1,0,1,77.42922004169328,0.6702334833949308,0.6047031361901504
3,5,3,4,4,1,180,0,0,0,0.72,8.0,1,1,0,0,92.25181557513196,0.6562465827001476,0.425563949594411
4,4,3,3,3,0,150,0,0,0,0.82,3.0,1,1,1,0,36.23304207179892,0.7311304687464775,0.622976228568946
3,2,1,2,6,1,180,10,1,1,0.86,2.0,1,1,1,0,27.31008191740954,0.6606351109115454,0.6219622635144649
5,5,4,2,6,0,60,20,0,0,0.86,96.0,1,1,1,1,20.113579207106557,0.5224642948508246,0.81683655216518
1,3,5,2,5,1,30,0,0,0,0.72,12.0,1,1,0,1,39.44014988788119,0.6630460268805439,0.5798802113769495
5,2,1,5,3,0,75,30,0,0,0.72,1.5,1,0,1,1,62.28052974996312,0.626051929481612,0.49769671810292926
2,4,4,2,5,1,120,60,0,1,0.86,3.0,1,0,0,1,26.230133018430156,0.5894912605532395,0.23622236710689334
2,3,1,1,1,0,120,0,0,1,0.72,24.0,0,1,0,0,10.09998375806375,0.9802430937164981,0.34811630594522097
5,2,1,3,1,1,90,30,1,0,0.86,24.0,1,0,0,0,13.625558595228657,1.0,0.009083705730152438
3,1,5,2,8,1,150,30,0,0,0.86,4.0,1,1,1,1,47.909685198725874,0.5221962078490856,0.835386055583048
5,1,2,2,8,0,75,15,0,0,0.86,12.0,1,1,0,1,82.91596191427949,0.6295259658519422,0.6112104903332171
2,2,2,2,7,0,60,30,0,0,0.86,24.0,1,0,0,1,46.34196019350982,0.8126230670105401,0.23401102543826874
5,5,4,4,2,0,30,30,1,0,0.86,3.0,0,1,1,0,136.0478845742223,0.7414010591271527,0.6888005155772475
3,3,1,4,3,0,30,30,0,0,0.86,48.0,1,0,0,1,101.46317230479022,0.6690654809721767,0.2808075312018078
4,1,3,1,0,0,120,20,0,0,0.86,24.0,1,0,0,1,92.17959748313974,0.9407114563507009,0.25560326304421077
2,5,2,3,7,0,120,20,0,1,0.82,48.0,0,1,1,1,25.98439387352294,0.6302638154828718,0.8132044621652142
4,5,5,2,6,1,45,30,0,0,0.86,2.0,1,1,0,1,44.8508284443602,0.6462915246887252,0.5846601455680294
2,1,2,3,1,0,75,0,0,0,0.82,4.0,1,0,0,0,79.89814338366595,0.7965588346431527,0.06750631049742328
5,5,4,1,0,0,60,10,0,0,0.86,48.0,1,1,1,1,119.75295758834903,0.775252677628956,0.8655676176248724
5,1,3,2,0,0,180,10,0,0,0.82,72.0,1,0,0,1,42.19663249049941,0.789104032054274,0.23289380608320043
5,4,1,2,8,0,30,45,1,0,0.82,1.5,1,1,1,1,207.24087000053706,0.5642377308931624,0.9386639388378367
3,1,5,1,4,1,75,10,1,0,0.86,8.0,1,0,0,0,52.67162812139561,0.6058936530202035,0.06270186303618283
2,1,4,3,6,1,90,30,0,0,0.86,72.0,1,1,0,0,59.96140633142362,0.7197680359767831,0.3995905083692409
1,5,1,2,4,0,45,30,0,0,0.82,3.0,1,0,0,1,58.96731666176626,0.7599637085068837,0.24611408484569566
1,4,5,3,2,1,45,30,0,0,0.86,4.0,1,1,0,0,70.48347376261239,0.5702153598090494,0.41707390732177485
1,2,2,1,2,1,150,45,0,0,0.86,8.0,0,1,0,0,87.63318597681716,0.8530604495574937,0.40870789251552025
4,5,5,5,7,1,30,15,0,1,0.86,24.0,1,1,0,0,79.45822458307562,0.5369028177486042,0.42538895247964814
3,3,4,1,3,1,75,10,1,0,0.72,1.5,1,1,0,1,70.4616490056828,0.7961822934480843,0.5912416721290893
1,3,1,3,0,1,90,60,0,0,0.82,3.0,1,1,0,1,106.16382319791933,0.7478659902713795,0.6184252628129496
4,5,2,4,5,0,120,0,1,0,0.82,4.0,0,1,1,1,93.96379601277215,0.5568008646342248,0.8636664701507857
3,2,4,5,7,1,180,30,1,1,0.86,48.0,1,1,1,0,103.09568299786177,0.5497929133414512,0.6802449513980064
4,2,3,4,8,0,180,60,1,0,0.72,96.0,1,1,1,0,79.09911736760586,0.7550388231310096,0.6498800272925666
3,2,4,2,0,0,90,0,0,1,0.86,24.0,1,1,1,0,114.0581542917484,0.7129243865413483,0.676134062469938
4,5,4,5,4,1,150,60,0,1,0.82,24.0,1,1,0,1,93.8634662067871,0.530216448884157,0.6254604927159672
3,2,4,4,4,1,45,10,0,0,0.82,8.0,1,1,0,0,52.11704767214313,0.7044492638469411,0.3954332499788096
3,4,3,2,0,1,75,60,1,0,0.82,3.0,1,1,0,0,61.868279157714994,0.7363604197458957,0.39970029005626395
3,1,4,3,6,1,150,20,0,1,0.86,24.0,1,1,0,0,53.127329937880134,0.494603369949158,0.4107959840621457
3,4,4,5,0,1,75,60,0,0,0.86,24.0,1,1,1,0,38.22073727848199,0.6260063087835419,0.6316600499041402
1,4,2,5,7,0,45,30,1,0,0.72,96.0,0,1,0,1,167.94116455943248,0.6047942985952204,0.6696251754712896
1,1,2,1,6,1,90,20,1,1,0.82,24.0,1,1,0,0,83.54062513336166,0.7628042666500743,0.4122974514234026
5,5,1,4,6,1,180,10,0,1,0.82,1.5,1,1,1,1,101.82631034619666,0.6353014549178981,0.8634131050532116
5,1,3,5,1,1,60,20,1,0,0.86,96.0,1,1,1,0,64.00323066854423,0.8297872676985303,0.6345837117067992
4,3,1,2,2,1,150,45,0,0,0.72,3.0,1,1,1,1,60.85073290761391,0.6515445517680857,0.8349590366479767
1,5,5,2,0,0,60,0,1,0,0.72,12.0,1,1,0,0,63.18069354550762,0.6465755091313055,0.4068601767244804
2,1,3,5,4,0,75,10,0,0,0.86,24.0,0,1,1,0,155.3926235519052,0.5900444948143307,0.7122919677309337
1,1,1,1,8,1,75,10,0,0,0.86,48.0,1,1,0,0,37.91363089391081,0.7941342607565928,0.3796863556763124
1,5,2,3,1,1,120,20,0,1,0.86,72.0,1,1,1,1,23.5357383972709,0.5466903856668588,0.8174221652681672
5,2,2,5,8,0,45,60,0,1,0.82,72.0,0,1,1,1,171.99556213331377,0.6855961421228445,0.9066719781402768
4,5,2,5,8,1,120,10,0,0,0.86,12.0,1,1,0,1,109.17916433401248,0.513530166186561,0.6368389979229491
2,3,1,4,8,0,60,0,0,0,0.86,1.5,1,0,0,0,13.957374455451209,0.8456637998229063,0.0201084503160307
2,5,4,2,7,0,120,60,0,1,0.72,96.0,1,1,1,0,175.413375983834,0.6778256614193869,0.7194944543565324
1,2,2,2,1,0,90,60,0,0,0.82,72.0,1,0,0,0,52.76613607045029,0.9241172121239576,0.04048921919828983
3,5,1,5,0,0,75,10,0,0,0.82,4.0,1,0,0,1,127.58024695509215,0.7520105800526985,0.29241275736637257
4,1,2,3,8,1,150,20,1,1,0.72,96.0,1,0,1,0,113.7315064746325,0.5388498752053577,0.3481015130520467
4,3,3,2,1,1,45,45,0,0,0.82,72.0,0,0,0,1,74.36713258529929,0.8233941536560745,0.25194049763427434
5,1,4,2,6,0,120,45,0,0,0.82,3.0,1,1,0,0,70.17187952133071,0.5236697196145317,0.4201243726412033
2,5,4,5,0,1,45,20,0,0,0.82,3.0,1,1,0,1,36.322284310265516,0.5299072942997258,0.5871213456058629
2,3,5,2,4,1,45,20,0,0,0.82,4.0,0,1,1,1,78.53678709903201,0.6830680662158943,0.8445430934309087
2,1,4,3,4,0,60,45,1,0,0.82,96.0,1,0,0,0,20.563098576998698,0.6813903810055685,0.03601140571427601
2,1,3,3,4,1,60,0,0,1,0.86,72.0,1,0,0,1,152.51832541972556,0.9067161872245488,0.29820875050743195
4,2,3,5,8,1,30,30,0,1,0.72,12.0,0,1,1,1,58.05171621696622,0.4759710255186522,0.8453831723583385
1,5,4,4,4,0,150,15,0,1,0.86,72.0,1,1,0,0,67.72545862209438,0.530004554984151,0.4180499868991724
1,2,1,5,2,1,30,30,0,0,0.72,3.0,0,0,0,1,33.81375290441301,0.8491921757935996,0.22309904963072336
1,4,1,3,2,1,60,20,0,1,0.86,3.0,1,0,0,1,19.988927639992916,0.5802098921268742,0.2327112593111141
1,2,5,1,7,1,120,10,1,0,0.72,4.0,1,1,0,1,31.876592697840376,0.6738131087602256,0.5740841441853445
4,4,4,1,6,0,75,0,1,0,0.72,12.0,1,1,1,1,102.66660663945228,0.6804991473038078,0.860809464115035
3,1,5,2,8,1,150,30,1,1,0.72,72.0,1,1,0,1,111.90363696531068,0.623139608336741,0.6309826520599686
5,3,1,2,3,1,60,30,0,0,0.82,48.0,1,1,1,1,82.70048168900405,0.7285736935004471,0.8441334959143048
4,5,1,5,8,1,120,30,0,1,0.82,2.0,1,1,0,1,36.883104013711446,0.6805008028866064,0.5769536798070786
5,2,4,1,3,0,30,15,0,0,0.82,8.0,1,1,0,1,71.09603363292737,0.7474916732314527,0.5950729386290833
1,3,2,5,2,1,30,0,0,0,0.72,12.0,1,1,1,1,56.97428703848507,0.8896324048076256,0.815708589689123
5,4,1,2,1,0,90,15,1,0,0.86,96.0,1,0,0,1,33.85683175693814,0.5317331812200248,0.24534989848589037
3,2,4,1,1,1,150,20,0,0,0.86,2.0,0,1,0,1,77.91163820104613,0.7047813887737507,0.6026063949198682
2,4,5,4,4,0,180,30,0,0,0.86,3.0,1,1,0,1,174.9569634794271,0.5952891509640048,0.6749677350854711
5,2,1,1,2,0,90,60,1,0,0.86,48.0,0,0,1,1,55.4985736587334,0.7902193791352274,0.48168369256635635
5,5,3,4,5,1,30,20,0,1,0.72,1.5,1,1,1,0,93.51636239332049,0.506181441982148,0.6769115406567967
3,4,2,2,1,0,150,0,1,0,0.72,72.0,1,0,1,1,87.21283888643549,0.6468195760048239,0.5128645222706193
5,5,5,5,7,0,150,60,0,0,0.82,3.0,1,1,1,0,54.4396864743819,0.5123552859549652,0.6504282542994072
5,2,3,2,1,1,30,20,0,1,0.86,72.0,0,0,0,0,63.525801593136734,0.8092368333167573,0.055703956063251486
3,5,2,3,4,1,120,20,0,0,0.82,96.0,1,0,0,0,43.597411265352605,0.6249277063091739,0.055320001401926236
3,2,5,3,0,0,60,20,0,0,0.72,3.0,1,1,0,1,48.99129942041073,0.6074020167886702,0.5901427251050669
5,3,5,1,7,1,30,10,0,0,0.72,4.0,1,1,0,1,116.19790426561818,0.6719800591645649,0.6304266653688926
1,1,2,5,2,1,75,10,0,0,0.82,1.5,1,1,0,1,88.97002357225207,0.6967916173777371,0.6105379358317266
1,2,5,3,3,0,120,60,1,0,0.86,2.0,1,0,0,1,60.526727821772646,0.6395322558504384,0.2555838939716511
1,4,2,2,8,1,180,20,0,0,0.86,72.0,1,1,0,1,38.141332299920435,0.6908566461362293,0.5770675896370776
2,1,1,1,3,0,75,0,1,1,0.86,72.0,0,0,0,0,64.66180415584722,0.6975169255491056,0.0642816846487941
1,3,4,4,7,1,60,45,0,0,0.86,4.0,1,1,0,1,90.39691802861839,0.5357403392668274,0.6227627882704011
2,3,5,3,3,1,90,20,0,1,0.82,12.0,1,1,1,1,110.08558336710576,0.7158730963568948,0.8632792721664212
3,2,3,1,4,0,30,0,0,1,0.82,2.0,1,0,0,1,109.72172467949332,0.6919110631666318,0.2847140420313313
1,4,4,2,4,0,30,10,0,0,0.82,8.0,1,1,1,1,84.63582505938376,0.5858784660949381,0.8554123907462768
4,4,1,1,5,0,150,10,0,0,0.86,8.0,1,0,0,0,19.969935184889508,0.7117840176186194,0.033488408889956314
3,3,4,4,7,0,180,0,0,0,0.82,72.0,1,1,0,1,79.95192145316948,0.43662434314283394,0.6227375769487813
2,5,1,4,6,1,30,60,0,0,0.82,3.0,0,1,1,1,172.39697873414795,0.6385652049585274,0.9102317548090018
1,5,4,1,1,0,150,45,0,1,0.82,8.0,1,1,0,1,81.98093987141336,0.5746198676320099,0.6144305691800349
5,3,1,2,6,1,60,20,0,0,0.86,48.0,1,0,1,0,76.76704031576281,0.6298648036245924,0.31708749062345376
1,1,1,2,8,1,75,20,1,0,0.86,2.0,1,1,0,0,35.81987105578646,0.6683990865835292,0.387091977976344
2,2,1,2,6,1,60,10,1,0,0.72,3.0,1,1,0,0,96.96972197859166,0.6997650572420221,0.4256629273121196
3,3,5,1,2,1,45,30,1,1,0.72,3.0,1,1,0,0,155.7796688493575,0.5900316369231805,0.47255089798161576
4,2,1,3,8,0,60,30,1,1,0.82,12.0,1,1,1,0,61.58594862250972,0.5561521011433871,0.6521266520016361
4,4,1,1,0,1,120,45,0,0,0.86,4.0,1,0,0,1,44.60385374056235,0.8111026685294637,0.23295871569664578
4,4,1,3,3,0,120,10,1,0,0.82,12.0,1,1,0,0,56.03097662403475,0.6023345569149711,0.40519056543197524
1,5,1,2,1,0,30,15,0,0,0.82,8.0,1,1,0,0,91.55905474980722,0.7363476164620589,0.4194950366808607
5,5,3,2,5,1,120,60,0,0,0.82,2.0,0,1,0,0,21.70602722977553,0.6940729653048897,0.37588557724850813
3,3,2,4,8,1,45,60,0,0,0.72,2.0,1,1,1,1,37.36182350278066,0.7559991567400249,0.8119879413633855
3,5,2,5,8,0,60,60,0,0,0.72,2.0,1,1,0,0,78.64803249362663,0.6082150315264859,0.4198569694555637
1,3,4,4,2,1,120,45,1,1,0.86,3.0,1,1,0,1,125.62453435440875,0.6239514644755426,0.6400730870563178
3,5,1,3,0,0,180,45,0,0,0.86,2.0,1,1,1,1,26.11111962543958,0.6735907176576434,0.8102560628475913
5,4,3,5,5,1,90,45,0,0,0.86,2.0,1,0,1,1,240.0,0.641143752540578,0.6151199373221595
4,1,5,2,3,0,120,30,1,0,0.72,96.0,1,1,0,1,69.81604372059168,0.5518543848614348,0.6079142222067607
3,1,3,4,5,0,30,45,0,0,0.82,96.0,1,1,1,0,56.67379697481846,0.8346294765125438,0.6293584679606676
4,3,2,5,8,1,90,45,0,0,0.86,12.0,1,1,1,0,45.94275594717917,0.5897990814603002,0.6393425682625652
1,1,2,2,7,1,45,10,0,0,0.82,72.0,0,1,1,1,83.92453468208929,0.8179906670593599,0.8386903430939043
2,1,4,3,7,0,90,60,1,0,0.86,1.5,1,0,1,0,17.734718543340108,0.5886940936249081,0.28061455914181654
3,5,3,2,6,1,30,10,0,0,0.86,8.0,0,1,0,1,88.19828948576117,0.6907780951098873,0.610444392999482
1,5,5,1,7,0,180,15,0,0,0.86,72.0,1,1,0,1,28.393070759323116,0.7263127037202706,0.5680868245791298
3,3,4,2,4,0,150,20,0,0,0.82,72.0,1,1,0,0,120.13680489549725,0.6452314699337878,0.44492500036829974
2,3,5,2,1,0,75,45,0,1,0.86,1.5,1,1,1,1,85.7466876865387,0.6315603405681264,0.8529552346179237
2,3,3,2,4,0,75,20,0,1,0.82,72.0,1,0,0,0,11.312339859405188,0.6140135472539037,0.034560611598496875
1,5,3,1,0,0,180,45,1,1,0.86,2.0,0,1,0,0,132.94378550192167,0.5100938391576907,0.46292262159357617
1,5,1,2,8,1,75,60,1,1,0.86,24.0,0,1,1,1,86.3601607972962,0.6423655134763993,0.8526078545881829
4,5,5,2,1,0,90,15,1,0,0.82,3.0,1,1,0,0,30.50638759414275,0.7122865371136445,0.3804775341314734
3,4,4,3,5,0,120,60,1,0,0.82,2.0,1,1,0,1,45.3727707441692,0.7395550857125283,0.5784796578295692
3,2,3,2,2,1,45,20,1,1,0.82,72.0,1,1,1,0,72.98366066751832,0.8332469795610385,0.6403284852090729
2,3,2,2,7,0,90,20,0,0,0.82,2.0,1,1,0,0,17.659372226168475,0.5552291179273381,0.382906876562532
5,5,4,1,2,1,150,20,0,1,0.86,1.5,0,1,0,1,54.82264620337324,0.6517600662000297,0.5909252261682467
3,3,1,5,1,1,120,15,1,1,0.72,2.0,1,1,1,0,64.3825989536925,0.7645114581767976,0.6394059305634192
3,5,3,5,0,0,75,10,0,0,0.82,8.0,1,0,1,1,83.54702936858044,0.40685671708833926,0.5272180493828699
1,5,5,3,1,0,120,45,0,0,0.72,48.0,1,1,0,1,61.86843939576228,0.6469160807183901,0.5959615006135542
3,5,2,5,0,1,180,30,0,0,0.72,2.0,1,1,0,0,79.14607383309881,0.5669361468927143,0.4230785189395759
3,5,4,4,8,0,90,60,0,1,0.82,12.0,1,1,0,0,27.62594408837984,0.6154146953010282,0.38533826738784793
5,1,5,2,5,0,90,15,0,1,0.82,1.5,1,1,1,0,47.55683601122406,0.6989322068031556,0.6327793028645952
4,2,3,3,2,0,90,20,0,0,0.72,2.0,1,1,0,0,124.45119746219316,0.7830294502494999,0.4381554034573305
1,4,1,2,6,0,180,45,1,0,0.72,2.0,0,1,0,1,90.97602293259158,0.6851997476329396,0.6126866996207553
2,5,2,4,7,1,75,15,0,1,0.86,4.0,1,1,1,0,68.67427098569148,0.6856993560798844,0.6477838923982026
3,5,1,4,4,1,180,45,1,0,0.86,2.0,1,1,1,0,90.7953766567841,0.572381054999937,0.6704635772545272
5,2,2,1,7,0,30,0,0,0,0.86,3.0,0,0,0,1,74.601569013062,0.5614281177759809,0.2704344110977227
2,1,4,4,2,1,75,60,0,1,0.72,96.0,1,0,0,1,40.89406564061615,0.6447931555577453,0.24212718953803525
3,3,5,3,5,1,60,45,1,1,0.72,24.0,1,1,0,1,90.84143730491161,0.6624785353720801,0.6141874607272289
2,5,3,2,5,1,30,0,0,1,0.72,96.0,1,1,0,1,79.56317795197434,0.6456791300905499,0.6078445795283112
4,4,4,3,7,0,180,0,0,1,0.72,3.0,0,1,1,0,26.37196432297835,0.6449406210005443,0.6224354660786142
1,3,3,2,1,0,45,15,0,0,0.82,12.0,1,1,0,0,73.94794655328083,0.7575690677920996,0.4062687962900736
5,2,5,1,5,0,120,20,0,0,0.86,8.0,1,1,0,0,89.1818418362071,0.5259073850439593,0.4326410442710609
4,3,1,3,8,1,90,20,0,0,0.72,48.0,1,0,1,1,72.95979897334654,0.5910124965884436,0.50726899122104
2,3,3,1,3,1,45,45,0,0,0.86,2.0,1,0,0,1,21.7288098147571,0.744098548192848,0.22239897483633872
3,3,3,5,0,0,180,60,1,0,0.86,72.0,1,1,1,0,47.53973342873058,0.8834793424068057,0.6198496016506774
2,5,2,3,3,1,120,30,0,1,0.86,12.0,1,1,0,1,72.28632795307304,0.659209004695725,0.6020462549733481
5,1,4,5,0,0,30,10,0,0,0.86,3.0,1,1,0,0,15.080855006445706,0.8339121066359368,0.3616800558731149
1,4,1,3,5,1,150,45,1,1,0.86,4.0,1,1,0,0,59.09847650997969,0.6800372376989507,0.4017963777010599
3,3,3,4,4,1,180,0,0,0,0.82,3.0,1,1,0,0,31.954550174649633,0.6747043552604707,0.3840737285815335
2,4,4,3,8,1,120,20,0,0,0.72,48.0,1,1,0,1,22.991440786512108,0.5271951284860937,0.5784239681969816
3,2,1,4,6,0,45,10,0,0,0.82,8.0,1,1,0,1,45.432397719596956,0.6003292511319925,0.5882652175671584
1,5,1,3,1,1,90,0,0,1,0.86,4.0,0,1,0,1,87.63725174358584,0.5400235790332293,0.6206231839633979
2,3,4,5,5,0,30,15,0,0,0.86,3.0,1,1,1,0,121.45828622006161,0.6398459690740336,0.6861829729781921
5,2,3,2,8,1,75,60,1,0,0.86,48.0,1,1,0,0,46.868956287467746,0.5252200909328613,0.40448056449301156
2,2,2,4,3,1,120,45,0,0,0.72,8.0,1,1,0,1,39.46740799831026,0.631895446716975,0.5820789240620187
1,2,4,1,7,0,30,60,1,0,0.82,2.0,0,1,0,0,69.24086778755319,0.7968795505637292,0.40037900998557446
4,1,1,4,3,0,30,0,0,1,0.82,4.0,1,0,0,0,28.21165411742834,0.6977328373122962,0.039966470799758166
5,2,1,2,3,1,45,0,1,1,0.82,72.0,0,0,0,0,27.719408527760976,0.8254723468008932,0.03069654140911146
4,2,1,5,0,0,120,15,0,0,0.82,2.0,1,0,1,0,18.646615138249146,0.7861671637052632,0.26739937529946434
3,3,1,2,8,1,75,20,0,1,0.86,72.0,1,1,0,1,45.552077414812175,0.5996065694433181,0.5883955917488425
3,4,4,4,7,1,45,15,0,0,0.82,72.0,1,1,0,0,88.83213399524713,0.6227925242043792,0.42562594596919157
5,4,3,1,4,0,45,45,0,0,0.86,48.0,1,1,0,0,64.84259986819919,0.7475934902725789,0.40089685559305227
5,1,2,5,6,1,30,0,0,1,0.86,4.0,1,1,1,0,154.9765417547157,0.6927474890564663,0.7048253702691912
2,2,3,2,8,1,120,45,1,0,0.86,96.0,1,1,0,1,96.9482632252427,0.7504464869126348,0.6121009213996107
3,3,2,3,3,1,30,30,0,0,0.82,12.0,0,1,0,1,36.404836488024635,0.5136943864830945,0.5883112839381998
3,2,2,3,8,1,90,30,0,1,0.86,72.0,1,0,1,0,97.62469384867572,0.39468738777983514,0.347455012087862
3,2,1,1,7,1,45,30,1,0,0.82,3.0,1,0,0,0,66.61702180945102,0.6044925753400348,0.07209686759916492
5,5,5,2,3,1,150,10,0,1,0.82,48.0,0,1,0,0,179.92742715014518,0.7449114850385132,0.4778078141474009
3,4,3,3,8,0,180,0,1,0,0.72,2.0,1,1,0,1,73.73262488272584,0.6427421669294983,0.6041631315700857
2,1,3,3,4,1,60,15,0,1,0.86,4.0,1,0,0,1,62.74945212556739,0.7645848423872937,0.24831202911660102
1,5,5,4,3,0,180,0,0,1,0.72,4.0,1,1,0,0,72.93768140145706,0.5892221124596301,0.41737957306213064
1,2,3,4,0,1,180,45,1,1,0.86,96.0,1,1,0,0,53.909207314880895,0.5571175143635769,0.4069412455378036
1,2,3,5,5,0,60,60,0,0,0.82,24.0,1,1,0,0,124.68716797719296,0.5187099077280574,0.456815085110498
2,5,3,3,1,0,150,10,0,0,0.82,12.0,1,0,0,1,135.34927325850884,0.7337885708730949,0.29886764887788925
5,5,5,1,6,0,120,15,0,0,0.86,3.0,1,0,0,1,134.14958899961064,0.5975174759913682,0.307606836013678
3,3,3,2,0,0,180,30,0,0,0.86,8.0,1,1,0,0,69.88837853306651,0.7432016036519513,0.4045681400997411
3,4,4,5,1,1,75,15,1,1,0.72,1.5,1,1,0,0,215.28543362047023,0.5799214838508775,0.5129291185440854
2,5,5,3,5,1,180,15,0,0,0.86,48.0,1,1,0,1,61.75074757926251,0.48424386564793526,0.6072700944574863
3,1,1,1,7,1,60,60,0,0,0.82,4.0,1,0,0,0,24.530779352583096,0.6689686632143323,0.0395260464767188
3,3,4,5,7,0,180,0,0,0,0.72,12.0,1,1,0,1,89.97107104083645,0.5975865848279357,0.6181496530892688
3,5,2,2,6,0,150,15,0,0,0.86,24.0,0,1,0,1,65.40616279950319,0.6529509596235588,0.597897541359353
1,1,4,2,2,0,90,20,0,0,0.86,24.0,1,1,0,0,14.536162536666883,0.919587279624993,0.3553196654506951
1,5,4,5,1,1,30,0,1,0,0.72,96.0,1,1,0,1,48.50085794707372,0.4364398899342221,0.6017831130026536
4,1,2,5,1,1,75,60,1,1,0.86,3.0,0,1,1,0,78.14068148261258,0.8019023848797384,0.6459606207134935
1,4,5,3,5,1,180,20,0,1,0.86,12.0,1,0,1,0,69.48605293365898,0.7797153351864496,0.3017439618260545
1,1,3,5,6,1,30,15,0,0,0.72,4.0,1,1,1,0,34.1200852249101,0.7394490237137727,0.6209852918233094
3,2,3,5,7,0,45,45,1,1,0.72,2.0,0,1,1,0,33.553444140679,0.6281009369055429,0.6284018971770647
1,2,5,5,5,1,180,15,0,1,0.86,1.5,1,1,0,1,27.29567153139405,0.45818234522032086,0.5861243501888403
3,2,2,2,5,1,75,60,1,0,0.82,72.0,1,1,0,0,7.552516364509249,0.9101055917225231,0.35132761948909624
4,3,3,4,1,0,45,15,0,1,0.72,48.0,1,1,1,1,60.6063902286418,0.7576568578811932,0.8273682801007443
1,4,4,5,4,0,120,20,0,0,0.72,1.5,1,1,0,1,48.94362894190242,0.5056445494764984,0.5972339674979134
5,3,4,1,2,1,90,15,0,1,0.82,3.0,1,0,0,0,72.83306572319147,0.875458843549406,0.0572732581003359
4,3,1,3,2,0,150,0,0,0,0.82,48.0,1,1,0,0,19.37504588386724,0.7892856726497556,0.36766670017042863
5,1,3,2,2,1,150,20,1,0,0.86,12.0,1,0,0,1,48.28547179280655,0.8030220717977736,0.23597876950269356
3,2,3,1,3,1,90,20,0,0,0.86,12.0,0,0,1,0,39.99759402967344,0.7879121243436504,0.2815112139823934
3,5,5,3,4,1,120,45,1,0,0.82,8.0,1,0,1,1,71.73181874166119,0.45251597362264717,0.5161450943408554
2,5,4,5,3,1,120,60,1,1,0.82,12.0,1,1,1,0,46.81670906395135,0.6117278339825596,0.6383901909971884
4,4,2,5,3,0,180,20,0,0,0.72,72.0,1,1,1,1,74.17392236996535,0.5806480717048319,0.8488039165606387
5,4,3,3,8,0,75,15,0,1,0.72,8.0,1,1,0,0,14.587259340194965,0.4532096404623754,0.3880001647277637
5,1,5,3,1,0,90,10,1,0,0.82,48.0,1,0,1,1,29.10641808094016,0.7657865798194493,0.4657992181332653
5,5,1,4,6,0,45,15,0,1,0.82,8.0,1,1,0,1,172.97078774786422,0.7110462226803568,0.6655406229109512
1,5,2,3,7,1,60,60,0,0,0.82,8.0,1,1,0,0,66.6747563763953,0.6086380847999231,0.41184517164826895
4,5,2,2,6,0,30,20,0,1,0.72,24.0,1,1,0,0,54.17252497988678,0.5495837296226528,0.40764415557967215
4,1,1,3,0,1,90,15,1,0,0.86,72.0,1,0,0,0,38.61095714252045,0.796141254613454,0.040010750272071856
2,2,3,1,4,0,45,20,0,1,0.82,12.0,1,0,0,1,113.5367743208282,0.7561340199454308,0.282761801484372
5,3,5,2,5,1,180,10,0,0,0.72,24.0,1,1,1,0,46.67842528627226,0.6916859764177686,0.6327009318416045
2,4,3,5,7,0,75,20,0,0,0.86,48.0,1,1,0,0,26.707296353617856,0.560716673997179,0.38855469705594275
2,1,2,3,4,1,120,15,0,1,0.86,12.0,1,1,0,0,64.39557833309141,0.7886857741992537,0.3977223813614465
5,4,5,4,4,1,45,15,1,0,0.72,4.0,0,1,0,1,86.21730479555389,0.6214345166549844,0.613977787031187
3,5,5,5,8,1,150,45,0,1,0.82,24.0,1,1,0,0,130.90974009617761,0.6495631479663689,0.4518037397064726
2,2,3,5,2,1,60,60,1,0,0.82,2.0,0,1,1,0,112.73861139881322,0.7720420468211538,0.6711161309883947
1,3,3,5,4,0,180,30,0,0,0.72,2.0,1,1,0,0,102.23210978032625,0.7645069541839273,0.42463925306067596
2,4,3,1,7,1,180,60,1,0,0.82,72.0,1,1,0,0,47.195585833306424,0.6971984735792706,0.392659830738322
2,2,4,2,2,1,75,0,0,0,0.72,12.0,0,1,0,0,39.238193863184286,0.6694920134250634,0.3892943549690351
2,5,4,5,3,0,45,30,0,0,0.82,72.0,1,1,1,0,196.4830217927734,0.6607470828752319,0.7347363853939161
3,5,5,2,2,1,30,20,0,0,0.72,24.0,1,1,0,1,50.518155767353456,0.5988875507908787,0.5917566419562075
5,1,5,3,3,0,60,0,0,0,0.86,24.0,0,1,0,1,136.10965010555077,0.7560033215933974,0.6378195342254961
1,2,1,5,1,1,75,45,0,0,0.86,4.0,1,1,0,0,69.43629605600388,0.7012767112299582,0.40720149425123886
2,2,1,2,8,1,90,30,1,0,0.86,4.0,1,0,0,0,97.20465411038944,0.6820782628189268,0.08705762434293476
4,3,5,5,5,1,150,10,0,0,0.82,2.0,0,1,0,1,129.11243265999198,0.562609989784615,0.6466922558217383
3,3,2,1,3,0,120,20,1,1,0.86,4.0,1,1,0,1,116.83969954377547,0.6927665877585975,0.6293994718860819
4,3,4,1,0,0,45,0,0,0,0.72,4.0,1,1,0,0,81.01816230670838,0.7893022893225717,0.4087609479518923
5,3,5,4,7,1,60,30,0,0,0.82,48.0,0,1,0,0,75.23677813594229,0.5252524097694983,0.4233901834067633
3,4,4,4,3,0,150,20,1,0,0.86,96.0,1,1,0,0,37.98478985704954,0.4932070054438719,0.400798702856962
1,4,4,5,4,1,30,0,0,0,0.86,3.0,1,1,1,1,24.714553835835886,0.47648713561335,0.8231222697309561
3,4,2,2,1,0,60,15,0,1,0.82,24.0,1,0,0,0,43.17711858538704,0.5321007557344146,0.06153769282218234
3,1,1,5,7,0,150,45,0,0,0.86,8.0,1,1,0,0,20.716151781077308,0.6731659531288486,0.37668915113503215
4,5,3,1,4,0,60,0,0,0,0.82,96.0,1,1,1,0,47.480515113902975,0.7696270528774474,0.6277797830411808
1,3,4,1,3,1,45,30,0,0,0.82,72.0,1,1,0,0,72.6142855258163,0.715289960692688,0.4083392264353894
1,2,4,4,2,1,75,60,0,0,0.72,8.0,1,0,0,0,13.583465322738263,0.6543991344404152,0.03324770413766311
5,4,2,5,1,0,150,20,0,1,0.86,3.0,1,0,1,1,80.96390222586854,0.5913536728828938,0.5125811777154431
1,5,1,3,1,1,60,10,1,0,0.86,12.0,1,1,0,0,46.29281029389484,0.678495691837366,0.3933671751006476
4,5,5,4,0,1,180,20,0,0,0.86,4.0,1,1,1,0,75.30297668685894,0.4704921573314005,0.6672675334447079
2,2,4,4,4,0,60,45,0,0,0.72,2.0,1,1,0,0,50.32066375719049,0.7099476558382053,0.39385077326278595
2,2,1,1,8,1,90,20,1,1,0.86,24.0,1,0,0,1,71.09504417990647,0.6880541764897675,0.2592329037656539
3,3,2,1,3,0,120,30,0,0,0.82,12.0,1,0,0,0,67.2412715895838,0.6633599693632467,0.0683923165376286
1,4,5,1,8,1,150,10,0,1,0.72,72.0,1,1,0,1,114.70985921309239,0.5417877669940165,0.6385480957858138
4,3,4,2,6,1,30,15,0,0,0.72,12.0,1,0,0,1,94.98491429317406,0.6808301529828709,0.27566516548664843
1,2,2,5,3,1,30,30,0,1,0.86,72.0,0,1,0,0,60.09307882983795,0.5034308786608523,0.41482189104696565
4,5,1,1,2,0,90,10,0,1,0.82,72.0,1,1,0,1,6.506960229769002,0.766230978707199,0.5507018049770087
2,5,3,1,1,1,120,20,0,0,0.72,24.0,0,0,0,0,75.43826802894826,0.7598298437994978,0.06710408962000067
1,5,1,2,5,0,45,10,0,1,0.72,8.0,1,1,0,1,87.1479607992789,0.730693713926567,0.6069500805579929
2,3,1,5,1,0,60,60,0,0,0.72,12.0,1,1,0,0,73.12706205927526,0.6899031804166187,0.41045815207702024
2,5,1,1,8,1,60,45,0,0,0.82,3.0,0,1,0,1,35.86710651105457,0.6291521416634099,0.5798707544242644
4,2,5,2,4,0,75,10,0,0,0.86,48.0,1,0,0,0,20.59049299223294,0.7428201872398258,0.031729582221367486
5,2,2,3,8,1,45,60,0,0,0.72,2.0,1,1,0,0,42.237277291030786,0.602820752888013,0.3959607321585263
3,2,1,5,0,1,75,60,0,0,0.82,2.0,1,1,1,0,46.71854755503158,0.629917501399156,0.6370514732720801
3,4,1,3,4,1,45,0,0,1,0.86,4.0,1,1,0,0,90.4291718780414,0.7167901546982866,0.4201108037564809
3,5,2,4,7,0,75,0,0,1,0.82,2.0,0,1,0,1,121.62888304327714,0.5081924392771497,0.645512451279451
4,4,4,3,1,1,150,45,1,0,0.82,72.0,1,1,1,0,33.63496979405579,0.6296607147838628,0.6283470631611668
1,3,2,1,8,0,75,10,1,0,0.82,96.0,0,1,0,1,46.07588550990339,0.6476317067926073,0.5853830375311198
5,4,2,2,7,1,30,45,1,0,0.86,8.0,1,1,1,0,42.18533009552585,0.5738648664508705,0.6379530127454563
1,1,2,1,6,1,150,30,0,0,0.82,48.0,1,0,0,0,41.41636485490524,0.8462661631487367,0.03837227848285859
1,4,2,5,2,1,75,0,1,0,0.72,72.0,1,1,1,0,101.8232412304055,0.6391227185540529,0.6731435705214867
3,1,5,4,3,1,150,60,0,1,0.82,4.0,1,1,1,1,240.0,0.6462220141334569,0.9547644590106581
4,4,5,1,4,0,60,15,1,1,0.82,96.0,0,1,0,0,26.439907039035013,0.6189994036022055,0.3842966464405356
3,3,5,4,7,0,60,20,1,1,0.72,24.0,0,1,0,0,54.53740619093526,0.4656283558271502,0.41376428588605635
3,5,1,1,4,0,120,15,0,0,0.86,4.0,1,1,0,1,48.90270497863499,0.5479636609150446,0.5942443470550369
1,3,5,5,1,1,75,60,0,1,0.72,96.0,1,1,0,1,62.68860097670296,0.6541027302919068,0.5960052095307019
2,1,3,2,5,1,180,45,1,0,0.82,12.0,1,0,1,0,25.534723250503234,0.9333542345280637,0.2616883524167044
4,3,3,2,6,1,75,0,0,0,0.86,1.5,1,0,0,0,76.28883065570531,0.740376033174722,0.06903289811490634
3,2,1,4,7,1,90,60,0,0,0.72,8.0,0,1,0,0,79.27217219168308,0.6683525315508403,0.4160634375858966
1,5,4,5,6,0,180,10,0,0,0.82,96.0,1,1,1,0,61.4248829831543,0.5833676082240027,0.6501141894130894
4,5,3,4,4,0,180,15,0,1,0.72,8.0,0,1,1,0,62.06038673690355,0.6926020542075612,0.6428914473634065
4,3,2,2,6,1,90,10,0,0,0.72,2.0,1,1,1,1,84.191098039295,0.7118047310078691,0.8463010675223125
2,3,3,4,8,1,120,15,1,1,0.82,3.0,1,1,1,0,46.029028193779546,0.7682993581124847,0.6269050637279793
1,5,4,3,2,0,30,30,1,1,0.82,12.0,1,0,0,1,12.511263505675544,0.6955165568828494,0.21965468335531757
4,2,1,5,0,1,45,0,1,1,0.86,96.0,1,1,1,0,82.72834160519841,0.9028685050629996,0.641951432382389
5,3,2,4,0,1,45,10,0,0,0.72,1.5,1,1,0,0,34.907013435453635,0.799932321386415,0.3772760797932534
1,2,3,2,1,1,45,15,1,0,0.86,96.0,1,0,0,0,50.522493411732995,0.7623721379315396,0.05031561261928089
1,3,2,2,5,1,30,45,1,1,0.72,72.0,1,1,1,0,118.4453959453421,0.6087507853724338,0.6863510423208244
4,5,3,3,6,1,150,20,1,0,0.86,72.0,1,1,0,1,85.21038778118319,0.44999111751750787,0.6253075469612299
3,5,5,2,3,1,30,15,0,1,0.72,96.0,1,1,0,1,108.6826640374289,0.7335099484120702,0.621109412969441
2,3,5,3,8,1,150,10,1,0,0.72,3.0,1,1,0,0,101.3652275829597,0.44666511083076366,0.44631026063048634
4,2,2,2,2,0,150,30,0,0,0.82,48.0,0,1,0,0,41.99144106203896,0.7016951617365101,0.3888756327198036
5,5,4,1,8,1,60,20,1,1,0.72,3.0,1,1,0,1,90.62071294100147,0.559491663515241,0.6212493921812675
4,3,2,1,7,1,120,30,1,0,0.72,1.5,0,1,1,1,28.48439619824603,0.512773773022618,0.8230954333539141
2,4,1,1,5,1,75,30,1,0,0.86,96.0,1,1,0,0,68.02358961576601,0.6244667540582853,0.41163638695976407
1,1,4,2,0,1,75,60,0,0,0.72,1.5,1,0,0,0,33.60483096562654,0.7746607406228431,0.03817696880015201
5,2,4,4,2,1,90,20,0,1,0.86,24.0,1,0,1,0,20.332996005287228,0.7745505731544288,0.2693367905493815
4,3,1,4,8,0,30,15,0,0,0.82,48.0,0,1,0,0,128.77794538549983,0.63632424210783,0.45130926664278515
1,4,4,1,6,1,180,15,0,1,0.86,4.0,1,0,0,1,174.61720739870663,0.38761553495378914,0.3492783841523725
2,4,1,2,7,0,180,0,0,0,0.86,8.0,1,1,0,0,150.43629412416468,0.7261529432910871,0.4594601567190671
1,5,2,5,6,1,30,60,0,1,0.82,8.0,1,1,0,1,69.37634302576726,0.5720050127968226,0.606210544454734
2,5,1,1,4,1,90,20,1,0,0.82,24.0,1,1,0,1,55.953459308838916,0.6108069572523632,0.5945458191982272
2,1,3,5,3,1,75,45,0,0,0.82,2.0,1,0,1,1,28.04930711206035,0.5663077805499287,0.4790579934362119
5,2,1,5,2,0,180,15,0,0,0.72,2.0,1,1,0,0,22.378110725965495,0.663943589979796,0.3784426891853913
2,3,1,2,1,0,75,0,0,0,0.86,24.0,1,1,0,0,62.529600316878565,0.6748228724564448,0.40444879913930126
4,4,1,3,1,0,150,10,0,1,0.86,12.0,1,1,1,0,7.485904848604225,0.8459063411657075,0.5957771593508034
5,5,1,4,3,1,120,30,0,1,0.72,8.0,1,1,1,0,70.11521293249126,0.5455299047666943,0.658556381954659
2,3,4,2,7,0,150,20,1,0,0.72,96.0,1,1,0,0,179.32620907572235,0.5954850446320524,0.48786685292623794
5,2,3,5,8,1,180,45,0,0,0.72,12.0,1,1,1,1,114.17024920444456,0.5029431160493875,0.8809074813461727
1,1,1,2,0,1,120,45,1,1,0.72,1.5,1,0,0,0,60.03360397017015,0.7724407422724715,0.055951550687707095
5,2,2,3,6,0,60,0,0,1,0.86,8.0,1,1,0,0,62.96158862960637,0.6956226012888608,0.4032808103295174
1,4,5,1,8,0,150,20,1,1,0.82,1.5,1,1,0,1,116.82237119359172,0.592099561622315,0.6364346114821658
2,4,4,3,2,0,90,30,0,1,0.86,4.0,0,1,1,0,169.42990317630586,0.6476646811588009,0.7176167411030878
5,3,4,3,1,0,150,10,0,1,0.82,48.0,1,0,1,1,76.06473518672983,0.6171352311769079,0.5075103572754364
1,4,2,1,2,0,120,10,0,0,0.82,3.0,1,0,0,1,48.86152280016981,0.8097067600368293,0.2358948753308685
1,1,2,2,7,0,75,20,0,0,0.82,12.0,1,1,0,1,63.50386483255664,0.6932923646806503,0.5938054443607256
5,3,3,1,5,0,90,30,1,0,0.86,2.0,1,1,0,0,29.36060573110631,0.698393040473094,0.38068622432095434
1,1,4,1,0,1,60,0,0,0,0.72,24.0,1,0,0,0,24.50681302102389,0.7755588008650313,0.03204875928679707
1,2,2,5,8,0,120,20,0,0,0.72,12.0,0,0,1,1,76.88456072312778,0.6172077350385624,0.5080518323627191
2,2,2,4,3,0,30,15,0,0,0.86,12.0,1,0,0,1,37.28203395513231,0.7230857150569032,0.23423868924943833
5,5,1,4,2,0,90,15,0,1,0.86,3.0,0,0,0,1,23.732044524487442,0.5013034501299881,0.2407301215072258
1,5,5,5,6,1,75,0,0,0,0.86,2.0,1,1,0,1,6.895796581041779,0.6401006966441347,0.5597901489556052
2,1,1,5,2,1,120,60,0,0,0.86,3.0,0,0,0,0,139.96359167983567,0.7483980120597927,0.11092120027570496
1,4,2,1,3,1,150,30,0,1,0.82,8.0,1,0,0,1,74.03971175029562,0.6708963025631512,0.26239706665410983
3,2,3,4,8,1,150,10,0,1,0.72,1.5,0,1,0,0,24.650325229026297,0.5090081077935524,0.3908029826071356
1,2,2,2,2,1,75,10,0,1,0.86,2.0,1,0,0,0,17.177359779002536,0.7532717953065544,0.02872254751454288
1,4,3,5,7,1,30,0,0,0,0.72,24.0,1,1,0,0,80.3045642350149,0.6726566626590016,0.41645040977054654
3,1,1,2,7,1,75,20,1,0,0.72,4.0,1,0,0,0,44.394928622536284,0.7119108996103901,0.049762856108963555
5,4,4,5,1,1,75,45,1,0,0.82,72.0,0,1,0,1,139.90738288726521,0.56227148350802,0.6539125847459488
2,2,1,4,2,1,120,45,1,0,0.82,2.0,1,0,0,1,8.47194452954307,0.6556447268358574,0.21975283214118538
2,2,1,4,4,0,30,20,1,0,0.72,3.0,1,0,1,0,44.094152391574795,0.6135019638139778,0.2964509641274048
4,4,5,5,7,1,150,15,0,1,0.86,4.0,1,1,1,0,140.7240353121829,0.4842677452916916,0.7099172813710369
4,3,5,3,3,1,30,10,0,0,0.72,12.0,1,1,1,0,27.026039093483554,0.593794022274061,0.6264517778364715
2,1,5,1,8,0,180,30,0,1,0.86,24.0,1,1,0,0,60.54339384898498,0.5605665985002506,0.41112260067097245
5,4,5,5,1,1,60,10,0,0,0.86,12.0,1,1,0,0,93.75920078767331,0.6903473793458875,0.42418181730423676
3,3,2,2,3,1,90,60,0,0,0.86,72.0,1,1,0,0,14.191527066248074,0.5775085810242131,0.3790354173724705
2,2,5,1,4,0,30,20,1,0,0.72,72.0,0,0,0,0,16.755788087277093,0.753975992942871,0.028392205885517094
2,3,2,2,0,1,180,15,0,0,0.86,12.0,1,0,0,1,110.01802903801749,0.7194989022824092,0.282980429532243
1,3,4,3,3,0,75,10,0,0,0.82,4.0,1,0,0,0,169.0695702670016,0.6310434981619826,0.13854000197332897
2,3,1,2,5,0,30,15,1,1,0.86,3.0,1,0,0,1,40.069009634789715,0.6803668859647126,0.23908699107232992
3,3,3,2,0,0,150,30,0,0,0.82,8.0,1,1,0,0,168.09970404535935,0.8008980686679723,0.4660036045568149
4,5,3,4,2,1,30,0,0,0,0.86,96.0,1,1,1,0,70.44516326513798,0.48873411262051797,0.6627520542933224
1,4,2,5,3,0,30,45,0,0,0.82,24.0,1,1,1,0,81.17357727672888,0.7372684566018626,0.6525069262223556
3,5,5,4,3,1,150,30,0,0,0.82,3.0,1,1,0,0,88.4586232728847,0.5556037318655457,0.4300801542846683
4,2,5,4,8,0,90,10,0,1,0.82,24.0,1,1,0,1,55.58753801507601,0.7251863934840286,0.5862953111328354
3,3,4,3,8,1,150,60,1,1,0.72,2.0,1,1,0,1,173.6205911828311,0.6522946458473948,0.6700864355792364
4,4,1,1,6,1,90,20,0,0,0.72,12.0,1,1,0,0,22.719628593223245,0.659894202421488,0.3789538248926447
4,3,5,2,1,1,45,15,0,0,0.82,2.0,1,1,0,0,37.20917659662555,0.7497372288454492,0.3823245117119023
5,3,4,3,3,0,30,10,0,0,0.72,4.0,1,1,0,0,120.5273698180983,0.8211998485948915,0.43286759047708984
3,5,5,1,7,1,30,20,0,0,0.82,12.0,1,1,0,1,122.00430501774412,0.8259213551261728,0.6235217084863307
2,4,1,2,2,0,150,30,0,1,0.86,72.0,1,1,0,1,21.831542382759732,0.7298394925347383,0.5634655971110749
2,5,2,2,1,0,120,20,0,0,0.86,1.5,1,0,0,1,37.3712235857527,0.7189029772768043,0.23459094064779218
4,1,1,2,7,0,60,20,0,0,0.72,96.0,1,1,0,0,69.22419097854831,0.7438398959087927,0.4040806679387501
2,5,5,5,5,1,45,45,0,1,0.86,12.0,1,1,1,1,80.77819316306,0.7189019336566668,0.8435289934194067
5,5,4,5,4,0,45,30,0,0,0.72,3.0,1,1,1,0,224.72402123154734,0.5334852205867424,0.7624720487132931
2,4,2,1,6,1,120,45,1,0,0.86,2.0,1,1,0,1,74.83045119463745,0.5632167174393625,0.6104617972423363
5,1,3,2,3,0,150,10,0,0,0.82,1.5,1,1,0,0,66.2538411162308,0.7624988857224001,0.4007943054102525
1,4,5,1,7,0,30,15,0,0,0.72,8.0,1,1,0,1,240.0,0.5904032360159728,0.718671773478882
4,5,5,5,5,1,180,0,0,1,0.82,12.0,1,1,1,0,129.63290048697698,0.5914146684671763,0.6950229068652825
5,5,5,2,7,1,60,0,0,0,0.72,1.5,1,1,0,0,31.521621491372365,0.6094173425303767,0.38835520035045523
3,2,5,1,2,1,45,60,0,0,0.82,48.0,1,0,1,1,28.25456752022519,0.5751058748273989,0.47857896710889886
3,2,3,3,7,1,180,20,0,1,0.82,4.0,1,0,1,0,99.67045271896319,0.771774100364118,0.32242278145382053
4,1,1,3,8,0,180,20,0,0,0.82,2.0,1,1,1,1,59.86502997209189,0.7172348478042638,0.8297035806350962
2,1,3,5,3,1,45,30,0,0,0.82,12.0,1,0,1,1,47.317380825437546,0.6228643086674059,0.48794441894357327
4,3,1,5,3,1,60,15,0,1,0.82,2.0,1,1,1,0,42.55034925090174,0.519300655294189,0.642015853630008
5,4,4,2,1,0,120,45,0,1,0.86,72.0,1,1,1,1,65.20054889364869,0.6548716147257398,0.837626019564964
3,5,2,1,4,0,150,15,0,1,0.86,24.0,1,1,0,1,101.76299670413472,0.6858865796963416,0.6198299372240126
3,5,3,5,8,1,90,0,0,0,0.86,1.5,1,1,0,1,43.08191041569151,0.6226843999465119,0.5851333656142053
2,5,3,5,2,0,150,20,0,1,0.82,12.0,0,1,0,1,65.61351037964015,0.6290919605516736,0.5997059030144763
5,4,5,4,5,1,90,30,0,1,0.86,96.0,1,1,1,0,56.391828304622514,0.6186993659888514,0.6442855965838622
5,4,4,1,8,1,180,15,0,1,0.86,8.0,0,1,0,0,90.38408568430543,0.7754844021254306,0.4159721489740902
2,2,5,4,6,1,150,60,0,0,0.82,48.0,1,1,0,1,42.67298996577244,0.5793209615198724,0.5878961926707905
2,3,5,4,7,0,180,15,0,0,0.86,2.0,1,1,0,1,50.7037316818231,0.6283122809441942,0.5898206281217885
3,5,2,1,4,0,150,0,1,0,0.82,2.0,1,0,0,1,53.70211703810128,0.7191626787563106,0.24546002384579246
1,3,2,5,6,0,30,45,0,0,0.86,96.0,1,0,0,0,86.00821783847363,0.6416211472775696,0.0824253315828859
2,3,4,3,7,0,45,10,1,0,0.72,8.0,1,1,1,0,157.21816642756505,0.5298490556812212,0.7177226770540246
3,1,5,5,2,1,180,30,1,0,0.86,3.0,1,1,1,0,60.96441922185379,0.5938496702553768,0.6490734692300262
3,3,2,2,3,0,90,60,0,0,0.72,3.0,0,0,1,0,51.925925132197236,0.7639382408667198,0.2911416065607944
5,3,5,5,5,0,120,45,0,0,0.72,1.5,1,1,1,1,188.4829786746015,0.6092227897628273,0.9230097238330032
4,5,4,2,6,0,75,45,0,0,0.82,2.0,0,1,0,0,85.37059927411843,0.603831725765179,0.4246455120458498
1,1,5,3,6,1,150,60,0,0,0.86,96.0,1,0,0,0,41.47907158121497,0.5621563169406603,0.05830177220163043
3,1,4,4,6,0,90,45,0,1,0.86,4.0,1,1,1,1,53.61128938151031,0.6800633233022139,0.8281364269565187
3,5,2,2,8,1,60,0,0,0,0.82,8.0,0,1,0,0,51.8739765720195,0.7494753389845739,0.39211937731909285
1,2,4,5,2,0,30,60,0,1,0.82,4.0,1,1,0,1,178.23629135013113,0.8614378890524635,0.6585235419997483
4,4,4,1,3,1,150,20,1,1,0.82,2.0,1,1,0,1,59.27888904651135,0.5951991019014606,0.5978553222312386
1,5,5,5,3,1,45,30,0,1,0.82,2.0,1,1,0,1,131.45044951073146,0.5487671887929781,0.6492199297916459
5,4,2,4,8,1,75,15,0,0,0.86,96.0,0,1,1,0,153.9807803584588,0.7051717224068649,0.7032918330038254
4,5,4,5,8,1,90,0,1,0,0.82,24.0,1,1,1,0,58.91745390639634,0.6046609986602749,0.646952032698045
3,5,5,5,0,1,60,60,0,0,0.72,96.0,1,1,1,1,114.47551826305417,0.5877510097676231,0.8751744414916358
4,5,2,2,7,1,180,45,0,0,0.82,3.0,1,1,0,1,65.11976553673874,0.6990665371255705,0.5944785194257026
1,4,2,1,7,1,75,15,0,1,0.86,4.0,1,0,0,0,76.97479307551424,0.5000340171006233,0.08631414751996586
4,5,2,4,7,1,45,45,0,0,0.82,3.0,1,1,1,1,157.50763688909763,0.6556675658237892,0.8991083616517331
5,3,4,4,1,0,180,0,0,1,0.86,8.0,1,1,1,1,117.19448548538067,0.6393822585553635,0.8733728988913784
1,5,4,3,5,0,75,60,0,0,0.72,12.0,1,0,0,1,63.4800312886032,0.5350865914190616,0.2648639594597345
5,5,5,5,7,0,120,30,0,0,0.82,4.0,1,1,1,0,108.79233018054313,0.5617122862962584,0.683208360079624
5,2,4,5,5,1,120,30,0,0,0.82,8.0,1,1,1,1,37.394678056618176,0.679233139450439,0.8173834656095481
1,5,2,1,8,0,120,60,1,0,0.82,4.0,1,1,0,1,59.22858484847366,0.6960300738560671,0.5907636180623912
2,3,3,4,3,1,60,30,1,0,0.86,2.0,0,1,0,0,137.47354527484535,0.6491514320073296,0.4562084299427172
2,4,3,5,8,1,45,15,0,0,0.86,4.0,1,1,1,1,59.627398907589374,0.41431899643967574,0.850749269520949
1,4,1,5,1,0,150,10,0,1,0.72,2.0,1,1,0,0,82.47246431760172,0.6907670073861929,0.4166279523613676
4,2,4,1,6,1,90,30,0,0,0.82,48.0,0,0,0,0,23.59326380365205,0.7772915033660363,0.031318437300145496
5,1,1,2,0,0,45,10,1,1,0.82,1.5,1,0,1,1,41.020049101294816,0.8230870038786081,0.46973060912936065
1,3,2,1,6,1,120,10,0,0,0.82,72.0,1,1,0,1,56.476973939943676,0.7364692062680492,0.586098471521199
1,3,1,1,1,1,75,60,1,0,0.82,48.0,1,0,0,0,115.12358149007083,0.6352771931368819,0.10227965080713217
1,5,4,4,7,1,60,20,0,0,0.72,2.0,0,1,1,0,146.24684528274904,0.5118875395692916,0.7116657690853158
1,4,4,2,0,0,150,20,1,1,0.82,4.0,0,0,1,1,142.38326483879476,0.670817598741944,0.5479649446472604
5,4,2,2,7,1,180,20,0,0,0.86,48.0,1,1,0,1,77.52699247128021,0.6838053495058706,0.6038182871821093
4,4,5,1,4,1,75,45,0,1,0.86,72.0,1,0,1,0,235.11982423755052,0.47208941908754143,0.43370029015557243
3,5,3,3,5,0,180,30,0,1,0.86,72.0,1,1,1,0,62.15252361728217,0.5859793348769546,0.6504164623034681
5,5,5,4,6,1,150,60,0,0,0.82,3.0,1,1,1,0,11.122065802685805,0.718121295539613,0.6071462198473511
2,2,5,5,7,0,120,45,0,0,0.82,72.0,1,1,0,0,35.018653078273125,0.6974753772672406,0.3845224923101419
4,1,4,2,4,0,45,15,0,0,0.72,3.0,1,0,1,0,50.32867721691409,0.8684414905266097,0.28276154714108004
1,1,1,5,2,1,30,60,0,0,0.82,72.0,0,0,0,0,125.61030002987107,0.8476430565914026,0.09440518605851586
1,5,3,4,0,1,90,20,0,0,0.82,1.5,0,1,0,0,169.25502224354716,0.5095274227145026,0.48716976190568295
3,4,3,5,8,1,45,0,0,1,0.72,4.0,1,1,0,0,135.9437851339553,0.5459153186431015,0.46241511778428646
4,5,5,5,1,0,120,15,0,0,0.72,3.0,1,1,1,0,47.862247672486575,0.4788263815958907,0.6483903184032788
3,3,3,4,7,1,75,20,0,0,0.86,96.0,1,1,0,0,88.68421509845935,0.6054770584299202,0.4267394159755452
1,3,1,1,8,1,90,45,0,0,0.86,8.0,1,1,0,0,47.52595510670692,0.7378718534905475,0.39003294032679964
1,3,4,3,7,0,90,60,0,1,0.86,1.5,1,1,1,0,26.81721492282344,0.7866337663548925,0.6128137796370399
2,3,4,3,7,1,150,15,1,1,0.86,12.0,1,1,0,1,52.966553045281266,0.5403489883758023,0.5974866061772147
1,2,3,3,6,0,75,10,1,0,0.86,24.0,1,1,0,1,79.75593578069784,0.7430773874136508,0.601155206734843
3,2,3,1,1,1,75,20,1,0,0.72,96.0,1,1,0,0,99.86990945679315,0.8344430307677969,0.4181689274841163
1,3,3,4,7,0,30,0,1,1,0.72,1.5,1,1,1,1,115.39342637519155,0.6864894493869202,0.86887468945971
3,1,2,4,7,1,150,60,1,1,0.86,48.0,1,1,1,0,110.37743326609414,0.6490258147693216,0.678153148476877
2,2,4,4,7,0,75,60,0,0,0.86,2.0,1,0,0,1,214.74570598869002,0.6949173804900494,0.3545195873581566
4,1,2,3,3,0,75,30,1,0,0.86,8.0,1,0,0,0,49.00156102075207,0.6072222111947718,0.06016215256353402
2,3,3,5,1,0,30,60,0,0,0.82,72.0,1,0,0,0,98.80007016341092,0.6357914887730578,0.09136130922815991
4,2,3,1,5,1,45,60,0,0,0.86,72.0,1,0,0,0,129.69623418554727,0.635958130288168,0.11194708700352642
1,5,4,3,2,0,30,30,0,0,0.86,2.0,1,1,0,1,107.73734010589953,0.7478026870673187,0.6194787053092208
2,2,2,2,3,1,150,60,0,1,0.82,8.0,1,1,0,0,119.14962343796361,0.8095407517681336,0.4327652296682064
5,5,5,5,1,0,75,10,1,1,0.86,8.0,0,1,1,1,103.38128695258936,0.5546204563223318,0.8700974260258296
4,2,1,4,2,0,90,60,0,1,0.72,8.0,0,0,1,0,34.68550893070957,0.5625643562840046,0.2937441676805927
3,2,3,4,4,0,180,60,1,0,0.82,48.0,1,1,0,0,41.28302391252949,0.6548465016621638,0.3916827608253349
4,3,3,3,3,1,45,10,0,0,0.72,48.0,1,1,1,1,90.37760495171085,0.6274488489187772,0.8563303172101595
3,5,1,3,5,0,45,0,1,1,0.72,1.5,1,1,0,0,99.351674322852,0.6630567595668758,0.4298204763788867
2,4,2,1,0,0,90,15,0,0,0.86,4.0,0,1,1,0,83.93821183595477,0.7233878088438728,0.6553216612715655
3,2,5,3,2,0,45,60,0,0,0.72,12.0,1,0,0,1,30.007539545089468,0.8259276487275113,0.22219009095246717
5,3,2,3,6,1,150,0,1,1,0.82,3.0,1,1,1,0,87.57696142496268,0.7823786104795478,0.6536181382164068
3,5,3,3,5,0,90,30,1,1,0.82,8.0,1,1,1,0,76.86399113356372,0.6748443358823033,0.654003557243948
2,4,2,3,4,1,180,60,0,0,0.72,12.0,1,1,0,1,78.09569538421617,0.7026811921161786,0.6028761134746784
2,3,5,4,2,1,180,30,1,0,0.72,24.0,0,0,0,1,51.22597876623792,0.6770970567938713,0.24675385853525428
5,1,3,4,7,1,60,30,1,0,0.82,2.0,1,1,0,0,181.3841704596622,0.68301164614973,0.4831119650759604
4,1,2,1,1,0,180,60,0,0,0.72,4.0,1,0,0,0,18.00165329701466,0.8005655736217883,0.025961512044484596
2,5,4,1,7,0,90,10,1,0,0.86,96.0,1,1,0,1,91.62351956281634,0.6825911745909452,0.6133009641538448
4,4,5,5,8,1,90,20,1,0,0.72,24.0,1,1,1,0,34.52597093055742,0.5533239808179207,0.6342846352964506
2,3,4,3,1,1,120,0,0,1,0.86,4.0,1,1,1,0,68.13801405052531,0.9589752959266544,0.6282970719854846
4,2,4,3,6,1,90,30,1,1,0.82,1.5,1,1,1,0,138.69531940438185,0.5962952724432271,0.7007228771985621
4,4,4,2,2,1,150,30,1,1,0.72,2.0,1,0,1,0,68.47881910477395,0.7930354583205579,0.3001400639874102
5,4,3,3,1,0,180,30,0,0,0.86,96.0,1,1,0,1,91.05674018829626,0.7293335049591955,0.6096511481117205
1,1,3,3,1,1,90,0,1,0,0.86,4.0,1,0,0,0,151.29599899223183,0.7820324738169829,0.11612172616096575
1,3,4,5,0,0,60,10,0,0,0.86,2.0,1,1,0,1,170.30607317173343,0.6721266992886508,0.6664885131642834
2,2,1,2,0,0,45,0,0,0,0.72,1.5,1,0,0,0,84.1701110646487,0.7607602767943681,0.0728601880008267
5,4,3,4,0,0,45,45,0,0,0.72,12.0,1,0,0,0,93.455562232745,0.6503795650312835,0.0867771386029735
1,5,4,2,2,0,90,60,0,0,0.86,72.0,1,1,0,1,38.230906906377534,0.5844007505179072,0.5845792187346649
3,2,5,3,4,1,45,15,0,0,0.82,2.0,1,1,1,0,107.53627437531038,0.7359177835071427,0.6701766047380403
2,3,1,4,2,0,180,60,0,0,0.86,96.0,1,1,0,1,109.70709052495475,0.6453429715303274,0.6279640523428469
2,5,2,4,3,0,60,15,0,0,0.72,2.0,1,1,1,0,25.86926266036073,0.7450601818227742,0.6150919623793131
3,5,3,4,8,0,120,30,1,0,0.86,24.0,1,1,0,1,110.30448397790028,0.6109864861661585,0.6307672686203025
3,1,5,1,6,0,45,60,0,0,0.82,2.0,1,0,0,0,51.02018629694331,0.5935086480089995,0.062467852170665576
4,3,2,2,4,1,45,60,0,1,0.86,72.0,1,0,1,0,45.16283015700814,0.7870592156766659,0.28501440834063885
5,1,4,5,0,1,120,0,0,0,0.82,4.0,1,1,0,1,56.6476576248954,0.6134922167884158,0.5948206499080745
4,2,2,3,8,0,45,10,0,0,0.86,72.0,1,1,1,0,109.07911009086213,0.6423881146546683,0.6777522387014148
3,5,1,2,8,0,120,45,0,1,0.86,48.0,0,1,1,0,31.845014181095294,0.515981050791166,0.635111335898682
1,5,1,1,6,1,150,10,0,1,0.72,2.0,1,0,0,0,33.43054740391044,0.5973545724211049,0.05047221153312961
5,3,2,4,4,0,90,45,0,1,0.86,1.5,1,1,0,1,149.68121305055882,0.8128196741730874,0.6428900981749232
5,1,1,1,8,1,30,0,0,0,0.72,48.0,1,1,0,1,39.012765158511,0.7700712324155204,0.5721035238365876
1,3,5,4,6,1,60,20,0,0,0.72,8.0,1,1,0,1,83.75234967052603,0.491523938871571,0.6214282240593407
2,4,1,4,8,1,120,20,0,1,0.82,12.0,0,1,0,1,45.8190442444208,0.7557326491429914,0.5776447440562711
4,4,5,4,3,0,150,45,0,1,0.86,4.0,0,1,1,1,30.311989578700796,0.6362722043040534,0.8156689387511835
4,1,3,2,8,0,150,30,1,1,0.82,2.0,1,1,1,1,44.950324151403514,0.6753506109337143,0.8226923400022423
1,5,5,5,2,1,60,30,0,1,0.86,1.5,1,1,0,1,125.87243119191167,0.633236261441555,0.6395884158270323
1,2,5,2,3,0,60,0,0,0,0.86,48.0,1,1,0,1,67.75076336536445,0.8090305448282235,0.588535037438934
2,5,2,4,3,1,60,0,0,1,0.86,4.0,1,1,1,1,108.92030756881707,0.571208394698056,0.8726289507503475
3,3,3,3,2,0,45,0,0,1,0.86,8.0,1,1,0,0,160.63021724547733,0.6167743041480968,0.4739126102066182
5,1,4,2,2,0,75,45,0,0,0.82,2.0,1,0,0,0,36.502764904709046,0.8135135778875129,0.03738922615101346
4,5,3,5,3,0,60,30,0,0,0.86,96.0,1,1,1,0,106.13095735100086,0.6192348903934027,0.6774075292397957
3,5,2,3,6,1,150,15,0,0,0.82,48.0,1,1,1,1,23.86927318429921,0.4791486035480478,0.8223724465411695
4,1,1,5,2,0,120,0,1,1,0.82,48.0,0,0,0,0,61.75628993840333,0.76077142948643,0.05791685989488546
3,5,5,1,0,1,75,20,0,0,0.86,8.0,1,1,0,1,21.485813769701394,0.6159863725161241,0.5712048297703389
5,4,2,1,2,0,120,45,0,0,0.82,48.0,1,1,1,0,11.318218407831436,0.6718543173740532,0.6105156767223706
4,5,4,5,3,0,45,15,0,0,0.82,8.0,1,1,0,1,47.09482588156878,0.5163540269540985,0.5952517687009257
5,3,5,4,8,1,90,30,0,0,0.72,2.0,1,1,0,1,40.292206614935225,0.554809164974161,0.5880248295284323
2,2,3,4,4,1,45,15,0,0,0.86,96.0,0,0,0,1,96.02706758859375,0.5952558052888476,0.2823501386888432
2,5,2,5,3,0,45,15,0,1,0.82,1.5,1,1,0,0,132.15003946686963,0.6416642883351341,0.45318352612778706
1,4,4,3,8,1,60,10,0,0,0.72,4.0,0,0,0,1,33.98330839634825,0.6038573016799886,0.24038552781329964
3,5,1,2,6,0,180,20,0,1,0.86,8.0,1,0,1,1,49.37412508411268,0.6922553954055906,0.4844582057110171
1,3,1,1,8,1,30,60,0,0,0.86,24.0,1,0,0,0,50.33129606659686,0.6509183670320426,0.05798991168548826
3,2,4,5,7,1,150,45,0,1,0.72,48.0,1,1,1,0,117.99653101250912,0.605179816410622,0.6863017668595959
3,1,5,1,2,1,30,20,1,0,0.86,24.0,0,1,0,0,56.50253648044102,0.8404887776675141,0.3888341432169014
4,5,5,4,4,1,120,15,1,0,0.72,24.0,1,1,1,1,126.41660549964575,0.7452282335332836,0.872111760652434
4,3,3,3,3,1,120,15,0,0,0.72,72.0,1,1,1,1,39.51919606966817,0.6464655747585458,0.8210935404800139
1,1,1,2,1,1,60,60,1,1,0.82,72.0,1,0,0,0,54.7947952997981,0.8544156662491477,0.0467207668957584
5,5,3,2,5,1,150,10,1,1,0.82,24.0,1,1,1,1,104.32833355029065,0.6791976618450707,0.8620083860377055
2,2,3,2,3,1,30,60,1,1,0.82,96.0,1,1,1,0,34.193954516767754,0.6301885101076968,0.6286827739703065
2,5,1,4,7,0,45,45,0,0,0.82,96.0,1,1,1,1,174.6057063379057,0.7425024735863766,0.9044286310742241
1,4,5,2,7,0,120,60,0,0,0.72,72.0,1,0,0,0,46.4164765724251,0.578026749156659,0.06048244527398394
2,3,5,2,8,1,120,45,0,0,0.82,1.5,1,1,0,0,48.42083435704251,0.5452275864234797,0.4041146251883848
4,1,4,2,1,0,60,10,0,1,0.82,48.0,1,0,1,0,160.50444717663288,0.8355435341401539,0.35851491739461117
1,1,5,4,1,0,150,20,0,0,0.72,96.0,1,0,0,0,39.830753848849184,0.6179945380526131,0.05329421823554988
2,3,2,2,5,1,150,10,0,0,0.86,3.0,1,1,0,0,84.85935427655518,0.6318636963815331,0.4223424441043295
1,1,5,3,5,0,45,10,1,0,0.86,4.0,1,0,0,1,37.586605588116456,0.6577775274003842,0.23901331014071742
3,5,3,3,2,1,30,15,0,1,0.72,2.0,1,1,1,1,14.119923772929644,0.663190453288302,0.8029899507851053
5,4,5,4,0,1,75,15,1,0,0.72,8.0,1,1,1,0,102.42626882506968,0.6989826244690426,0.6693553955038802
5,3,2,5,8,1,120,0,0,0,0.82,2.0,1,1,1,0,85.80170584363302,0.6049558502286825,0.664854227713081
4,2,5,2,6,0,150,45,0,0,0.72,1.5,0,1,0,1,141.5949037154195,0.46521080588768937,0.6618318460648082
1,2,1,5,5,0,150,60,0,0,0.72,72.0,1,1,1,0,59.97729718818266,0.7080978668572049,0.6404180141121175
3,5,1,3,6,0,75,15,0,0,0.72,12.0,1,1,0,0,49.96317659373906,0.45558854749222855,0.41141758607137
1,1,3,1,0,1,60,30,0,1,0.86,2.0,1,1,0,0,45.75011153563635,0.8239893769626554,0.3828208179697051
3,3,5,4,4,1,30,30,0,0,0.86,4.0,1,1,1,1,41.99785019626786,0.5543940063322375,0.8291909863542553
5,1,1,5,2,0,30,15,1,0,0.82,2.0,0,0,1,0,41.67475113118279,0.8189137735326397,0.2804592032735037
3,2,4,4,4,1,120,0,1,0,0.82,2.0,1,1,0,0,98.51855073087941,0.6513268217256115,0.43008615629979347
2,4,3,5,4,1,30,20,0,0,0.82,24.0,1,0,0,0,55.89653431907169,0.43423502671694597,0.07686790434252824
2,4,4,3,2,0,180,20,0,1,0.82,24.0,1,1,1,1,113.35738033605196,0.6322876993765142,0.8713114479343453
2,5,5,1,7,0,75,15,0,0,0.82,72.0,1,1,0,0,207.58844225948047,0.5944726216705112,0.5067792113227179
1,5,2,4,4,1,45,10,0,0,0.72,1.5,0,1,0,1,64.41181400551936,0.5753906967704175,0.6026638605630837
3,1,3,3,5,0,150,60,0,0,0.82,1.5,1,1,0,0,43.088626974423846,0.6170680108241973,0.3955309905585888
3,3,3,5,7,1,180,10,0,0,0.86,96.0,1,1,0,0,116.98784505243749,0.6365288474402102,0.4434348773808103
1,3,2,4,8,1,150,45,1,0,0.86,48.0,1,1,0,1,207.25638433263725,0.6422133472370984,0.693215988581828
1,4,5,2,0,0,150,30,1,1,0.82,48.0,1,1,0,1,128.2891005228662,0.7220687918890382,0.6349812515830114
4,1,4,5,4,1,180,0,0,0,0.82,96.0,1,0,0,0,19.253144817473405,0.7107481177844649,0.03308306163340306
3,1,3,4,2,1,75,0,0,0,0.82,48.0,1,0,0,1,34.2820295072881,0.8435180713767132,0.22380842134182216
2,3,3,4,2,0,60,45,0,0,0.82,24.0,1,1,0,0,177.3361097481795,0.7897818414139657,0.47293934426647544
3,5,4,1,6,1,75,45,1,0,0.72,72.0,1,1,0,1,83.48309364916524,0.715600127084175,0.6055633868702179
5,4,1,4,0,0,45,10,1,0,0.82,12.0,1,0,1,0,29.504278822786198,0.8036629478314554,0.2734131128669889
1,1,1,5,8,1,45,15,0,0,0.72,48.0,1,1,1,1,20.837736077337375,0.7584303074355826,0.8008017025310674
1,5,2,1,6,1,120,0,0,1,0.86,3.0,1,1,0,1,121.8129543708528,0.5672532856814169,0.641500906249536
4,2,3,1,5,1,150,45,1,0,0.72,48.0,1,0,0,1,114.66070074817682,0.7219280092418027,0.28590550651852503
3,2,1,1,1,1,60,15,1,1,0.82,3.0,1,1,0,0,34.4148342012076,0.876007212202206,0.3716227179466507
5,5,3,4,2,0,75,45,0,0,0.82,72.0,1,1,0,1,108.48798524033694,0.7437208063735202,0.6202648670474116
4,3,2,1,3,0,45,0,0,0,0.86,12.0,0,0,0,1,33.36351519490576,0.7056272946472069,0.23284843283796602
1,4,2,3,0,1,75,60,0,0,0.86,8.0,1,0,0,0,38.228636351029486,0.5956752088632794,0.053788492946923436
2,1,1,4,3,0,150,10,0,0,0.86,3.0,1,0,0,0,84.95941042703078,0.821800538921748,0.0691135692268315
2,2,5,2,1,1,60,20,1,0,0.72,8.0,1,0,0,0,70.51407087714512,0.7230356960405744,0.0663968818619232
5,3,4,2,2,0,75,45,1,1,0.82,96.0,1,1,0,1,24.12787523519914,0.670445776350805,0.569154045812243
3,5,3,1,3,1,75,60,0,0,0.82,12.0,1,1,1,1,73.8044926408798,0.630628532157952,0.8450589978428633
2,2,5,1,4,1,30,45,0,0,0.72,24.0,1,1,0,0,72.63070272323132,0.8087150560026583,0.40181041456196814
1,5,2,1,2,0,45,15,1,1,0.72,3.0,1,0,0,1,86.49689331861617,0.8076919105288739,0.26112616180872295
2,2,1,2,1,1,120,60,0,1,0.86,4.0,0,0,0,0,183.8463638560176,0.7256893039919493,0.14176599129124196
3,4,1,1,0,1,60,30,0,0,0.86,24.0,1,0,0,0,30.704668508886364,0.6419679173609132,0.04553202479066032
4,5,2,1,1,1,45,30,0,0,0.86,48.0,1,1,0,1,62.700384593076265,0.7118196636520067,0.5919728799397438
4,2,3,1,5,1,60,60,1,1,0.72,2.0,1,1,0,0,85.21188142216138,0.6985225800512942,0.41791134034451705
5,1,4,3,4,0,150,60,0,0,0.72,12.0,0,0,0,0,88.69237102576295,0.754896148004693,0.07628551699018013
5,5,3,2,0,1,75,45,0,1,0.72,72.0,1,1,1,1,60.91382720392369,0.6017496901752112,0.8384867398236844
2,1,5,1,1,1,75,30,1,0,0.86,8.0,1,0,0,1,57.43845961112517,0.7369132923798497,0.24670837594082728
1,3,3,5,8,0,120,60,0,1,0.82,72.0,1,1,1,0,137.10279198030904,0.47334453199202486,0.7082677440807643
1,4,4,1,0,1,120,0,1,0,0.72,48.0,1,1,0,0,55.04087352588124,0.6661728923046539,0.4000618132225951
1,5,3,2,8,1,60,60,1,0,0.72,2.0,1,1,1,0,70.34738954977114,0.6729526196674862,0.6497915763231235
5,2,3,1,7,1,150,15,0,0,0.86,12.0,1,1,0,1,18.791227945498683,0.7040952212067102,0.5632408198125294
1,1,2,1,3,1,180,30,1,0,0.86,24.0,0,0,0,1,22.01900256328749,0.6898184608421493,0.2263920427832412
2,3,1,5,4,1,90,20,1,1,0.72,96.0,1,1,1,0,27.26537709331342,0.7835386734660543,0.6133292109195851
3,4,1,5,7,0,75,15,0,1,0.82,24.0,1,1,1,1,102.49140194214118,0.5215903335747002,0.8718162779445318
5,1,3,1,3,1,120,60,0,0,0.72,8.0,1,1,0,0,94.08218846358895,0.6692666630431012,0.4258727925627089
3,1,5,4,3,0,150,60,0,0,0.86,8.0,1,1,0,0,24.597019643198838,0.807462170989236,0.3698756611262194
4,3,3,2,0,1,75,20,1,0,0.72,1.5,1,1,1,1,34.179548003021985,0.6705054434603173,0.8158509842931257
5,1,3,5,7,1,45,15,1,0,0.72,2.0,1,1,0,0,37.27674283809621,0.6741846509005325,0.3876582363290269
4,5,3,2,8,0,120,20,0,0,0.86,8.0,1,1,0,1,82.44763918612547,0.5137769372433457,0.6190007071837161
3,5,1,1,1,0,60,0,1,1,0.86,4.0,0,1,1,1,64.80242812248167,0.7760857683352264,0.8288756149648553
3,5,3,1,4,1,75,10,1,0,0.86,24.0,0,1,0,0,71.81124618946023,0.8397715498984204,0.3990901556334174
1,5,3,2,0,1,90,60,1,1,0.72,12.0,1,0,0,0,96.8697236554769,0.6499283525965448,0.0890848310885598
2,3,5,4,6,1,75,30,0,0,0.82,4.0,1,1,1,0,66.20427830315359,0.4970558255245667,0.6593422777487161
3,3,1,3,5,1,90,15,0,0,0.72,12.0,1,1,0,1,52.16262286000442,0.744061233115554,0.582690795588581
4,5,5,5,5,1,60,60,0,1,0.86,72.0,1,1,0,0,119.3356847389613,0.6344155569613941,0.44514803417201
5,1,1,4,3,1,180,10,0,0,0.82,1.5,1,1,0,0,124.84366836953754,0.8308781312214024,0.4350676430608602
4,3,5,5,0,0,120,20,1,0,0.86,2.0,1,1,1,0,24.816226867976376,0.718420835875438,0.616254692734037
5,4,5,3,1,1,75,15,0,0,0.86,2.0,0,1,1,0,46.33795885228328,0.799410607289093,0.6249332300579524
5,3,5,1,1,0,150,30,1,0,0.82,4.0,1,0,1,0,61.709840768147586,0.8206335603454882,0.29369554462124753
1,4,1,4,2,1,180,15,0,1,0.82,8.0,0,0,0,1,44.744690855475454,0.6652323120943383,0.24326353205704665
2,1,1,5,1,0,180,0,0,0,0.72,24.0,1,0,1,0,87.60329803170237,0.9157914842550022,0.30429679478995136
1,2,3,2,4,0,30,0,0,0,0.72,3.0,1,1,0,1,73.13627662193329,0.77596151520939,0.5944402116832983
3,3,4,5,1,0,90,10,0,1,0.72,72.0,0,0,1,1,60.47443811731232,0.5867890423049085,0.4992410591168646
4,2,2,5,1,0,150,0,0,0,0.72,48.0,1,1,0,1,82.6707679661499,0.6982040068839541,0.6062395648288899
3,1,5,2,0,1,150,15,1,0,0.86,8.0,1,0,0,0,69.92270346631958,0.708852481017691,0.06699546197297468
1,5,5,4,6,0,60,45,1,0,0.82,24.0,1,1,1,0,43.07148806325224,0.5910362164692161,0.6373417902226564
2,3,1,1,7,1,75,30,0,0,0.72,1.5,1,0,0,0,183.2579356368587,0.6129597788399164,0.14926477257244497
2,1,5,1,7,1,90,60,1,0,0.86,4.0,1,0,0,1,28.12565781196907,0.6636761195277086,0.23229311017437312
4,1,4,5,6,0,45,15,0,0,0.72,8.0,1,1,1,0,43.65274657116877,0.5588197424595214,0.6399844490752794
4,5,4,1,8,0,45,10,1,0,0.86,24.0,1,1,0,1,67.23680085656204,0.6077279279130747,0.6022835789504595
1,1,5,2,6,0,180,0,0,0,0.86,48.0,0,1,0,0,82.55022090243959,0.9269624270803412,0.40014611070600253
2,2,2,2,6,0,90,10,0,1,0.86,12.0,1,1,0,1,77.87530408778318,0.7619217186093882,0.5985823490891983
4,5,2,1,6,0,90,45,0,1,0.72,3.0,1,1,0,1,22.661679415213474,0.7634959586169872,0.5616630691736199
1,1,3,3,4,0,150,15,0,1,0.72,12.0,1,0,0,0,42.64479880224309,0.7748204488214191,0.04419243445066272
4,2,1,3,4,0,90,45,0,1,0.86,72.0,0,1,1,0,27.153152225156507,0.7165016973513366,0.6179469826688442
5,1,2,1,1,0,75,60,0,1,0.82,2.0,1,0,1,0,60.99614513097285,0.9514284434851601,0.2840641057100207
5,2,4,4,4,1,150,10,1,0,0.82,24.0,1,1,0,1,62.56485167433238,0.682265826798941,0.5939512932402958
2,5,1,1,3,0,90,20,1,0,0.86,1.5,0,0,0,1,50.16187404263574,0.6004269404894471,0.2514113635274959
2,3,4,2,8,0,180,30,0,0,0.72,24.0,0,1,0,1,130.8903703136829,0.5405557124120391,0.6494213470069459
5,3,2,1,5,1,60,15,0,1,0.72,1.5,1,1,1,0,28.92037681931702,0.7274028994257626,0.6183620482530747
3,1,3,4,3,0,90,15,1,1,0.86,3.0,1,1,0,1,89.18539962564356,0.6035957907275024,0.6172052277328371
3,1,3,2,1,1,75,0,0,0,0.86,24.0,1,1,1,0,105.02323947612561,1.0,0.6500154929840838
3,1,3,2,7,1,30,45,1,1,0.82,24.0,0,0,0,0,100.55369194411392,0.5831682908529693,0.09621401426970144
2,1,1,2,8,1,75,45,1,1,0.82,3.0,1,1,0,0,55.67505669233474,0.6515638090418654,0.40150723782862596
5,3,2,1,2,1,75,60,0,1,0.82,4.0,0,1,1,1,5.1603141412312015,0.7202683837508774,0.793021422564926
5,4,4,3,6,0,45,15,1,0,0.72,3.0,1,1,1,1,82.9959457070189,0.5836885721272486,0.8544724304224385
1,3,3,1,3,0,90,0,0,0,0.72,12.0,1,1,0,0,42.700594856853066,0.7114117077069,0.38866824369841907
5,2,1,2,0,1,45,60,0,1,0.82,1.5,1,1,0,0,39.16137627466535,0.8435998449665938,0.37705559503544867
3,4,5,4,8,1,90,15,0,0,0.82,4.0,1,1,0,1,74.97102184766632,0.7113980957594572,0.6001828145286155
5,1,2,4,6,0,120,20,0,0,0.86,72.0,1,1,1,0,38.08857626447524,0.8064736587531971,0.6189392280635931
3,3,2,2,7,0,75,15,0,0,0.86,72.0,1,0,1,0,114.36547462888157,0.6334457523597925,0.3419024470874022
1,5,1,1,5,0,90,10,0,1,0.72,3.0,1,1,0,0,54.51859554075406,0.5345121448385788,0.4089298802218022
5,3,4,2,2,1,75,45,0,0,0.86,12.0,1,0,1,1,55.859373816590825,0.6527940350715122,0.49154400008938803
1,2,3,5,0,0,120,20,0,0,0.82,3.0,1,1,0,0,94.91962313875867,0.5684967813654361,0.433484974063592
2,3,1,1,7,0,30,15,0,1,0.86,96.0,1,1,0,0,29.440958325472906,0.757869222709385,0.37657645996065836
1,3,2,1,5,0,150,10,0,1,0.86,1.5,0,1,0,0,114.65706195754416,0.6748331429458518,0.43919972129881985
4,1,2,2,0,1,45,10,0,0,0.82,1.5,0,1,1,0,87.83555485996084,0.7600539756399473,0.655353258278511
2,1,2,1,7,0,120,15,1,0,0.82,4.0,1,1,0,0,128.17874707285975,0.7785079461239381,0.44095694181989753
3,3,2,1,6,1,60,60,0,0,0.82,1.5,1,1,1,1,74.67796761115473,0.5969161720960519,0.8480011796940462
4,1,4,3,7,1,90,15,0,0,0.86,8.0,1,0,1,1,98.32024389087971,0.7563874300915472,0.5125997091541782
2,3,5,1,2,1,75,0,0,0,0.86,96.0,1,1,0,1,72.83125644694616,0.6128660129978923,0.6056535500547784
3,1,1,5,1,1,180,60,1,1,0.86,1.5,1,0,1,0,32.10492618891606,0.7389110572631977,0.27967951011752024
5,2,3,2,3,1,30,45,1,0,0.72,96.0,0,0,1,0,30.012986600846677,0.5045179181110868,0.2946924034661217
5,1,5,4,3,1,75,30,0,0,0.72,48.0,0,0,0,0,40.05528001719951,0.5792453137340268,0.056156348050084466
5,2,5,3,1,1,30,60,0,1,0.82,1.5,1,0,1,0,123.56724023782765,0.7483353866269519,0.33999468309466513
5,1,3,1,1,1,75,0,0,0,0.72,48.0,1,0,0,0,10.151378300766126,0.7805523212936151,0.022128923043291032
2,4,1,5,4,1,120,30,0,1,0.86,1.5,0,1,0,0,61.4431423697484,0.4766074766114408,0.41759957155036476
4,3,5,3,0,1,180,45,1,0,0.82,24.0,0,1,1,0,57.0427344708868,0.7952428163817316,0.6323614925005367
1,5,2,1,0,0,90,20,0,1,0.72,2.0,1,1,1,0,166.60244317325277,0.5526854690563292,0.7223803126148921
2,3,3,4,7,0,30,30,0,1,0.72,2.0,1,1,1,0,37.85599437086615,0.670667128538691,0.6282906305828692
2,2,2,4,6,0,75,20,1,0,0.82,24.0,1,1,1,0,70.52880050618849,0.7706669685118213,0.6430725125416316
3,5,2,4,7,0,75,45,0,1,0.72,8.0,1,1,0,1,58.98395176776116,0.6998759376386358,0.5903313188771363
1,3,1,2,4,0,90,20,0,0,0.82,12.0,0,1,0,0,81.24365431934295,0.7180097869660809,0.41390175112526967
3,5,3,3,1,0,45,15,0,0,0.82,12.0,0,1,0,0,23.02767650726007,0.6441895648492268,0.3802585147987275
2,1,3,5,6,1,90,30,0,0,0.82,2.0,1,1,0,0,51.542900383466836,0.7097638711658378,0.3946784626073693
1,3,1,2,1,1,75,0,0,0,0.82,12.0,1,0,1,1,28.204740997899272,0.8831364440334947,0.4569836095829215
1,5,5,4,0,1,45,30,1,0,0.82,12.0,0,1,0,0,69.20319379043434,0.6296923029776633,0.4120570013185198
4,3,1,1,4,0,30,45,1,1,0.72,48.0,1,0,0,0,40.5468507784179,0.6332386371229679,0.05270452925367085
2,1,2,1,8,1,150,15,0,1,0.86,12.0,1,0,1,1,53.73191939031754,0.7254475428867668,0.48503995159147134
1,3,3,3,2,0,75,10,0,1,0.82,72.0,1,0,1,0,41.421764397400835,0.5700320666102063,0.29771226493555275
2,3,3,2,5,1,60,15,0,0,0.82,48.0,1,1,0,0,99.8155043523189,0.5919708037421804,0.43510571330626
1,5,1,5,7,1,45,10,0,0,0.72,12.0,1,0,0,0,68.73820348912118,0.6460161248956138,0.07060434025005449
5,5,4,5,8,1,45,0,0,0,0.86,1.5,1,1,1,0,92.72094688279205,0.5640161038922427,0.6723328373160712
5,3,3,2,4,1,45,10,0,1,0.82,12.0,1,1,1,1,73.58851886897467,0.8103735706960515,0.8323328626305928
4,4,2,4,1,0,30,10,0,0,0.82,12.0,0,1,0,1,72.15836104279722,0.6333728326628477,0.6037694757421321
2,5,1,3,1,0,45,20,0,0,0.86,72.0,1,1,0,0,11.487273150784636,0.5845122407430647,0.3767423252485086
5,5,1,1,0,1,60,15,1,0,0.72,4.0,0,1,1,0,81.63721575499709,0.7282081464684322,0.6534502402505412
3,5,5,5,4,1,180,10,1,1,0.82,96.0,1,1,0,1,149.54214946989376,0.5571375608293503,0.660695137055208
2,3,5,3,7,0,30,15,0,0,0.86,12.0,1,1,1,0,66.17578612602415,0.7386870044292321,0.6424091004406366
3,4,3,1,1,1,150,60,1,1,0.86,2.0,1,1,0,0,33.984411674804065,0.4680786727917541,0.3998907673544466
4,5,4,1,8,0,45,15,0,1,0.82,48.0,1,1,0,0,69.28085612886312,0.7065038446493731,0.406731968293786
2,3,5,5,5,1,30,60,1,0,0.82,8.0,1,1,0,1,110.57746386431228,0.6306488463559601,0.6295728899979577
1,3,5,4,1,0,120,30,0,0,0.82,24.0,1,1,0,0,92.94258806025073,0.5803394617969545,0.4313379630477137
1,3,1,1,2,1,75,60,0,1,0.82,72.0,1,1,0,0,19.774282087445357,0.8843168885462278,0.36128067252672763
3,5,3,1,8,0,120,30,0,0,0.86,48.0,1,1,0,1,102.49087951981849,0.5610420016984357,0.6290543128943218
2,4,2,4,2,1,150,45,0,0,0.86,72.0,0,1,1,0,31.994167442045907,0.7861242118560933,0.6163007501314375
1,5,2,2,5,1,90,20,0,1,0.82,4.0,0,1,0,1,54.90154876041518,0.6264848980197403,0.5927470896455617
4,3,1,5,6,1,90,30,0,0,0.86,4.0,1,1,0,0,70.55548667072,0.6512968555000065,0.41144621122881286
3,2,5,5,3,0,45,45,0,0,0.72,12.0,1,1,1,1,54.6696378850374,0.6738155584807562,0.8292793361630387
1,1,4,1,2,1,90,30,0,0,0.86,4.0,1,0,0,0,55.398008872878165,0.7966386863060959,0.0511672978738254
5,5,3,3,7,0,120,10,0,0,0.86,72.0,0,1,0,1,31.92918776097944,0.7468352660283142,0.5690076565520044
4,1,2,4,2,1,180,30,0,1,0.82,48.0,1,0,1,0,65.81668730485087,0.610450877736484,0.31114623009501335
2,2,4,2,8,1,30,20,1,0,0.86,3.0,1,0,1,0,45.446637307051645,0.6246783235968377,0.2965702755529224
4,3,4,4,2,1,60,30,1,0,0.86,72.0,1,1,1,1,88.14463167539863,0.5075521262028,0.8632344389494031
3,3,2,1,5,1,120,20,0,0,0.82,24.0,1,0,0,1,187.07634512916687,0.6899186462126543,0.33642325818455876
1,1,2,5,1,0,120,20,1,0,0.86,8.0,1,1,1,0,93.4930265068239,0.7203518881376821,0.661904052168245
2,4,4,2,0,1,45,30,1,1,0.72,24.0,0,0,1,0,103.18675301492361,0.7333106523768479,0.32745942301023634
5,2,2,3,1,1,90,15,0,0,0.86,24.0,1,1,0,1,111.90068406347379,0.8038211294069825,0.6183329769838272
3,4,5,4,5,0,150,45,0,1,0.82,24.0,1,1,1,1,190.51804392307264,0.861660818818138,0.9066957719647788
1,3,1,5,4,0,30,60,0,1,0.72,48.0,0,1,0,1,195.1700735432793,0.616703670291584,0.6869441254417753
1,4,3,1,6,0,150,10,1,1,0.72,3.0,1,1,0,1,108.53778100057886,0.5781371331936828,0.6318889213434948
3,3,3,2,4,1,30,60,0,1,0.72,4.0,1,1,0,1,72.47215605322833,0.688766240917218,0.6001011338379469
4,5,5,1,4,1,60,20,0,0,0.82,12.0,1,1,0,1,162.23798713569022,0.7699590347547653,0.6542615256576265
2,4,3,3,5,0,180,60,1,0,0.82,3.0,1,1,0,0,53.42535839204823,0.5284286094932746,0.4086269029301696
5,4,3,3,8,1,45,60,0,0,0.86,24.0,0,1,0,1,56.21285645268827,0.5096674314032924,0.601798517436895
5,5,3,5,5,0,60,45,0,1,0.82,2.0,1,1,0,1,102.45691470283768,0.4512787460244334,0.6367150975801815
2,4,5,4,4,1,150,30,0,1,0.82,48.0,1,1,1,0,47.25695104670708,0.6972133096104371,0.6326997023584074
1,5,1,5,5,0,75,15,0,1,0.86,3.0,1,1,0,1,94.77790328391171,0.5283318270609753,0.6262020409616729
1,4,3,1,1,0,90,45,0,1,0.86,12.0,1,1,0,1,15.517059164417937,0.8001564178868507,0.5543337568575324
2,3,4,5,0,1,75,20,0,1,0.72,72.0,1,1,1,0,55.81298984843415,0.5453802211035301,0.649032044421709
2,3,3,2,8,1,90,60,0,0,0.82,12.0,1,0,0,1,120.76484017945744,0.6683198958985843,0.2937275007400707
2,3,2,5,2,1,75,60,0,0,0.82,3.0,1,1,0,1,145.99117724282695,0.5842679664705129,0.6564286938422821
3,3,2,4,2,1,150,10,1,0,0.82,72.0,1,1,1,0,112.23442493356089,0.880935387753184,0.6631574728129844
1,3,3,3,3,1,75,45,0,1,0.82,2.0,1,1,0,0,32.63342921875653,0.4777952509874467,0.3983099519100498
4,3,5,2,0,0,45,15,0,1,0.72,4.0,0,0,0,1,111.821048637995,0.7573129446731752,0.2815354596315411
5,2,2,2,3,0,120,60,0,0,0.86,4.0,1,1,0,0,44.20522506975675,0.84765953055365,0.380133982907749
4,1,2,2,7,1,150,60,0,0,0.82,8.0,1,0,1,1,39.525592073885726,0.7756259654696712,0.47205657713304683
5,1,1,1,2,1,120,15,0,0,0.72,3.0,1,0,0,0,60.064038331624175,0.9189298899169088,0.045717599926899166
5,4,5,5,0,0,60,20,1,0,0.86,96.0,1,1,0,0,31.08496210414709,0.6701507389487044,0.38381275634302214
1,2,1,5,8,0,60,15,1,1,0.86,72.0,1,1,0,0,44.94496766613649,0.7241537288790711,0.3892725507558894
1,4,2,2,5,1,75,0,0,0,0.82,8.0,0,0,0,1,107.04551603035671,0.6515821393301163,0.285752927600463
1,2,4,5,3,1,45,30,0,1,0.86,12.0,1,0,1,1,55.459458402730284,0.6082469904096623,0.49439568293981045
4,4,2,2,1,1,90,15,0,0,0.86,3.0,1,1,1,1,51.6109503081519,0.8094393455322537,0.8177465460181769
4,3,2,4,2,1,75,30,1,0,0.86,24.0,0,0,0,0,25.136547682191335,0.6485389430725671,0.04135997243971453
5,3,2,5,8,1,60,60,1,0,0.82,1.5,1,1,1,1,41.728686435362356,0.6162975363130572,0.8246782967483276
3,3,3,2,1,0,150,30,0,1,0.72,8.0,1,0,0,0,21.70284123880878,0.7756283793386081,0.03017457427216996
3,5,4,3,3,1,150,20,0,0,0.86,72.0,1,0,0,1,134.79817076147992,0.5913270988850836,0.3084725502523641
3,4,3,1,3,0,60,30,0,0,0.72,4.0,1,0,0,0,105.06863029154998,0.7020629570018841,0.09090134653756811
3,2,1,4,5,0,120,15,1,0,0.82,2.0,0,1,0,0,100.05128366738475,0.5700303607974764,0.4367987305224332
4,4,5,1,0,1,90,0,1,0,0.82,48.0,1,1,0,1,37.386084489403274,0.740352273176477,0.5730993972039155
1,4,1,2,7,1,45,60,0,0,0.72,4.0,1,0,0,1,29.936417587840367,0.7364220881485923,0.22840806555482546
2,1,2,2,5,0,45,0,0,1,0.82,8.0,1,1,0,0,55.64229153665946,0.8735882405612477,0.38594368418515235
3,5,2,5,2,0,90,20,0,0,0.86,2.0,1,1,0,1,148.40743082514712,0.5779557855867614,0.6584813822256915
4,2,2,2,0,0,180,30,0,0,0.86,72.0,1,0,0,1,20.573825935676293,0.8226630983160466,0.21612946707499428
2,2,5,3,8,0,60,45,0,1,0.86,1.5,1,1,1,0,78.12498627041995,0.6370737056236945,0.6574881647866214
1,2,2,5,2,0,45,0,1,0,0.82,24.0,1,1,0,0,47.468380173634955,0.7294734808549368,0.3905824431225777
5,3,2,3,6,0,120,15,1,0,0.86,96.0,1,0,1,0,16.610893530461944,0.6148020318280001,0.2780377867923479
2,2,5,5,0,1,30,15,0,0,0.86,96.0,1,1,1,1,70.20721079968345,0.7391469777700278,0.835064518755887
5,2,2,3,2,1,60,0,0,0,0.86,8.0,1,1,1,1,98.1809848272712,0.641232230880059,0.8605677337232434
1,3,3,2,0,0,150,15,0,1,0.82,3.0,1,0,0,0,64.50728152498192,0.8971820545649389,0.05020211053044222
3,4,1,1,3,1,30,15,0,0,0.72,8.0,1,0,0,0,82.19902790930811,0.8631188349027105,0.06438103349634902
4,5,2,2,3,1,180,0,1,0,0.82,48.0,0,1,1,1,108.00635934642013,0.561471580494775,0.872701228929646
2,2,3,2,7,1,60,0,0,1,0.86,48.0,1,1,1,1,53.78831228269722,0.70073013843076,0.8268077651649783
1,4,3,4,4,1,90,20,0,0,0.86,12.0,1,1,1,0,30.479774878521912,0.6317302458082013,0.6260987327124405
3,4,5,3,3,1,120,10,0,0,0.86,4.0,1,1,0,1,24.165234906901652,0.6325156092000553,0.5718340639605973
2,2,2,2,7,0,120,0,0,0,0.82,2.0,1,1,1,0,104.1833298791764,0.7523547795118504,0.6667907186869548
4,1,5,1,3,1,75,45,0,0,0.72,48.0,1,0,0,0,30.20089598365363,0.6203124481937594,0.046712059282205926
1,2,2,3,4,1,75,20,0,0,0.72,12.0,1,1,0,1,20.95394254026144,0.6031915698559468,0.5717458851369247
3,4,4,4,0,0,90,45,0,1,0.82,72.0,1,1,1,0,60.87211251271147,0.6563250215371887,0.6446386568342045
5,5,3,1,8,0,180,30,1,0,0.72,3.0,1,1,1,1,85.0462330566505,0.611803047849895,0.8538712753549411
4,4,4,1,8,1,150,10,0,0,0.82,12.0,1,1,0,1,93.94022142794148,0.5791801395297734,0.6220842045182102
5,4,5,2,4,1,120,15,0,0,0.82,24.0,1,1,1,0,86.17065041090757,0.5716065195018418,0.6674346439088096
1,5,2,4,2,1,60,20,0,0,0.72,12.0,1,1,0,1,31.890922588392165,0.5305953567449496,0.5841189400867817
3,5,4,3,3,1,180,15,1,1,0.72,12.0,1,1,1,1,9.165517324770256,0.5896970440122441,0.8048315518023231
2,1,5,5,2,1,150,30,0,0,0.82,72.0,0,1,0,0,92.7757934027067,0.5282924548305997,0.4348700570969959
1,5,1,2,6,0,75,20,0,0,0.86,3.0,1,1,0,0,72.00331005261087,0.6584241176747063,0.41191251846451116
5,1,3,1,0,1,75,0,0,0,0.86,1.5,1,0,1,0,88.33248957536695,0.9124054823822885,0.3050199426168178
3,4,2,2,0,0,180,20,1,1,0.86,24.0,0,1,0,0,63.93363486325901,0.7325481746499872,0.4013440510166736
4,1,5,4,0,1,45,15,0,0,0.86,12.0,1,0,1,1,138.82155423469038,0.7089202179021431,0.5429232875699769
3,3,5,2,5,0,60,10,1,1,0.82,12.0,1,1,0,0,45.30097705000429,0.5133739699078982,0.4042644734731167
5,3,4,5,1,0,75,60,0,0,0.86,12.0,0,0,1,0,52.40406424060765,0.6552042301036497,0.29907174671981623
5,1,5,2,7,0,90,30,1,1,0.86,96.0,1,1,1,1,83.463264359904,0.8113023429799083,0.8388510122313424
4,5,5,3,6,0,150,0,0,1,0.72,48.0,1,1,0,1,31.783702190450665,0.5176462490038041,0.5849538973633676
4,1,5,4,1,1,75,60,0,1,0.82,12.0,1,1,0,0,55.92022331740692,0.7305124783572103,0.3961442753932666
2,1,1,5,3,0,150,45,0,0,0.86,96.0,1,1,1,0,71.27888668742767,0.7952087493316929,0.6418546453384001
5,4,3,2,5,1,150,45,0,0,0.82,4.0,1,0,0,0,104.63724940420563,0.7011327206907243,0.09067887582111972
5,4,1,1,5,0,150,15,0,1,0.82,72.0,1,0,0,0,90.0176603982768,0.8109878695626752,0.07324262272946394
3,2,2,3,5,0,120,20,0,1,0.72,12.0,1,1,0,1,46.588552489472136,0.6644714562149949,0.5845460330579318
3,5,5,1,1,1,180,45,0,0,0.72,4.0,0,0,0,1,51.71770526898459,0.8105947882295746,0.23773683500325285
2,2,4,5,4,1,45,15,0,1,0.72,96.0,1,0,0,0,70.53811863696335,0.5402716517646781,0.07920639680111477
4,1,5,1,1,1,75,20,1,1,0.86,8.0,1,1,0,0,34.42150900046379,0.7725252175025068,0.3788709074418004
1,5,5,4,2,1,120,10,0,1,0.72,4.0,0,1,0,0,116.77649936329124,0.6326763148358667,0.4435636575370169
5,1,5,3,2,0,45,45,0,0,0.72,2.0,1,1,0,1,67.9157974699427,0.7125017814514143,0.5954020736116962
5,3,1,2,5,0,60,30,0,0,0.72,2.0,1,0,0,0,96.93594407772544,0.6353683204499337,0.09014818028698826
4,4,3,3,4,1,75,10,0,0,0.72,2.0,0,1,1,1,91.59262451986963,0.687583219767593,0.8529309242961816
2,2,5,1,4,0,75,10,0,1,0.86,8.0,1,0,0,0,60.41102730534244,0.680452686593321,0.06264233014202916
5,3,4,3,8,1,180,15,0,1,0.82,12.0,1,1,0,0,92.58126220419715,0.6085557327356773,0.4291219401779674
4,5,1,4,5,0,120,45,0,0,0.72,24.0,1,1,1,1,62.02250524189013,0.6028341676257857,0.8391499450941218
4,5,3,5,8,1,30,30,0,0,0.72,12.0,1,1,0,1,80.57702633169419,0.45734815006294416,0.6217036470500568
4,5,3,3,5,1,60,45,0,0,0.72,8.0,0,1,0,1,65.075527509683,0.5719836863174182,0.6033448269642361
1,5,4,1,5,1,120,0,0,0,0.86,4.0,1,1,0,0,128.19533093470565,0.6186962185540826,0.4521548186576847
2,5,4,5,8,1,75,30,0,0,0.82,4.0,0,1,0,1,55.32729665472109,0.6091466384397832,0.594244599745696
5,3,5,5,6,0,75,20,0,0,0.86,96.0,1,1,1,0,51.63647013840231,0.6526784391139636,0.6387368226876241
5,1,1,3,1,0,150,30,0,0,0.86,4.0,1,0,1,0,85.2795967904242,0.8523332970423059,0.30718973373398806
5,3,5,2,3,0,60,15,0,1,0.72,1.5,0,1,1,0,73.9338382744111,0.6127901654826138,0.6563939139324911
4,2,4,3,1,0,150,15,0,0,0.72,8.0,1,0,1,1,88.85679974950814,0.7563014119994522,0.5062967676597104
4,1,2,4,2,0,150,10,0,1,0.82,72.0,1,1,1,1,24.27208762506873,0.7242067387812694,0.805486920035357
1,1,4,4,5,0,150,15,0,0,0.86,72.0,0,1,0,0,133.23393610098398,0.8195249520425847,0.4414558774243418
4,5,5,3,8,1,45,0,1,0,0.82,8.0,1,1,0,1,138.45447748244305,0.5070948672868999,0.6568063442782124
5,1,1,2,8,0,90,60,0,0,0.86,12.0,1,1,1,1,17.697277763574093,0.6873656736757403,0.8036825880184143
1,5,2,1,2,0,60,30,0,0,0.72,4.0,1,1,0,0,70.91624080857103,0.6765817766272663,0.40991676950847206
3,1,3,3,0,1,120,60,1,1,0.72,48.0,1,1,1,0,80.5094578008179,0.9062555893703836,0.6402350806112852
3,2,1,5,8,0,60,45,0,0,0.86,12.0,1,0,1,0,78.601598840069,0.5915898543212135,0.3209897760908944
4,4,5,5,0,1,30,45,0,0,0.82,1.5,1,1,0,1,60.345598018957666,0.6664209004355162,0.593580935648819
5,3,1,5,1,1,30,60,0,1,0.72,8.0,1,0,0,0,77.5486013278989,0.759413804525153,0.06854010123517189
2,5,4,3,5,1,90,0,0,1,0.72,3.0,1,1,0,0,80.59595878081099,0.5843229445903033,0.4228280330658861
5,5,1,2,4,1,30,15,0,1,0.72,4.0,1,1,0,1,77.87408422276893,0.6355763588999598,0.6074257110255155
3,3,1,1,5,1,120,0,0,1,0.86,48.0,1,1,0,1,14.622095284434398,0.5672663205410611,0.5700394210850821
1,3,5,1,6,0,30,20,0,1,0.82,24.0,1,1,0,1,70.16879495933932,0.5825146836367533,0.6060031687849868
2,1,3,2,6,1,120,30,0,0,0.86,1.5,1,1,0,1,35.86565674539396,0.6678235489379631,0.5771627894046052
2,4,1,5,0,1,180,45,0,0,0.72,24.0,1,0,1,1,89.18098411185574,0.6217461047038576,0.5159317620786338
2,4,1,5,1,0,150,0,1,1,0.72,2.0,1,1,1,1,117.02834923851978,0.6807313022829349,0.8703677083325411
4,3,2,3,1,1,90,30,0,0,0.72,8.0,0,0,1,1,91.77394706875106,0.7827231589414374,0.5063920102532667
4,2,1,3,4,1,180,0,1,1,0.82,2.0,1,0,0,0,138.87514408588822,0.7182752309542153,0.11230416322379708
5,4,1,4,5,0,120,20,0,1,0.82,2.0,1,1,0,0,60.71845872585345,0.6437851157902513,0.40541401437858476
2,1,2,2,0,1,120,15,0,0,0.72,3.0,1,1,0,1,29.30213435418053,0.8321115463873769,0.561286947989004
5,5,1,2,4,1,120,30,1,1,0.82,72.0,1,1,1,0,78.66804142603293,0.5709185934299943,0.6624810594105891
2,4,1,5,3,0,180,30,0,0,0.86,12.0,1,1,1,1,22.096931092838656,0.7307623032462581,0.8035779261679877
1,1,2,1,4,1,120,30,0,1,0.72,72.0,1,0,0,0,134.86273627101764,0.8625331242593003,0.09953117214919409
1,4,1,1,6,1,75,30,0,1,0.86,12.0,1,1,0,0,19.34114537407457,0.5739505187739905,0.3827175606018704
5,1,3,4,8,1,90,20,0,0,0.72,24.0,1,1,1,0,98.9410556539163,0.5348327936460873,0.6785224082140515
5,1,2,1,7,1,60,20,1,1,0.72,8.0,1,1,1,0,70.09154321921443,0.7208051311959934,0.6462713362957568
1,5,4,2,4,1,30,30,0,1,0.72,12.0,1,1,0,0,146.4536980269453,0.6935217559794415,0.4590892757660693
2,5,2,2,0,0,90,10,1,0,0.72,1.5,1,1,0,0,74.38151505387545,0.7982396513531177,0.4037109011078654
3,1,5,5,0,1,30,30,0,1,0.82,2.0,1,1,1,0,104.80154186505182,0.6749849965296691,0.6726187448196244
4,3,1,2,6,1,30,60,0,0,0.82,1.5,1,0,1,0,94.93940863459876,0.6169870937744509,0.330103842525521
1,3,4,2,0,0,180,45,1,0,0.72,72.0,0,0,0,0,37.90671735718874,0.6427343346553263,0.05027974147891966
3,5,1,3,6,1,90,10,1,0,0.72,96.0,1,1,0,1,85.1334563012317,0.7444020206882186,0.6046474960859792
2,3,2,2,5,1,120,0,0,0,0.72,2.0,1,0,0,0,49.40010623939465,0.6177867998779746,0.05968832816813821
1,1,1,2,1,1,90,30,0,1,0.82,1.5,1,0,0,0,64.48213101093077,0.6748552140705586,0.06574822235568141
4,3,5,5,3,0,180,20,0,0,0.72,12.0,0,1,0,0,84.22267406251137,0.7027897423575709,0.4169531674099776
5,1,2,2,7,1,45,60,0,0,0.82,24.0,0,0,0,0,23.612649987807607,0.6745506920653039,0.038523218213967134
4,1,5,1,0,0,30,20,0,1,0.72,96.0,1,0,0,1,61.64482235192972,0.766004364616665,0.24747624271145327
5,3,1,5,7,1,45,45,0,0,0.72,1.5,1,0,1,0,78.76420506114106,0.521384273159508,0.3260125709195951
2,1,3,3,5,0,180,15,1,1,0.86,8.0,1,0,1,1,66.50925860031509,0.6587103829146528,0.4982297789295177
5,2,4,3,8,0,180,0,0,1,0.72,48.0,1,0,1,0,143.57960479885773,0.6070680430235487,0.3632249735209234
1,5,1,5,1,0,180,15,0,1,0.86,3.0,1,1,1,1,149.40216655340512,0.8869335824193171,0.8775160935995846
3,2,3,3,3,1,60,30,0,0,0.82,2.0,1,0,0,0,37.63431642824497,0.7789870250656705,0.04056045253089971
1,2,4,3,4,1,30,10,1,0,0.86,24.0,1,0,0,0,80.4985352178098,0.8358178712421256,0.06515843915825775
3,1,4,4,2,1,45,45,0,0,0.72,8.0,1,0,0,1,188.67604928474495,0.566438576282933,0.3461333325166913
1,3,5,3,2,1,60,30,0,0,0.86,2.0,1,1,0,1,13.755205974415553,0.7367554494803403,0.5575972558526532
1,1,5,5,8,1,75,30,0,0,0.72,8.0,1,1,0,1,82.1940973964407,0.7503417972496459,0.6022721391234853
4,2,5,1,5,1,120,10,0,0,0.86,8.0,0,0,0,0,84.5883651490756,0.661658930951028,0.08007611826614511
3,3,4,4,8,1,75,45,0,0,0.86,72.0,1,1,0,1,140.66979934905618,0.68616589966321,0.6457482532562794
5,5,5,2,5,0,30,45,1,1,0.82,1.5,1,1,0,1,72.66907643172503,0.554099239826082,0.6096591041666577
4,4,2,4,7,1,30,20,0,0,0.72,96.0,1,1,1,1,116.00089832972071,0.5931710420231812,0.8758119592781911
5,4,3,1,0,1,120,15,0,0,0.86,3.0,0,0,0,0,64.36125152402273,0.7925282957976896,0.05743052031017688
5,3,5,4,6,1,180,45,0,0,0.86,72.0,0,1,0,0,161.78483816655375,0.5423362860912093,0.4798930187513179
1,4,1,2,3,1,60,30,0,0,0.82,2.0,1,1,0,0,75.6805820503851,0.6311949905570938,0.4162700720279269
3,3,3,5,0,1,150,0,1,1,0.72,3.0,1,0,1,1,8.208466411423506,0.5846478580316377,0.46454696087873437
4,3,5,1,4,0,75,15,1,0,0.72,8.0,1,1,0,1,39.07885833643713,0.7855784076989799,0.5710620836853629
2,4,3,3,0,0,30,10,0,0,0.86,4.0,1,1,0,1,13.872010818111747,0.6988908118678798,0.560325650381323
4,5,4,5,6,1,150,15,0,1,0.72,8.0,0,1,0,1,179.0927841198046,0.6126538984552761,0.6765094165213338
4,2,4,5,6,1,60,0,0,0,0.86,8.0,1,1,1,1,66.07604020656576,0.39204527899667296,0.8566075239412767
3,1,3,1,7,1,180,60,0,0,0.82,24.0,1,1,0,1,33.70336317613478,0.6918309156910909,0.5740407446857134
3,3,3,5,1,0,90,20,1,1,0.72,1.5,1,1,0,0,70.6435480386867,0.6843126804682554,0.40919381105968
1,4,4,5,6,0,150,0,0,0,0.82,12.0,0,1,0,0,106.82763762623941,0.7397397169888144,0.4294366448949426
5,2,1,1,6,0,150,0,0,0,0.82,8.0,1,1,0,0,44.823107104406446,0.7072648387198189,0.3903735326925503
3,2,3,2,7,1,150,20,1,0,0.72,12.0,1,0,0,1,121.00720409258571,0.819099735089358,0.2833344879388021
2,3,2,2,2,0,45,10,0,0,0.86,12.0,1,1,0,0,75.5919453547179,0.914753741778988,0.3963618683119495
2,5,5,5,5,0,90,10,1,0,0.86,4.0,0,1,1,1,42.09659876987567,0.601978727221648,0.8259258882744017
4,4,2,5,1,0,60,30,1,0,0.86,3.0,1,0,1,1,115.71884048106065,0.6754994314504432,0.5298609334525094
3,4,4,3,0,0,60,20,1,0,0.82,8.0,1,1,1,1,198.48561767117525,0.5747056226180633,0.9320943515308524
3,3,2,1,0,1,75,0,0,1,0.72,12.0,1,0,0,0,26.699739746928877,0.7153118252529717,0.03772799873024457
1,5,5,3,8,0,90,45,0,1,0.82,3.0,1,1,0,0,59.31005713483934,0.6619312726373898,0.4032048490052756
2,4,3,2,7,1,75,20,0,1,0.72,48.0,1,1,1,0,16.049387972541478,0.7549474035374958,0.6078532737340697
2,1,1,2,8,0,45,15,0,0,0.82,96.0,1,0,0,0,91.35925615937526,0.7139666187972776,0.08092850745710742
4,5,2,5,0,0,150,30,0,0,0.82,48.0,1,1,0,1,30.039546538924288,0.5275981686621535,0.5830944925529321
3,3,5,2,4,0,150,0,0,0,0.86,96.0,1,0,1,0,92.75993721084039,0.5648133784204624,0.3323030216511279
3,2,3,4,7,0,30,10,0,0,0.82,12.0,1,1,1,0,75.05560971998138,0.6305456894941611,0.6558988748820631
5,4,3,1,3,1,90,0,0,0,0.82,2.0,1,1,0,1,33.14658712987346,0.8588325601873938,0.5619794455401315
5,3,2,2,6,1,60,15,1,1,0.72,96.0,1,0,0,1,29.429501608752332,0.643493468823914,0.23457512492149427
2,1,3,1,6,1,150,15,0,0,0.82,2.0,1,1,0,0,48.26895746442648,0.7414160710698059,0.3902801800013979
3,3,5,5,7,1,90,60,0,0,0.86,24.0,1,1,0,1,95.50527135258787,0.5567626153978544,0.6246967978238754
2,2,4,3,4,1,75,60,1,0,0.82,4.0,1,1,0,0,30.956519171247677,0.6532762795847225,0.3849083398765679
4,4,2,4,8,1,150,15,1,0,0.82,1.5,1,0,1,0,5.56222820407404,0.5290642221156555,0.27667365658795345
4,4,1,4,3,1,60,10,0,0,0.82,3.0,1,1,1,0,46.13389143511472,0.6405365755400488,0.6359183673356065
2,5,2,4,0,1,150,15,1,0,0.86,12.0,0,1,1,0,112.77443699224148,0.7390266881328273,0.6734510898255298
3,3,5,1,3,0,150,60,0,1,0.86,24.0,1,1,1,0,240.0,0.6049090544440527,0.7676563661889164
1,5,1,2,7,1,180,30,0,1,0.82,72.0,0,1,0,1,23.33207615031249,0.6557405735231604,0.5696528772869205
4,2,3,3,5,1,90,0,0,0,0.86,3.0,1,1,0,1,25.798102202766437,0.7690449589597236,0.5633655876746637
5,4,1,5,6,1,180,30,0,0,0.72,72.0,1,1,1,1,31.229850515346563,0.6037662286456751,0.8185562643383671
5,5,2,5,8,0,30,45,0,1,0.86,72.0,1,1,1,0,97.5657639524157,0.5399508371824178,0.6772472840321746
3,4,1,4,1,1,60,60,0,0,0.72,3.0,1,0,1,0,70.32921303727393,0.5768932984309467,0.31650361113468306
5,1,2,2,8,0,180,30,0,1,0.82,8.0,1,1,0,1,190.78131012076565,0.7421993356174087,0.6752335865872919
1,1,2,2,5,0,75,15,0,1,0.82,8.0,1,0,1,1,12.426738000737698,0.6565907343585936,0.46232314059539026
5,2,5,2,6,0,30,15,0,0,0.82,24.0,1,1,1,1,66.80604248612117,0.726935287239205,0.8336518915506698
4,1,5,1,8,1,60,60,1,0,0.82,96.0,0,1,1,1,13.729673096741628,0.8231268231372181,0.7915342377782224
2,5,5,2,0,1,75,10,0,0,0.86,96.0,1,1,0,1,118.20569907297067,0.7639021456618502,0.625330649185651
4,2,5,4,8,1,150,60,0,1,0.72,96.0,1,1,0,0,80.95683909699588,0.627882152184228,0.420019475411768
2,4,4,5,5,0,90,20,0,0,0.82,2.0,1,1,0,1,117.70839215317075,0.6176932729371469,0.6352337323298469
2,3,3,4,2,0,150,30,0,0,0.86,72.0,1,1,0,1,19.496623253893883,0.6691660811418563,0.5661561231559994
2,5,1,3,7,1,30,0,1,1,0.72,96.0,1,1,0,1,123.69392018484325,0.4833580841567648,0.6486275475655886
5,4,5,2,8,0,120,45,0,0,0.82,12.0,1,0,0,0,51.91436540778335,0.7881232487237875,0.04944094952785712
1,2,1,5,1,0,180,20,0,1,0.72,24.0,0,1,0,0,18.636152379638148,0.7193351639502767,0.3720706401099061
2,5,3,2,2,1,180,30,0,0,0.86,3.0,1,1,0,1,46.19579649927817,0.8395932800961587,0.5720256680594544
3,5,2,3,8,0,30,60,0,0,0.82,8.0,1,1,0,0,51.94269272430539,0.5410391608520823,0.40675572055655784
4,2,4,2,7,1,120,20,0,0,0.82,72.0,1,1,0,1,34.66855107869333,0.6354800284092149,0.5786287653971506
2,3,2,5,8,0,90,10,0,0,0.86,1.5,1,1,0,0,41.898131426725485,0.6314936232253652,0.39372753399204147
5,5,4,2,7,1,180,15,0,1,0.86,1.5,1,1,1,1,164.19571992489628,0.47551960745593513,0.9161774407613488
2,3,4,3,5,1,180,0,0,0,0.86,2.0,1,1,0,1,66.61123778699951,0.4227670969060269,0.6148137950745778
4,5,1,1,8,0,45,60,0,1,0.72,12.0,1,1,0,0,79.33204320137898,0.3785911688747428,0.4363866469796873
3,3,3,2,3,1,150,45,1,0,0.82,12.0,1,1,0,1,76.8338173139949,0.7152177330112677,0.6011573035652079
1,4,3,2,5,1,90,20,0,0,0.72,3.0,1,1,0,0,67.63636780712248,0.6138942730412792,0.4121183127585255
3,3,2,4,1,1,120,45,1,0,0.72,12.0,1,1,1,0,20.795656804466915,0.6378974008627496,0.6192109531425856
3,3,4,5,2,0,180,45,0,0,0.72,2.0,1,1,1,1,79.14607742068792,0.6085398760130821,0.8501662602928762
3,1,2,4,3,0,180,20,0,0,0.82,1.5,1,1,0,1,67.9540606745609,0.7300589331596553,0.5941985817951981
5,3,3,5,5,1,120,20,0,0,0.82,1.5,1,1,1,1,185.48428041869695,0.5551984342168478,0.9247922965506186
5,1,1,2,4,0,60,30,0,1,0.82,96.0,1,0,0,0,101.35703290254128,0.7553689152895934,0.08469553119808931
1,1,5,2,3,0,60,15,0,0,0.82,12.0,0,0,1,0,46.96034946723393,0.6657463927724636,0.2947046521507502
3,1,2,2,4,0,75,15,0,0,0.86,24.0,1,1,0,0,100.21854184912546,0.7642635946531594,0.4233139096070292
3,5,3,3,4,1,45,0,0,0,0.82,48.0,0,1,0,0,65.24642562327695,0.43939714673745206,0.42273981681056305
4,5,5,4,2,0,75,0,0,1,0.72,12.0,1,1,0,1,152.13056001099366,0.7205231531188393,0.6509837526223438
4,1,3,4,5,1,30,30,1,0,0.72,72.0,1,0,1,0,42.87960309862287,0.790495732943967,0.2832517007596709
3,1,3,2,4,1,90,15,0,1,0.86,8.0,1,1,1,0,36.19433828911324,0.9154705671471924,0.6100466191591054
1,1,5,5,2,1,45,30,0,0,0.86,1.5,1,1,0,0,82.81600579343089,0.5571508983078494,0.4262101076474045
1,1,3,5,6,1,75,15,1,0,0.82,3.0,1,1,0,0,154.230846961779,0.6751563275511614,0.46555962171260473
4,4,5,3,0,0,45,0,1,0,0.72,24.0,0,1,1,0,56.29635103450438,0.7179452723293909,0.6372747316266123
3,3,1,2,8,1,30,20,0,1,0.82,4.0,0,1,0,1,45.52579786033224,0.6058308545630384,0.5879423720874756
4,1,2,2,3,0,180,45,0,0,0.86,3.0,1,1,0,0,41.56578938262738,0.7976344718837877,0.3818761132232198
2,5,3,3,4,1,30,15,1,0,0.86,72.0,1,1,0,0,83.2319216094566,0.5437662548841931,0.4274243098977442
3,3,4,1,4,1,45,30,0,0,0.86,2.0,1,0,0,1,57.22340339501224,0.8384802412001197,0.23945531871266645
2,2,4,3,3,1,180,30,1,1,0.72,1.5,1,1,1,1,160.26797993981572,0.716930565457298,0.8966601803778663
5,5,2,1,5,1,150,60,0,1,0.86,2.0,1,1,0,0,45.462646351480245,0.6048373716909002,0.39796981488262384
1,1,3,2,5,0,60,20,1,1,0.82,8.0,1,0,1,0,50.30739853127196,0.6465709025059642,0.29827830251209714
2,2,5,4,6,1,30,20,0,0,0.72,2.0,1,1,1,0,19.11601233890957,0.5608441267737433,0.6234849193517777
4,1,5,4,3,0,75,10,0,0,0.86,4.0,1,0,0,1,85.30015734752108,0.5974300817078143,0.27504666584546705
1,5,1,3,8,1,60,45,0,1,0.86,2.0,1,0,0,1,57.2342101613085,0.5305950190476325,0.26101448877420474
4,5,2,2,2,1,120,0,0,0,0.86,3.0,1,1,1,0,45.12323887200691,0.6948841435000164,0.6314402692030036
4,5,1,1,0,1,90,45,0,0,0.86,3.0,1,1,0,1,68.40489132768406,0.7403033237655545,0.5937820282215339
5,4,4,4,7,1,90,15,0,0,0.82,24.0,1,1,1,0,83.14173650825211,0.6748948170622007,0.6581851871444808
3,4,4,2,5,1,60,30,0,0,0.72,48.0,1,1,1,0,41.36416098528731,0.6876970487925131,0.629437313908049
4,4,4,2,3,1,120,10,0,0,0.72,4.0,1,1,0,0,36.766258843520866,0.38375188931146853,0.40764820697721116
5,3,1,4,4,1,45,45,0,0,0.86,8.0,1,1,1,0,23.35374746951169,0.7380062256745042,0.6139087291824592
2,5,1,2,4,0,180,0,0,0,0.72,96.0,1,0,0,0,77.96497500082545,0.6192526138364295,0.07862896703200023
5,1,1,1,5,1,180,10,0,1,0.86,12.0,1,1,0,1,52.234338364489766,0.8479683026552147,0.5754651110571282
3,3,3,4,3,0,60,60,0,1,0.86,8.0,1,0,1,1,83.232861631914,0.5133881591793928,0.5195514032787185
3,1,3,4,0,1,120,60,0,0,0.82,1.5,1,1,1,1,11.046782585205168,0.9469710545166184,0.7810765479073069
5,1,1,5,4,0,45,20,0,1,0.82,48.0,1,1,1,0,30.57335557163707,0.6789141240932028,0.6228582483612339
1,2,3,3,3,0,45,15,0,0,0.72,8.0,1,1,1,1,101.76024439056127,0.6890657644999654,0.8596055594120433
4,5,1,2,6,1,150,0,0,1,0.72,48.0,0,0,1,0,61.548199526278864,0.545582463590972,0.3128413605661512
1,5,3,1,5,1,90,20,1,0,0.82,8.0,1,0,0,0,212.18128037378665,0.6032456639116424,0.1692269904420428
5,3,5,2,7,1,180,20,1,0,0.86,4.0,1,1,0,0,110.24397432213931,0.6204653285960771,0.44006340987970083
3,2,1,5,4,1,90,10,1,1,0.72,24.0,0,1,0,1,89.3283728773416,0.7403866270078789,0.6077251846943429
1,3,1,3,1,1,120,10,0,1,0.82,48.0,1,1,0,0,135.29711298888958,0.7962688298120509,0.44445925723908286
4,5,3,5,8,1,90,20,0,1,0.86,3.0,1,1,1,1,59.80418659100099,0.5606117615690253,0.8406266344175022
5,2,1,2,6,0,180,45,1,0,0.82,96.0,1,0,0,1,62.699456088574024,0.696321039640761,0.2530571646175294
3,5,5,5,3,1,60,20,0,0,0.86,12.0,1,1,1,0,33.4463862760027,0.5412379993323164,0.6344109308974064
2,5,4,4,1,1,45,20,0,0,0.82,48.0,1,0,0,1,64.21777622305788,0.6502203923833897,0.25729642334853464
2,4,5,2,6,0,75,20,0,0,0.72,12.0,1,1,1,1,80.2665910154429,0.5679403231076838,0.8537552380594241
5,4,4,4,2,1,180,15,0,0,0.82,48.0,1,1,1,1,104.66897088692323,0.5396610639441516,0.8720030394485249
4,1,2,1,7,0,150,15,0,1,0.86,48.0,1,0,0,0,7.851614504100437,0.6645196550695751,0.028718033814530034
1,2,5,5,5,1,180,15,0,0,0.86,8.0,1,1,0,1,112.84619576464732,0.48784437063495,0.6410816912319851
2,1,5,3,6,1,45,60,1,0,0.72,24.0,1,1,0,1,161.83942966844765,0.8287919129498874,0.6498775192058063
4,3,4,1,7,1,30,20,0,0,0.82,96.0,0,1,0,0,78.63667355682742,0.5954619505182949,0.4207421125016043
3,5,3,2,2,0,180,0,1,0,0.72,72.0,1,0,0,1,49.914838301880124,0.5936129616495447,0.25172365155245197
5,2,1,4,0,1,90,15,1,1,0.82,3.0,1,1,1,0,104.64369722656852,0.7217022810977327,0.669243305140871
4,4,2,1,5,0,75,60,0,0,0.72,96.0,1,0,0,1,57.15056520450538,0.5208680693619834,0.2616396119476648
5,1,3,4,1,0,75,0,1,1,0.82,1.5,1,1,0,0,43.798324731428075,0.7424988131147241,0.3872239662362547
1,4,2,2,3,0,30,60,0,1,0.72,8.0,0,1,0,0,42.21633038737953,0.8479615369924315,0.37878691266878284
2,3,3,1,6,1,90,30,0,1,0.82,24.0,1,1,0,1,28.15960556390493,0.6914522830818669,0.570371410560206
1,5,5,3,0,1,120,45,0,0,0.72,1.5,1,1,1,1,81.90734310577805,0.6892492924926499,0.8463574449293666
1,1,3,2,0,0,150,45,0,0,0.72,1.5,1,0,0,0,62.90932518400413,0.7990267650760973,0.05600767656734262
5,4,5,3,3,0,60,30,0,0,0.86,8.0,1,1,1,0,72.51692188765973,0.6213101280039313,0.6548529056314981
3,4,2,3,4,0,90,60,0,0,0.86,2.0,0,1,1,0,117.90184718357489,0.6714533623251946,0.6815994960929531
3,2,2,1,7,1,90,10,0,0,0.82,12.0,1,1,0,1,16.226663712218457,0.7358709343440257,0.5593068104040639
5,2,3,4,7,0,180,45,0,1,0.72,3.0,1,1,1,1,47.697785409249875,0.5605193594240179,0.8325621684464855
3,1,2,1,1,0,180,60,0,0,0.72,24.0,1,0,0,0,43.63701191814822,0.8689467901395689,0.03826506596899566
1,2,4,4,2,0,180,45,1,1,0.72,72.0,1,1,0,0,65.37358400404216,0.7376685313300282,0.40194559214292613
4,5,3,1,0,1,150,0,0,0,0.86,72.0,0,1,0,0,33.45618209386148,0.8908669244212579,0.3699434366864196
5,1,3,4,0,0,45,0,1,0,0.82,48.0,0,0,0,0,87.81653015410434,0.8305069046329453,0.07040887011176339
1,3,5,2,1,1,60,60,1,1,0.72,8.0,1,1,1,1,50.147401503389275,0.7130072747640183,0.8235210917687783
4,2,5,3,4,1,180,60,0,1,0.86,2.0,1,1,0,0,19.783535325334846,0.5574557102648912,0.3841671238316809
3,4,2,4,8,1,75,60,1,0,0.86,8.0,1,1,0,1,103.97864269280382,0.5329254805208898,0.6320143114920735
3,3,2,2,1,1,60,10,0,0,0.86,3.0,1,0,0,0,12.80108239796833,0.7992461108141847,0.022586827174985957
2,4,1,4,6,1,90,60,0,0,0.72,12.0,1,1,1,0,25.38829646147099,0.745686728631715,0.614727459970094
3,3,4,5,5,0,180,20,0,1,0.82,3.0,1,1,0,1,179.94086447025512,0.6281960662566851,0.6759868516755355
1,4,4,3,7,1,90,20,1,0,0.82,24.0,0,1,0,0,44.01840796251158,0.468701906069063,0.4065364718835067
2,2,1,4,1,1,90,10,0,0,0.72,3.0,1,0,0,1,74.63446212319182,0.7031609936222619,0.2605350385285696
4,2,1,1,8,0,45,15,1,0,0.72,96.0,1,0,0,0,30.133015255913495,0.5923926804031894,0.04862118920905241
4,2,4,1,0,1,75,60,0,0,0.82,48.0,1,0,0,0,46.62848749956983,0.714713734533784,0.05105569691568168
5,5,5,3,6,1,75,30,0,0,0.82,4.0,1,1,0,1,29.965796128569885,0.5722453751566201,0.5799200211580832
3,1,2,4,6,1,45,60,0,0,0.86,24.0,1,1,0,0,75.52227326024406,0.8760124896432082,0.3990273078984715
3,5,3,5,3,0,180,15,1,0,0.72,4.0,1,1,0,1,200.69749743936904,0.4614198712006382,0.7014989406422014
4,4,5,3,3,0,120,20,0,1,0.86,24.0,1,1,0,1,50.36313207598995,0.6396500255250496,0.5887999195972399
2,2,3,1,4,0,180,20,1,0,0.72,48.0,1,0,1,0,183.4565855089602,0.6960882312491958,0.38357821415186305
1,3,5,1,6,1,180,30,0,1,0.72,2.0,1,1,0,1,35.272660972347865,0.7225522008556462,0.5729364532550034
5,4,2,3,7,0,60,30,0,1,0.72,4.0,0,1,1,1,40.68500008457968,0.660573805049377,0.8208831670362635
2,4,1,4,2,0,120,30,0,1,0.72,2.0,1,0,1,0,87.7459249743108,0.7278571733350013,0.3175472811827571
5,4,3,4,1,1,180,20,0,1,0.72,12.0,1,0,0,0,35.40888132287289,0.4331536074307121,0.06328516836176543
1,1,5,3,5,1,180,0,0,1,0.86,72.0,1,1,0,1,35.18509336771901,0.6643901083316464,0.5769494213285975
3,3,2,2,2,1,60,15,0,0,0.82,2.0,1,0,1,0,107.99010687766022,0.8293742588797709,0.32393720646352286
2,3,2,2,8,0,60,20,1,0,0.86,4.0,1,0,0,0,26.618554583552857,0.7190232715694191,0.03741407404584257
2,5,1,5,2,0,75,10,0,0,0.72,3.0,1,1,0,1,88.67286951675713,0.5372873726192501,0.6215051302611573
3,2,1,3,1,0,90,45,0,0,0.86,3.0,0,1,0,1,82.70320660566469,0.7245091035769966,0.6044198338200534
5,3,5,3,3,1,75,30,0,0,0.82,4.0,1,0,0,1,65.24259917743451,0.7265270406371405,0.25263817327368987
5,5,5,4,3,0,120,10,0,0,0.72,8.0,1,1,1,1,92.65880445848344,0.5179704940708793,0.865514601720694
2,4,2,1,7,1,180,20,0,1,0.86,24.0,0,1,0,1,25.768970549235046,0.596113683188178,0.5754513558763176
4,3,1,3,3,0,120,0,0,1,0.86,4.0,1,1,0,0,75.60751649753743,0.6534250811157354,0.4146652553202569
3,2,2,1,8,1,45,30,1,0,0.82,96.0,1,1,0,0,23.908215904307045,0.7083292951826944,0.37635575994008275
2,3,3,1,1,0,60,30,0,0,0.82,24.0,1,0,0,1,88.10057535855712,0.8355133072475662,0.2602477853983751
5,5,1,4,1,1,45,0,0,1,0.86,24.0,1,0,1,1,90.38157594853674,0.6661674094856722,0.5136226653016941
3,1,2,4,3,1,30,45,0,1,0.82,72.0,1,1,1,0,236.92740834065148,0.8442731791947834,0.7488524830167995
1,1,5,2,0,1,30,45,0,1,0.86,72.0,1,0,0,0,69.46307070155095,0.7061640506362459,0.06687723025649676
3,2,1,3,4,1,180,45,0,0,0.72,96.0,1,0,0,1,51.35019159657904,0.7315532262918604,0.2430247352239558
3,5,5,5,8,1,45,30,1,0,0.82,8.0,1,1,1,0,149.22663382207645,0.5432188150419913,0.7114591054951117
2,1,3,2,7,1,180,30,0,0,0.82,96.0,0,0,0,0,127.05063416564768,0.8451940328910503,0.09553684047472494
3,3,1,3,2,0,30,45,1,0,0.72,3.0,1,1,0,1,119.76132575620335,0.7796179553096959,0.6252676269657902
2,2,4,1,2,1,150,0,0,1,0.72,48.0,1,1,0,0,61.42203527507931,0.586299351590526,0.40990706890538275
2,5,5,1,4,1,75,15,0,0,0.86,72.0,1,1,0,1,43.84316701644333,0.6220670306187497,0.5856840858676498
3,2,3,4,4,0,90,20,1,0,0.86,72.0,1,0,1,0,55.659401840963426,0.6998904136166065,0.2981139389408132
5,1,5,5,8,0,30,15,1,0,0.86,3.0,1,0,0,1,102.65717531277292,0.7440747198687228,0.27635288648437134
5,2,5,3,2,1,150,15,0,0,0.82,96.0,1,0,0,1,132.38951070674543,0.7232869055019173,0.29762959041936277
3,4,2,2,1,1,60,15,0,0,0.82,48.0,1,1,0,0,99.30117135513179,0.8858847109965982,0.41418885113365933
2,3,4,1,7,1,120,60,0,0,0.82,96.0,1,0,0,0,56.34112518778326,0.7325335961220469,0.05628339839664556
4,4,4,4,5,0,30,0,0,1,0.86,3.0,1,1,1,1,81.38874531069537,0.5334474305249334,0.8569178434037182
2,4,5,3,5,1,45,30,1,0,0.82,4.0,1,1,0,1,118.9796555768325,0.6139312852407842,0.6363445804177001
1,5,4,2,1,1,180,45,0,0,0.86,48.0,1,1,0,1,116.96339707689171,0.6435225819788051,0.6329290173127448
4,2,5,4,8,1,30,60,0,1,0.72,2.0,1,1,0,1,70.83900857676602,0.5923746008039192,0.6057597836615697
1,3,1,5,3,0,120,45,0,1,0.86,12.0,1,1,0,0,101.82117575982686,0.6227201383165967,0.4342903741577228
4,5,1,5,7,1,90,30,0,0,0.82,72.0,1,1,0,0,63.69592437368044,0.53175517366079,0.41524108742619836
1,2,2,4,1,0,90,20,0,0,0.86,96.0,1,0,0,0,60.697492904198,0.6962796464850635,0.061725420015510894
3,4,4,4,2,1,150,20,0,0,0.72,48.0,0,1,0,0,153.46041157624103,0.6735625347355799,0.46515756361933674
4,2,2,5,3,1,120,45,1,0,0.72,2.0,1,0,0,1,96.72223040329338,0.5722634403609363,0.28442304611026337
5,5,1,3,1,1,120,0,0,0,0.72,8.0,1,0,1,1,33.64355224617934,0.7633567299393638,0.4689940637350308
4,1,4,2,7,1,120,20,0,1,0.82,72.0,1,1,0,0,45.17582750370629,0.6688299984179982,0.39329911844654436
3,5,5,5,0,1,180,15,1,0,0.86,3.0,1,1,1,1,164.61855887797833,0.5807819200377053,0.9090909715160128
4,5,2,2,8,0,90,60,0,0,0.86,2.0,0,1,0,0,48.644172522457836,0.7571923848623712,0.38942598140793927
4,5,3,4,7,1,150,60,1,0,0.72,48.0,0,1,1,0,45.32718426961385,0.6417751007664726,0.6352938657927563
4,5,1,1,3,1,150,20,1,0,0.72,72.0,1,1,1,1,43.70187620193541,0.8515373496935099,0.8095269696560778
3,1,2,2,2,1,75,30,0,0,0.72,8.0,1,1,0,0,55.12268250350392,0.8722163866889584,0.38569330793410883
4,5,3,1,2,0,60,20,0,0,0.72,48.0,0,1,0,0,30.79265365439168,0.6233103891097436,0.38689670853191244
5,2,5,2,0,1,180,20,0,0,0.86,72.0,1,1,0,1,38.56890894962592,0.7478996518888087,0.5733596303342008
4,1,5,1,5,1,180,45,1,1,0.86,96.0,1,0,1,1,23.7248423895032,0.8101464914066386,0.45910630719453743
3,2,4,1,7,1,30,20,0,0,0.86,72.0,1,1,0,0,178.19585618305777,0.7108747559085291,0.47903600454177486
1,3,2,2,2,1,90,45,1,1,0.86,3.0,1,0,1,1,69.52199804773029,0.7796454303572231,0.49177281857348126
4,1,3,4,3,1,150,15,0,1,0.72,1.5,0,1,1,0,79.83371322923853,0.5447851442569347,0.6650875153881737
1,4,2,4,6,1,60,10,0,0,0.82,1.5,1,0,0,1,89.62743481332903,0.6029036706702274,0.2775483662619701
2,2,1,5,2,0,30,20,1,0,0.82,72.0,1,1,1,0,90.74972765680907,0.7853944423217811,0.6555222074753481
4,2,5,3,3,0,45,20,1,0,0.86,3.0,1,1,0,0,80.81427760963774,0.5314780393800581,0.4266727223164878
5,3,1,4,7,1,180,15,1,0,0.86,48.0,1,1,0,0,68.55412184244624,0.7338066709136772,0.40433628093100676
2,3,1,5,7,0,150,30,0,0,0.82,1.5,1,0,0,0,151.22393606166762,0.7520686888093481,0.1181711491577907
4,5,1,1,4,1,90,45,1,0,0.82,96.0,1,0,0,0,8.430598903614742,0.7500577812263854,0.023116354583229515
2,5,4,4,5,1,180,20,1,0,0.86,72.0,1,1,1,1,133.47150771990707,0.47566228188671184,0.8956846454145349
1,1,1,3,6,1,30,30,0,0,0.72,96.0,0,1,0,0,68.25428489944298,0.7091542374134092,0.40586205998069
3,5,5,3,2,1,90,45,0,0,0.82,72.0,1,1,0,0,42.81864798701653,0.8418040003170391,0.37961948530248496
3,5,3,5,4,1,150,60,1,1,0.86,2.0,0,0,1,1,74.90897565610703,0.5400417145682488,0.5121363970842939
2,1,3,4,0,0,90,60,0,0,0.72,3.0,1,1,0,0,41.08137386712769,0.8192872309759293,0.3800374764097701
1,3,4,1,4,1,75,0,0,0,0.86,4.0,1,0,0,0,14.761903719326893,0.7397854487939196,0.02805628773064356
1,3,1,5,4,1,180,20,0,0,0.72,72.0,1,1,0,0,19.284327011071,0.697977224789992,0.3739978122720813
5,4,5,5,4,1,150,60,0,0,0.82,48.0,1,0,0,0,50.752226586840536,0.7465454853791584,0.05157663374801927
5,3,2,3,6,1,120,10,1,1,0.86,24.0,1,1,0,0,58.2994102937042,0.7820419440173602,0.39412333744792094
2,1,1,5,3,1,150,20,0,0,0.72,3.0,0,0,1,1,68.39674230967837,0.5510091996587203,0.5070271842303419
4,4,1,2,8,0,75,0,0,0,0.82,24.0,1,0,1,1,104.6532621042872,0.574526434075987,0.529551991017539
4,1,2,1,5,1,180,15,0,0,0.82,24.0,1,0,0,0,66.28010686380755,0.8478326923282224,0.05483844944622947
2,3,5,4,1,1,150,20,0,0,0.72,12.0,1,0,0,0,156.9626691737162,0.6822348096697088,0.12688534277226451
3,5,5,1,5,0,30,10,1,1,0.82,72.0,1,1,0,1,38.53667830269833,0.415638959439384,0.5965963917077087
2,1,2,2,8,0,30,45,0,1,0.86,72.0,1,1,1,0,67.20977313392623,0.7531878127213627,0.6420833685321222
3,4,1,5,7,0,180,60,0,0,0.82,24.0,1,1,1,0,59.15062513824466,0.5960305330251201,0.6477116127804048
3,2,1,3,4,0,30,45,0,0,0.72,48.0,0,0,1,0,122.65830118281741,0.7728840202356335,0.3376703193720506
5,4,3,3,0,0,75,45,0,0,0.86,8.0,0,1,1,0,153.7383488156857,0.6274948273334647,0.708567594630448
5,5,4,2,3,1,90,45,0,0,0.82,4.0,1,1,1,0,185.43847333169936,0.6032644806660029,0.7313971352411794
2,1,2,4,8,0,120,10,0,1,0.82,1.5,1,1,0,1,35.76061295229069,0.7217158153880756,0.5733203015576952
3,4,5,5,3,1,60,60,0,0,0.82,4.0,1,1,1,1,58.951997594758794,0.560629479992358,0.8400572681303742
5,2,5,5,5,0,90,45,0,0,0.72,2.0,1,1,0,0,52.019770085339836,0.6655111265602762,0.3980940678643406
3,3,3,5,0,0,90,45,0,1,0.72,48.0,1,0,1,0,24.475459430545037,0.606575398545758,0.28385669505549366
1,5,1,4,7,0,120,60,0,0,0.82,3.0,1,1,1,1,153.1655006108885,0.5563775830284414,0.9031639029286014
4,1,3,1,8,1,120,45,0,0,0.72,96.0,1,0,1,1,70.93128294186955,0.6940821529303983,0.4987017712561185
4,3,5,5,5,1,90,0,0,0,0.86,1.5,1,1,1,0,93.57175430636667,0.6208641863626356,0.6689206764921933
4,2,5,1,8,0,180,30,1,1,0.82,1.5,0,1,0,0,68.59650875245835,0.6797188354794368,0.4081506873514117
4,3,4,1,3,1,30,20,1,0,0.86,2.0,1,1,0,1,59.38173960934979,0.6445572998729573,0.5944688154151262
1,1,3,3,1,1,120,30,1,1,0.82,2.0,1,0,0,1,72.61653930829033,0.6640636751439177,0.26192656894545263
3,4,5,3,8,1,30,0,0,0,0.72,72.0,1,0,1,1,144.44349828876113,0.7087912217680448,0.5466802800020776
4,2,3,3,3,0,120,60,0,0,0.72,24.0,1,0,0,0,34.74145430489708,0.6270910827016873,0.04926459374747995
4,4,5,4,4,1,90,15,0,0,0.72,1.5,0,1,0,0,44.35810081045891,0.6968466250528725,0.39079280345327155
2,4,3,2,3,0,150,10,1,0,0.72,1.5,1,1,0,1,97.83336423558961,0.6146254830556861,0.6221984590098285
3,4,1,3,1,0,150,45,1,0,0.86,12.0,1,0,0,0,128.20644171023613,0.6950100454749423,0.10682025795691147
2,3,2,4,3,0,60,10,1,0,0.82,8.0,1,1,1,0,134.8505803479651,0.5460437868421242,0.7016773218196948
5,4,5,1,3,1,150,0,0,1,0.72,96.0,0,0,0,1,57.33671865725819,0.8398537418638483,0.2394347171743694
2,3,2,1,3,0,60,20,0,0,0.86,3.0,1,1,0,1,23.206311103469247,0.7960784987158488,0.5597453791588701
1,1,2,5,5,1,75,15,0,0,0.86,72.0,1,1,0,0,93.42959433680937,0.7779773350684517,0.417827982769748
2,4,3,3,4,0,60,0,0,0,0.82,12.0,1,1,0,1,21.313137906246354,0.7446147221286507,0.5620857280551588
4,2,1,1,6,1,75,15,0,1,0.82,2.0,1,1,0,0,79.38922025053242,0.6034498161582754,0.42068465970260904
4,1,2,2,2,1,60,20,1,1,0.86,8.0,1,0,1,1,42.10454442441123,0.7053045668220104,0.4786983766054001
5,1,1,5,3,1,60,10,1,0,0.82,4.0,1,0,1,0,64.19301790714508,0.6255041329779472,0.3090100559629737
1,4,3,1,4,1,150,45,0,0,0.72,2.0,1,1,0,1,17.42463884884935,0.6800792507861244,0.5640108783442043
4,4,1,3,3,1,45,20,0,0,0.86,96.0,1,1,0,1,44.46728624290378,0.667465110273557,0.5829222997761203
4,5,2,2,4,0,120,30,0,1,0.72,2.0,1,1,0,0,41.028418688879185,0.6968591082715668,0.38857214154690983
4,2,5,2,6,1,180,20,0,1,0.72,48.0,1,1,0,0,80.96072166279477,0.4914519130217725,0.42957218053033913
3,1,4,2,6,1,120,60,0,0,0.72,48.0,1,1,0,0,55.71108277269727,0.614380106509497,0.40413411439280006
2,4,3,4,4,1,150,15,0,0,0.86,3.0,1,1,0,1,92.06822311202762,0.5886687076628603,0.6201720058716181
5,1,3,5,7,0,60,15,0,1,0.82,48.0,1,0,0,0,101.06214765201759,0.7693418903215761,0.08352083277883474
1,4,1,3,8,1,120,20,0,0,0.86,24.0,0,1,0,1,109.93385445131466,0.5865369831196711,0.6322316474824995
2,2,1,5,1,0,90,0,1,0,0.82,2.0,1,1,1,1,64.58650103815933,0.7393385149495072,0.8313039713123075
1,2,5,2,0,1,60,45,0,0,0.72,12.0,1,1,0,1,74.83927211765216,0.7984516969384685,0.594001229292742
2,2,3,2,3,0,60,60,0,0,0.72,24.0,1,1,0,0,14.971889525371044,0.7186520442201,0.3696756165881737
5,4,5,3,6,1,150,20,1,0,0.82,3.0,1,1,0,1,71.904095647133,0.6826397085550093,0.6001512841659047
3,3,2,3,4,1,30,0,0,0,0.72,8.0,1,0,0,0,45.043891637172756,0.6583326040649337,0.053945978806903154
1,5,3,1,8,1,90,30,0,1,0.82,96.0,1,1,1,0,70.35219384431088,0.7444472776340995,0.644790153128487
3,2,5,2,6,1,60,15,0,0,0.72,24.0,1,1,0,1,139.53303672584303,0.6953040274478925,0.6443507425625429
5,2,4,5,4,0,45,15,1,1,0.82,24.0,1,1,1,0,46.68508206777107,0.6517357731588294,0.6355018839240627
1,4,4,2,8,0,75,10,1,0,0.86,72.0,1,1,0,0,21.404503467977964,0.6394508945436714,0.37950810636059495
2,3,5,1,4,0,45,10,0,0,0.72,8.0,1,1,1,1,70.2679114660597,0.7935261440195193,0.8312984442293402
2,3,3,5,5,0,90,0,0,1,0.72,8.0,0,1,1,0,111.38719285182185,0.6429653933809965,0.6792505510312116
2,2,1,2,6,1,150,15,1,0,0.86,1.5,1,0,0,1,115.89191518122743,0.8322649942156912,0.27900272719238656
5,1,4,3,8,0,45,10,0,0,0.86,1.5,1,0,0,0,58.74174414463665,0.6882571329281526,0.060983163458120423
4,3,2,3,3,0,120,10,0,0,0.72,12.0,1,1,0,1,29.82826177853412,0.6131641502011159,0.576964017338278
1,5,4,1,7,0,150,20,1,1,0.82,24.0,0,1,0,0,137.12302395698975,0.5353581185580243,0.46394028100559814
5,2,4,2,6,1,90,10,1,0,0.82,8.0,1,0,0,0,89.5297856033992,0.5118746359951835,0.09385529921593663
1,1,5,4,3,0,30,15,1,0,0.72,4.0,0,1,0,1,60.822555922696274,0.6865197816800717,0.5924919858975258
1,5,1,4,2,0,75,30,0,0,0.72,4.0,1,1,0,1,34.297716849088445,0.6562097281236953,0.5769304635974003
4,1,1,3,6,1,180,0,1,0,0.82,96.0,1,0,0,1,14.451294881329353,0.8490230339535405,0.21020258421080507
5,1,3,4,8,0,120,10,1,0,0.72,48.0,1,1,0,0,79.4247657463557,0.7619795680862812,0.40961127406486414
4,4,2,4,2,1,30,30,0,0,0.82,1.5,1,1,0,1,126.96105923277207,0.6326671216482765,0.640354007639802
1,2,4,1,4,1,45,15,0,0,0.86,72.0,0,1,0,1,145.9012079305187,0.7728517758136155,0.6431678476467261
5,5,2,3,4,1,90,30,1,1,0.72,1.5,0,1,0,0,49.13787920132149,0.5799026265169169,0.40216540227803016
4,3,1,5,7,1,180,15,1,0,0.86,24.0,0,1,0,0,114.41441010654455,0.6907355155675836,0.43792478731463225
1,2,3,2,1,0,120,0,0,1,0.72,96.0,1,1,0,0,25.09708783091457,0.6809126334206116,0.37906750754783364
4,5,5,5,2,1,30,20,0,1,0.86,1.5,1,1,1,0,53.68928536906063,0.5981569333715608,0.6439218715766979
1,1,5,3,8,0,90,20,0,0,0.82,24.0,1,1,0,1,95.77812295331839,0.5522378376170574,0.625195433335685
4,2,4,2,6,1,120,45,0,0,0.72,1.5,1,0,1,0,77.46371195877639,0.7780548304875896,0.30717863650505295
4,3,3,4,3,0,120,10,0,0,0.82,1.5,1,1,0,0,85.19082734692667,0.704302683763003,0.41749269703454095
3,4,5,3,3,1,120,20,0,0,0.86,96.0,1,1,1,0,64.73516454450903,0.8571179650980246,0.6331585188061444
2,5,3,3,2,1,90,20,1,0,0.72,3.0,1,1,0,1,133.2210908257989,0.5678123553253677,0.649067195677757
5,1,5,4,1,0,45,60,0,0,0.72,1.5,0,0,0,1,123.37426315812012,0.7285567204033905,0.29125053834384274
1,4,1,1,7,0,75,30,0,0,0.72,24.0,1,1,0,0,56.62287882525436,0.5163407733350807,0.41160473175004725
3,3,4,4,4,1,180,60,1,0,0.86,96.0,1,1,1,1,17.972761446513413,0.8174499509240711,0.7947603443996574
2,4,4,2,6,1,180,15,0,1,0.82,2.0,0,0,0,1,157.12368675591463,0.6125511583829493,0.3218705434171366
4,1,5,3,7,1,30,60,0,0,0.72,96.0,1,0,0,1,103.47343856499927,0.6648727798362903,0.2824411977881259
4,3,2,2,8,0,180,45,0,0,0.86,3.0,1,0,0,0,156.84614197552816,0.5594062089008355,0.13540566002729365
5,4,3,2,4,0,45,0,0,1,0.86,8.0,1,0,0,1,42.44181203078531,0.5532426637973125,0.249567554888045
5,2,4,4,5,1,90,30,0,0,0.86,48.0,1,0,0,0,50.83847709053131,0.6895832809767526,0.05562148839198153
2,2,2,5,4,1,75,0,0,0,0.72,48.0,0,1,0,0,76.27680750131056,0.7265571711230261,0.4099922030222619
2,3,5,1,4,1,75,0,0,0,0.72,24.0,1,1,0,1,68.13558807671845,0.6949003668958834,0.5967806997017671
1,5,3,4,8,1,90,0,0,0,0.82,72.0,1,1,0,1,111.23381791328782,0.7943600465731349,0.6185506753487391
4,1,3,2,2,1,90,15,0,0,0.72,8.0,1,0,1,1,17.703537420506375,0.8311494011705113,0.4536219001984018
3,1,5,3,2,1,60,0,0,0,0.72,3.0,1,1,1,1,16.164882000253098,0.7083479253617988,0.8011922332248429
1,5,3,4,5,1,120,60,0,0,0.72,3.0,1,1,0,1,96.55897184771422,0.6010336219447756,0.6223002943623419
1,5,1,5,6,1,120,20,0,0,0.86,4.0,1,1,1,0,52.85192947063736,0.3544492399569962,0.660423172850102
3,3,2,1,0,0,180,20,0,0,0.72,24.0,1,0,0,1,70.60004213804444,0.7756934552657988,0.25276815289009036
5,1,5,3,6,0,120,10,0,0,0.86,4.0,1,1,1,0,39.46608827338743,0.7027343541313134,0.6271193207263998
4,4,2,3,1,1,75,0,0,1,0.86,8.0,1,0,1,1,41.02327812050384,0.36144630597012545,0.5020476106624271
1,1,4,2,3,1,150,45,0,1,0.72,48.0,1,0,0,0,114.52128700217878,0.7496088726552208,0.09387490358225373
1,5,1,2,4,1,120,30,1,0,0.72,4.0,1,1,0,0,49.01927439688998,0.5855868725702512,0.40168843518467573
5,4,4,5,2,1,60,10,1,0,0.72,1.5,0,1,0,0,177.78429788047208,0.559645284712976,0.48934769532373973
5,5,2,2,1,0,120,15,1,0,0.82,8.0,1,1,1,0,75.9814177967717,0.6439975508625738,0.655574449970801
2,2,5,1,0,0,90,10,0,0,0.82,4.0,0,0,0,0,33.92508561430953,0.84362324319391,0.033563096719299315
2,5,2,3,3,0,45,10,0,0,0.86,24.0,0,1,0,0,97.4871121165062,0.572161517403311,0.43494010185943904
3,4,3,5,2,0,120,15,0,0,0.82,2.0,0,0,0,1,177.53978562276492,0.7082315858123522,0.3287836460749786
4,3,2,3,2,1,45,60,0,0,0.72,8.0,1,0,0,0,53.36632440127827,0.7274606367056803,0.05465530503145456
4,2,2,4,6,0,30,45,0,1,0.82,2.0,1,1,0,0,56.760578593702306,0.609900675883394,0.40514733841729733
3,1,2,3,1,0,150,45,1,0,0.72,4.0,1,0,0,0,43.36298022346169,0.8323607294545833,0.04064340242048697
4,3,5,2,8,1,180,0,0,0,0.86,4.0,0,0,0,1,39.158689383107095,0.7674033073419648,0.23238756140813388
2,2,2,3,4,1,75,10,1,1,0.72,72.0,1,0,1,0,40.603409819357076,0.6047465367070902,0.29473668231007505
1,4,3,5,1,1,90,60,0,0,0.86,8.0,1,1,0,0,105.37728261447111,0.7349864295418717,0.4288024716750497
4,5,4,5,3,1,45,0,0,1,0.86,4.0,1,1,1,0,56.66537679231985,0.6730695475348946,0.640662049534104
5,2,2,4,8,1,60,60,0,0,0.72,24.0,1,0,1,0,15.749042494769572,0.7482058923363551,0.26812494919963487
3,3,3,2,1,0,120,45,0,0,0.72,4.0,1,0,0,0,142.14544939787717,0.7089808125067691,0.11513497605644427
3,3,2,3,2,1,90,10,0,1,0.86,24.0,1,0,0,0,13.448415438134628,0.8700849363972434,0.018059664744282715
2,2,2,4,0,0,45,30,0,0,0.82,2.0,1,0,0,1,76.83431324533402,0.6907778204044461,0.26286842806857813
4,5,5,2,0,1,45,10,0,0,0.82,4.0,0,0,1,0,38.23706278698078,0.7382179698407149,0.28381611730247047
1,5,4,4,5,1,75,45,0,0,0.72,2.0,1,1,0,0,53.63066847839286,0.5946687682136128,0.40412696521064234
2,5,5,2,3,1,90,45,0,1,0.86,48.0,1,1,0,1,202.21776532327746,0.578249000110387,0.6943344135411246
1,3,4,2,6,1,150,20,0,0,0.86,96.0,1,1,0,0,92.47000101959567,0.7176780233909266,0.4214092057090323
2,5,5,3,2,0,75,15,0,1,0.86,72.0,1,1,0,1,32.12996490339513,0.6126054014470785,0.578537598500968
5,4,5,2,0,1,75,45,0,0,0.72,12.0,1,1,1,1,17.997659862378526,0.647364916086281,0.8066828957822126
4,5,4,5,8,1,30,10,1,0,0.86,2.0,1,1,1,1,94.7128165334109,0.5733716066476288,0.8630058652236067
3,1,3,3,6,1,75,15,0,1,0.72,4.0,1,1,0,1,16.23929091963329,0.6775964579170703,0.5633944418922272
5,1,3,3,1,1,60,45,1,0,0.86,1.5,1,0,0,0,59.224968406485985,0.7587032053408309,0.0563740878971325
2,3,1,1,5,0,150,0,1,0,0.82,48.0,0,1,0,0,25.668558106944076,0.6400265958955111,0.3823105103586103
4,4,3,1,3,1,180,45,0,0,0.86,48.0,0,1,0,1,66.51806060139766,0.541452667742796,0.6064436869922694
3,2,1,4,2,1,180,30,0,1,0.82,12.0,1,0,0,1,92.01968906384245,0.7200916468410762,0.2709400440970196
5,5,3,4,2,0,45,10,0,0,0.86,96.0,1,1,0,0,41.37010696803644,0.5922521177164497,0.39612242307187284
2,3,2,2,2,0,150,60,1,0,0.82,48.0,1,1,1,1,6.892511842947067,0.7992119648284427,0.7886501703573071
1,3,4,3,1,1,120,60,0,0,0.82,24.0,1,1,0,0,110.92690451859244,0.6198489349855038,0.4405618442300764
5,3,1,2,0,0,75,0,0,0,0.86,72.0,1,1,1,0,88.73571557656888,0.7801969856075587,0.6545433547251835
2,2,4,3,1,1,45,10,1,1,0.72,2.0,1,1,0,0,10.838998352078832,0.710604460279717,0.3674836866818057
1,1,2,3,4,1,150,60,1,0,0.72,3.0,0,0,0,0,58.425617511512776,0.656490346250546,0.06299608743680363
5,1,2,4,1,0,30,15,1,0,0.86,3.0,1,0,0,0,37.054846249274824,0.7747611271055186,0.040469951935463586
3,5,5,4,7,0,60,0,0,0,0.86,24.0,1,1,0,0,83.8118890358923,0.4729204506909803,0.4327701611422263
1,4,5,1,1,0,150,60,0,1,0.72,3.0,1,1,0,0,79.69684957890081,0.6909585047463256,0.41476413772035775
1,1,1,5,0,1,150,15,0,0,0.82,12.0,1,0,1,1,165.5361070972661,0.8333269494615951,0.5520245182691991
3,1,1,3,6,0,90,30,1,0,0.86,3.0,1,1,1,0,75.5124087878414,0.8479107945960787,0.6409878502368356
2,1,3,1,3,0,30,0,0,1,0.86,12.0,1,1,0,0,11.749656393250055,0.8969148773667196,0.35504906284649634
4,4,4,1,4,1,60,30,1,0,0.82,48.0,0,0,0,1,77.8475701377322,0.7809698109395302,0.25723049332605435
3,5,3,5,5,0,120,10,1,0,0.72,24.0,1,1,0,0,112.2543274447504,0.4959770646043705,0.45011782377419435
4,2,5,4,1,1,75,60,0,0,0.82,72.0,1,1,0,0,105.01021448492648,0.8091647306561718,0.42336527851068567
4,3,2,5,1,1,120,20,0,0,0.82,24.0,1,1,1,0,118.4346845513054,0.750812929420954,0.6763995513080702
4,5,3,3,5,1,45,15,1,0,0.82,96.0,1,1,0,1,97.00762486206767,0.6118675112913795,0.6218410241176486
5,5,4,2,2,1,90,15,1,0,0.82,4.0,1,0,1,0,77.12239564648016,0.6689519034436128,0.31458829718993386
5,1,3,3,3,1,180,20,0,0,0.86,4.0,1,1,1,0,119.95977949352509,0.7653440087656935,0.6763991057154183
5,3,5,2,7,1,180,0,0,0,0.72,1.5,1,1,0,1,125.99192744684115,0.6238670837804803,0.6403239224332605
1,3,1,4,3,1,30,30,0,0,0.82,2.0,0,0,0,1,29.042385759112236,0.8610697192510317,0.21908671015850262
5,4,2,1,7,1,180,60,0,0,0.86,48.0,1,0,0,1,102.53294253791327,0.6872229739147295,0.28024968685124446
3,3,1,4,8,1,120,60,0,0,0.86,72.0,1,1,0,0,38.79115834002663,0.6180312333447154,0.39259858589255436
5,5,4,4,0,0,90,30,0,0,0.86,96.0,1,1,0,1,86.77420875965342,0.5007347223110924,0.6227980419446592
2,4,2,2,6,1,180,15,0,0,0.72,1.5,1,0,0,0,215.1639416231854,0.6172502597825197,0.1702351095640139
3,2,3,4,8,0,150,45,0,0,0.86,4.0,0,1,0,0,8.959798056424265,0.7707579792149168,0.3620201401592387
5,3,2,3,8,0,150,30,1,0,0.72,48.0,1,1,0,0,71.35308386298861,0.5873889033020971,0.41645149934417897
2,4,5,3,3,1,30,15,0,0,0.82,3.0,1,1,1,0,60.19845171401967,0.7104562467165146,0.6404003638725237
2,3,3,1,3,1,30,30,1,1,0.72,4.0,1,1,0,0,43.77611903320649,0.5791765385100703,0.39864172165976614
5,5,5,5,4,1,45,20,0,1,0.82,3.0,1,1,1,0,64.2580928664907,0.5711655232116698,0.6528571419528436
2,4,5,1,6,1,90,0,0,1,0.72,72.0,0,1,0,0,121.90869928897908,0.7776158496411498,0.43683935671777224
2,4,1,1,5,0,180,45,1,0,0.82,3.0,1,1,0,0,51.22574560050846,0.8149244873620638,0.3871057829516612
4,1,3,1,7,1,90,20,0,1,0.82,96.0,1,1,0,0,52.826093627201416,0.7405442176500069,0.39337930051596715
4,2,4,1,1,0,90,15,0,0,0.86,72.0,1,0,0,0,102.15032176115395,0.8044385505821183,0.08178951596668768
5,2,4,2,2,0,30,45,0,0,0.72,1.5,1,0,0,1,50.340295278832585,0.7564012382972487,0.24061211017174766
1,4,1,3,1,1,30,0,0,0,0.72,72.0,1,1,0,1,47.19521074888396,0.6331825931790727,0.5871406923100543
1,5,5,4,0,0,150,20,0,0,0.72,8.0,1,0,0,1,34.510092207954514,0.5804347365023002,0.24237629658347534
5,3,5,1,2,0,60,20,0,1,0.72,48.0,0,0,0,0,30.62518912525178,0.8358471815955876,0.03190749003847672
3,5,4,2,4,1,30,60,1,0,0.86,12.0,1,1,1,1,18.44824590576104,0.639951835022069,0.807502202152296
4,1,1,1,4,1,30,30,1,1,0.86,1.5,1,0,0,0,61.58130743976773,0.7694858639700938,0.057190194481938586
1,2,2,2,8,0,60,0,0,0,0.86,24.0,1,1,0,0,55.77654400938334,0.7373131406374686,0.39557244282829945
2,4,4,4,4,1,75,10,0,0,0.72,72.0,1,1,0,1,108.08642132593747,0.6451283257562272,0.6268986314143558
4,2,3,3,4,1,120,20,0,1,0.72,3.0,0,1,1,1,39.8633262855559,0.7206177175910646,0.8161323106256627
5,5,2,3,5,1,60,15,0,0,0.82,4.0,1,1,0,1,86.39605999885607,0.5860319949878809,0.6165751336834191
5,5,1,2,0,1,60,15,1,0,0.72,4.0,1,0,0,1,30.80874857589177,0.48699846795559465,0.24644927296036956
5,1,3,3,2,0,150,15,0,0,0.72,4.0,1,0,0,1,40.88461387300073,0.7411811511313894,0.2353737286694699
2,1,1,5,4,1,75,30,1,0,0.82,12.0,0,1,1,1,70.99631599989428,0.7775061381600259,0.832905447662061
2,3,4,1,1,0,180,45,0,0,0.86,12.0,1,1,0,1,35.47846418109424,0.8332492649185593,0.5653248609097637
5,2,3,2,2,1,30,0,0,1,0.86,4.0,1,1,1,1,70.74704075726993,0.8224007039426631,0.8295966445621936
3,5,2,2,0,1,180,20,1,0,0.72,8.0,1,0,1,1,179.2251429954007,0.7847092249681046,0.5645537829158331
1,5,1,5,0,0,180,15,0,1,0.82,24.0,1,0,0,1,11.864889654141107,0.7363628276315806,0.21636452850188342
4,1,2,2,0,0,45,15,1,0,0.82,4.0,1,0,1,1,40.29088119972421,0.6559649873600928,0.4809430383512763
3,4,4,1,6,0,75,20,1,0,0.72,2.0,1,1,0,0,74.65850054439079,0.7245404305085732,0.4090545035606604
1,3,1,5,3,1,45,15,0,0,0.86,72.0,1,1,0,0,52.99332346333114,0.7818030260519798,0.3906026704852489
3,4,4,4,1,1,90,45,0,0,0.72,4.0,1,1,1,1,132.04329860156878,0.6419386813210024,0.883093158041909
4,5,2,3,8,1,120,10,1,0,0.72,12.0,1,1,1,1,127.5967272570609,0.5642619483150769,0.8855661484559852
2,2,5,1,1,0,30,20,0,1,0.86,3.0,1,1,0,0,106.23479496660781,0.7808604308697061,0.4261629664835258
1,4,2,4,2,1,180,45,0,0,0.72,24.0,1,1,0,1,37.35767339300301,0.4295458001242223,0.5948369095866398
4,3,5,4,2,1,45,45,0,1,0.86,8.0,1,1,0,1,110.35424089053521,0.7053724130494459,0.6241934250135623
2,4,3,4,3,1,45,10,0,1,0.82,3.0,1,1,1,1,59.44378532444529,0.5552036355727599,0.8407649357262037
1,2,2,4,8,1,60,30,1,0,0.82,8.0,0,1,0,1,28.707422924037935,0.6812562375768839,0.5714503453189768
2,5,5,5,3,1,180,45,1,0,0.82,48.0,1,1,1,1,96.83204707341895,0.48614232632312776,0.870524735206327
1,2,3,1,7,1,90,15,0,1,0.82,3.0,1,1,0,1,85.36828867151037,0.7065768854630133,0.6074518104652626
4,2,2,5,7,1,30,60,0,0,0.86,24.0,1,1,0,1,73.69871509814244,0.5766403416110056,0.6087676528193247
3,3,5,3,6,1,75,20,0,0,0.86,4.0,1,1,0,1,81.54618409524595,0.7200796805611394,0.6039585450908843
2,5,5,1,1,1,75,45,0,0,0.86,3.0,0,0,0,0,43.80626248389638,0.6811819410685303,0.051521439114467146
3,2,2,1,5,0,120,0,0,0,0.72,2.0,0,1,0,1,37.682844821816154,0.8459953265751486,0.5659022236876171
3,5,2,3,1,1,180,0,0,1,0.82,8.0,1,1,1,1,30.559903919139117,0.7647116283765314,0.8068434552930689
5,5,2,1,7,0,60,10,0,0,0.72,72.0,1,1,1,1,79.79477898829097,0.7105931196092036,0.8434550009528831
3,2,3,4,2,1,120,30,1,1,0.82,3.0,1,1,1,0,72.0669597957275,0.7144348807545717,0.6480341982109984
1,4,2,4,8,1,75,0,0,1,0.86,3.0,1,1,1,0,57.159061688747684,0.524816536073462,0.6513688836006896
3,1,4,3,1,1,30,60,0,1,0.86,72.0,1,1,0,0,14.610571092957784,0.7230948705472529,0.36912373979033086
5,3,5,1,7,1,30,10,0,0,0.86,3.0,0,1,0,0,70.26719193488933,0.7064676247186124,0.40739206089295676
2,4,4,4,7,1,60,45,0,0,0.72,48.0,1,1,1,0,142.05660775531533,0.6827813376706633,0.6969097115332639
2,5,5,5,8,1,75,30,0,0,0.72,8.0,1,1,1,1,56.70829562837355,0.6243804568495451,0.8340988984394475
4,3,3,4,6,1,180,0,0,1,0.72,96.0,1,1,0,0,41.01593435387693,0.683549749117784,0.38949547379767313
3,2,2,1,3,1,45,60,0,0,0.86,24.0,1,1,0,0,26.758957485754443,0.6760328241903453,0.3805170072971788
3,5,3,5,0,0,180,30,1,1,0.72,12.0,1,1,1,0,71.74620823787275,0.6370995352425168,0.6532338380249391
5,2,3,3,7,1,75,0,0,1,0.82,3.0,1,1,1,0,53.07800047432477,0.5620659125195252,0.6460407197731832
5,4,3,1,2,0,30,60,0,0,0.86,1.5,0,1,0,0,71.89769470962264,0.805282370456493,0.40156203054112727
4,4,4,4,7,1,45,10,0,0,0.82,4.0,1,1,0,1,26.622624102456676,0.5906110429137613,0.5764056430643412
3,3,2,2,6,1,150,45,1,0,0.72,24.0,1,1,0,0,27.98754276794322,0.6992052370749156,0.3797139952500514
2,1,1,3,0,0,180,0,0,0,0.82,48.0,1,0,1,0,3.9156887461917673,0.8691737709739407,0.25176829519595195
4,2,4,2,7,1,60,20,0,0,0.72,24.0,0,1,0,0,130.2705379887039,0.7179688185531773,0.4465892080270802
1,1,1,5,7,1,90,10,1,1,0.86,3.0,0,1,1,0,56.139329408660046,0.6073403133478611,0.6449123976714232
4,2,3,1,0,1,120,45,0,1,0.72,2.0,0,0,0,0,91.58055933480945,0.6993050683496559,0.0821023514387304
5,5,2,5,4,1,45,30,0,1,0.86,1.5,0,1,1,0,27.738373477917868,0.6307250031998196,0.6243414987612913
2,1,4,5,4,1,120,20,0,1,0.72,72.0,0,1,1,0,34.616554810864955,0.7862629449312711,0.6180392970620544
1,3,4,1,1,0,180,45,1,0,0.72,24.0,1,1,0,0,26.65618727846966,0.7298997386270466,0.37667780981508653
1,1,2,1,0,1,180,0,1,0,0.72,96.0,0,0,0,0,36.59284996085465,0.9013499283931499,0.03130073831971594
3,5,3,3,7,1,45,0,1,0,0.72,96.0,1,1,1,1,44.739817050031355,0.5656989929363717,0.8302276151944749
5,3,4,3,6,0,30,60,0,0,0.82,96.0,1,1,1,0,113.7627236391566,0.6058742620291653,0.6834306174173962
3,4,2,5,0,0,75,45,0,1,0.72,3.0,1,1,1,1,11.202593825319532,0.7283896257185017,0.7964811220832512
1,2,5,5,0,0,30,10,1,1,0.82,2.0,1,1,1,0,133.82756982728083,0.576709050172708,0.6988487463727644
4,1,2,1,6,1,30,10,0,1,0.86,1.5,0,0,0,0,42.69051889336912,0.8433964750090407,0.0394225926782799
3,5,2,3,1,0,75,60,0,0,0.86,72.0,1,1,0,1,31.279326603945293,0.6092677387216601,0.5782041426921141
3,2,3,2,8,1,60,45,0,0,0.86,4.0,1,1,0,0,132.76928702030952,0.6481294469900553,0.4531437967242359
3,1,4,5,8,1,120,60,0,0,0.72,3.0,1,1,1,1,88.05509768497464,0.5201801679277056,0.8622907867017103
2,3,1,1,3,1,120,15,0,0,0.82,72.0,0,1,0,0,100.52436577656573,0.7177252383603987,0.42677547716581593
4,2,4,5,7,1,45,0,0,0,0.86,12.0,1,1,1,1,51.29477937383589,0.5238724274015287,0.8375254496644503
5,4,2,1,6,1,75,60,0,0,0.82,4.0,1,1,0,0,30.378779456554014,0.6673077710520111,0.3835409756640619
2,3,4,2,6,1,150,60,1,1,0.86,1.5,1,1,0,0,144.2705239245235,0.7044072083804426,0.4568718446963847
4,2,4,2,7,1,180,45,0,1,0.82,12.0,1,1,0,1,49.75491945138161,0.6313632020904737,0.5889745221545879
2,3,5,2,1,0,120,15,0,0,0.72,12.0,0,1,0,1,45.25698378068909,0.6925042911391269,0.5816960221407206
5,2,2,4,1,1,30,0,1,0,0.86,96.0,0,0,0,0,181.84168567861028,0.5762783048919173,0.15088830910997264
2,3,2,4,4,0,120,15,0,0,0.72,3.0,1,0,1,0,53.28702240977286,0.7153183543102962,0.2954523968047945
3,3,3,4,6,1,45,60,0,0,0.86,8.0,1,1,0,1,192.97229753143492,0.5007159590935437,0.6935980812177419
3,2,2,3,0,1,90,10,1,1,0.82,96.0,0,1,1,0,111.74009679434991,0.727906232207757,0.673539961608357
1,3,1,5,5,1,180,30,0,1,0.86,96.0,1,1,0,0,47.16060372511778,0.7341665059486904,0.39004874706700354
2,5,3,2,6,0,180,45,0,0,0.82,3.0,1,1,0,0,19.41670813515189,0.6499341275414227,0.37744908316220166
4,2,1,1,7,1,180,45,0,0,0.72,12.0,0,1,0,1,124.4082837395406,0.6774913786694062,0.635514459319502
3,4,5,5,3,1,30,60,0,0,0.72,12.0,0,1,0,1,34.58983152433073,0.7751519508600284,0.5687992511226851
1,1,5,1,3,0,90,45,0,1,0.72,72.0,1,1,0,0,71.27287410155222,0.8013736567683126,0.40141909342725296
2,1,2,4,1,0,180,15,0,0,0.86,8.0,1,0,0,0,201.37265479907856,0.6767712673993076,0.1568744478147675
4,5,1,3,0,1,150,30,0,0,0.72,4.0,0,1,0,0,240.0,0.77274234612448,0.5159080357712864
5,1,1,5,1,1,30,10,0,0,0.86,3.0,1,0,0,0,73.11258387891635,0.7287700488530705,0.0677278191662293
4,1,4,3,5,1,30,10,0,0,0.82,48.0,1,1,0,0,67.90969172234963,0.835403501179909,0.3967948827323062
3,3,4,2,5,1,90,30,0,1,0.86,8.0,0,1,0,1,30.893095724865884,0.6547262896022104,0.5747645568777559
3,5,1,4,2,0,180,60,0,1,0.86,96.0,1,1,1,0,45.256625818765244,0.6681622877051405,0.6333997237398171
2,5,1,5,6,1,150,30,0,0,0.82,24.0,1,0,0,1,122.61287312758226,0.6270198215554414,0.29785052790950733
5,5,5,4,0,1,45,20,0,0,0.72,12.0,1,1,1,1,139.39105407042075,0.6291424106203601,0.8888874006368552
4,5,5,3,1,0,90,10,1,0,0.72,2.0,1,1,1,1,174.84345229988796,0.6813030977404677,0.908871084691426
5,5,1,3,4,1,45,10,0,0,0.86,96.0,1,1,0,0,29.715366837971423,0.664361244832453,0.3833049574203759
1,3,4,4,5,1,30,60,1,1,0.82,96.0,1,0,1,1,42.48400481555491,0.46524667124885954,0.49575540288961645
2,1,2,4,1,0,90,20,0,0,0.82,3.0,1,1,1,0,57.790420955435565,0.6958684472561194,0.6398161559956954
1,2,4,2,8,0,60,20,0,1,0.72,72.0,0,0,0,1,127.19192658995513,0.6962454068990184,0.2960574392437055
1,3,5,2,7,1,60,30,0,1,0.82,2.0,1,1,0,1,40.46533237402402,0.6095745042513683,0.5843066729517535
5,2,1,5,6,0,120,0,0,0,0.86,96.0,1,1,1,0,75.82109470642342,0.5909103232702128,0.6591836738420341
1,2,5,1,3,1,90,0,1,0,0.72,96.0,1,0,1,1,33.804006134723764,0.7922674040635891,0.46707728580536456
3,1,5,3,2,0,90,15,1,1,0.82,2.0,1,0,1,0,48.09437521254107,0.8256536845387092,0.2842671588906511
1,4,1,1,5,0,75,60,0,1,0.86,96.0,1,0,0,0,58.69406421859583,0.6670320943857855,0.06243712953872557
1,5,2,1,1,0,180,0,0,0,0.82,48.0,1,0,0,1,36.12635302348521,0.6389971389429069,0.23935443562298667
1,3,2,5,8,1,60,60,0,1,0.86,12.0,1,1,0,0,90.55128196227825,0.6960508401725309,0.42164396249610836
5,3,3,4,6,1,60,10,0,0,0.72,48.0,1,1,0,1,49.22048599950247,0.4907092215885145,0.5984640118218056
1,1,1,1,6,1,180,0,0,1,0.82,2.0,1,0,0,0,78.53415723432698,0.8372583173575597,0.06374802260785548
4,2,2,2,4,0,45,10,0,0,0.72,1.5,1,1,1,1,43.13826321194146,0.5399351702840282,0.8309633802214124
5,1,3,3,8,0,120,0,0,0,0.86,2.0,1,1,0,0,95.21234147015156,0.618970971464883,0.43014692631089263
3,5,4,1,4,1,45,10,1,0,0.82,12.0,1,1,1,1,186.75320234595114,0.6914922712798769,0.9160976759077094
5,2,5,3,1,1,45,0,0,0,0.86,3.0,1,1,0,0,49.392441309616196,0.7681875373697701,0.3891551665905269
2,4,3,1,3,0,150,30,0,1,0.86,12.0,1,1,0,1,77.66019764232962,0.5984321910090702,0.6098832117242515
5,4,4,2,0,1,45,30,0,0,0.82,96.0,1,0,0,0,70.45878683578755,0.7396679184956959,0.06519577026249299
1,2,5,1,0,1,120,0,0,0,0.82,96.0,1,0,0,1,16.98871304215555,0.7957397462096865,0.21562402646009232
2,4,5,1,7,1,90,15,1,0,0.72,1.5,1,1,0,1,40.90596738687482,0.5920960433921927,0.5858239218871297
4,1,1,2,4,1,75,45,0,1,0.82,1.5,1,1,0,0,10.811855287321025,0.800368213656641,0.36118212856891585
4,2,1,1,2,1,75,45,0,0,0.86,4.0,1,1,0,0,28.80564659744853,0.7476345527074667,0.3768693457087764
2,3,1,1,2,0,75,60,0,0,0.72,96.0,1,1,1,0,108.99185509421156,0.7872994514009202,0.66755027513141
2,5,1,2,4,1,30,0,0,1,0.86,96.0,1,1,1,1,55.72516766822127,0.5769529733834093,0.8367634036419755
5,5,5,2,6,1,180,30,1,0,0.72,1.5,1,1,1,0,18.981657143728732,0.6516546971342446,0.6170386092964221
1,1,4,3,1,0,60,60,1,0,0.82,8.0,0,0,0,0,14.842273354779085,0.704394244044479,0.030587251820072527
3,3,2,4,1,0,120,10,0,0,0.86,24.0,1,0,0,1,75.46910631372718,0.7244998307393312,0.2595977493907316
2,2,2,4,8,1,75,30,0,0,0.82,96.0,1,0,0,0,36.80823463859858,0.8282764749837719,0.036559469843535024
4,1,2,3,8,0,30,45,1,1,0.82,96.0,0,1,1,0,14.357937103320175,0.6984294995027223,0.6106818931036896
1,4,5,2,5,1,150,60,0,0,0.72,4.0,1,1,0,1,118.1818686582775,0.5497780843863701,0.6403034465318057
1,4,5,5,2,0,90,20,0,0,0.72,2.0,1,1,0,0,73.45059572649045,0.5106050013696924,0.42322471372178183
3,5,2,5,5,1,150,10,0,1,0.72,24.0,1,1,1,1,37.08986909541933,0.7343186941988146,0.8133242708030293
5,4,1,1,5,0,60,0,0,0,0.72,8.0,0,0,1,0,90.68475326213164,0.7281520582821958,0.3194858580950007
4,4,5,1,2,0,180,20,0,0,0.82,8.0,0,1,0,1,100.64742108675733,0.7590040043339747,0.6139680004211266
4,2,1,3,0,0,90,15,0,1,0.82,96.0,1,0,0,0,16.951659522909353,0.8573227049336096,0.021288517003253564
5,3,3,1,3,1,60,45,0,0,0.82,48.0,1,0,1,0,90.48522765741953,0.7686028319187311,0.31652128687063513
5,4,2,4,4,0,60,60,0,0,0.82,72.0,1,1,0,0,43.245902962714965,0.6260167672420365,0.3950094282682008
1,5,1,4,7,1,45,20,1,0,0.72,48.0,1,1,0,0,28.168634977652815,0.6988263991644056,0.3798612420435935
3,3,4,3,1,1,45,20,0,0,0.82,4.0,1,1,1,0,105.53861565824029,0.6149548872687598,0.6773122349966804
5,2,5,2,2,0,45,10,0,0,0.72,72.0,1,0,0,0,66.85287623994897,0.8003376900999283,0.058544945852971
1,2,2,1,0,1,150,60,0,0,0.72,24.0,0,0,0,0,37.64968808707142,0.7057802741898219,0.045695172864760075
4,4,5,2,6,1,120,45,1,1,0.72,12.0,1,1,1,0,69.52602831884457,0.7197021414730481,0.6459715356427831
2,5,1,2,4,1,60,15,0,1,0.72,96.0,0,1,0,0,19.251474930165923,0.6518393169242165,0.37720556443541553
2,4,4,5,1,0,60,60,0,0,0.86,72.0,0,1,0,0,43.88689233613108,0.7707860099270196,0.38530290752919605
5,5,3,2,7,1,180,60,0,0,0.82,1.5,1,1,1,0,57.36723501413252,0.5444911584245696,0.6501304422530352
2,3,5,5,1,1,180,10,0,1,0.72,12.0,1,1,1,1,33.17256116779198,0.7803872115910907,0.8074879359671516
3,4,4,4,2,0,60,30,0,0,0.82,2.0,1,1,0,1,20.346651071075563,0.5739981206794458,0.5733845655998225
4,1,2,4,6,1,90,0,0,0,0.72,24.0,1,0,0,0,17.881396962329827,0.8396871845974478,0.023142828386398535
4,1,3,2,5,1,45,30,0,1,0.72,96.0,1,0,0,0,122.96132940673527,0.6818143376722509,0.10424721596743262
2,3,4,4,1,1,150,30,0,1,0.82,2.0,1,1,0,0,85.50537181148452,0.7893472603826592,0.4117492729808702
3,1,5,2,1,1,180,15,0,0,0.72,2.0,1,1,0,0,77.21540401480217,0.7778802174964974,0.40702532078511333
5,1,1,1,4,1,90,15,0,0,0.82,1.5,1,0,1,0,37.326203028019464,0.7436013902994155,0.28283203803105383
5,3,5,5,5,1,120,0,0,0,0.86,4.0,0,1,1,1,155.87384322599112,0.5938114423171124,0.9023490945217962
4,2,4,4,7,1,120,20,1,0,0.86,48.0,0,1,0,1,74.06998356120434,0.6245522019860209,0.6056613349017814
4,2,4,3,0,0,180,15,0,0,0.82,4.0,0,1,1,0,34.27062898220339,0.8737648045383004,0.6116835496704546
5,5,4,3,4,1,90,20,1,0,0.86,72.0,1,0,0,0,81.0099719057187,0.536530826262195,0.08644949009879216
5,4,3,1,1,0,60,0,0,0,0.86,12.0,1,0,1,0,103.53925270145788,0.8041763166784758,0.3227338263001453
1,3,5,3,0,0,75,60,1,0,0.72,1.5,1,1,0,1,25.591826581477882,0.8520536307302246,0.5574174635698695
1,2,5,4,0,1,30,45,0,1,0.82,8.0,1,1,1,0,41.53026813554512,0.7287589314517031,0.6266737202220776
3,4,2,1,3,0,60,60,0,0,0.86,72.0,1,1,0,1,38.32174308727528,0.7977534258366217,0.5697050889162867
1,5,3,4,3,0,45,10,1,1,0.82,8.0,1,0,1,1,34.842656863400535,0.5605551022831171,0.48398958074911547
2,2,4,1,0,1,90,0,0,0,0.82,48.0,0,1,0,0,14.10790120220158,0.6796965455994244,0.37182650927617467
3,1,2,5,0,1,120,15,0,0,0.82,72.0,0,0,1,0,45.89511509945361,0.9317625185101044,0.27537336710392846
3,4,1,1,0,0,180,15,1,1,0.86,48.0,1,1,1,0,103.66203305363564,0.8158711008810149,0.6619970449740861
1,1,2,4,0,0,60,10,0,0,0.86,1.5,1,0,0,1,56.56777113338268,0.8189348966417582,0.24038640465733205
2,3,4,1,6,1,60,45,0,1,0.82,72.0,1,0,0,0,68.87162074451777,0.7382799243909516,0.06423481912231191
2,5,3,1,5,1,45,60,0,0,0.86,48.0,0,1,0,0,52.071380067568285,0.6860351471921188,0.3966917930749306
1,1,5,4,0,1,120,20,0,0,0.86,4.0,0,1,1,1,28.0933404023588,0.5935955286544542,0.8171772065957608
3,4,5,4,3,1,75,10,0,1,0.72,72.0,1,1,0,1,42.5126982879619,0.537475580146054,0.5907185082484175
3,5,3,5,6,0,75,10,0,1,0.82,48.0,1,1,0,0,107.07971351708443,0.43607029772117756,0.4508615548375739
2,4,5,5,5,0,75,0,1,0,0.82,1.5,1,1,0,1,108.95200746580699,0.667782581239902,0.6258898909570781
4,5,2,4,6,0,60,30,0,0,0.72,4.0,1,1,1,1,74.66530900524732,0.702437169116899,0.8406062708319819
5,4,3,1,0,1,180,0,0,1,0.82,2.0,1,0,1,0,70.27894300206637,0.7727461257834675,0.3027603998632015
4,5,4,3,6,0,120,10,0,0,0.82,96.0,1,1,0,1,72.92561430526811,0.4469278731827677,0.6173321250807183
5,2,1,1,0,1,90,20,0,0,0.82,4.0,1,1,0,0,15.052551204788452,0.7039182065020246,0.37076075968138394
1,5,2,3,6,1,30,30,0,0,0.86,1.5,0,1,1,1,86.38849455960361,0.6698204148136062,0.8507049006694499
2,2,4,3,8,1,30,10,0,0,0.86,3.0,1,0,0,0,86.8417710858742,0.7811327477634726,0.07321522171380639
1,1,5,1,7,1,180,20,1,1,0.82,1.5,0,1,0,1,58.20840073186308,0.6170507995110563,0.5956120445221348
4,4,3,5,2,1,120,20,1,1,0.82,12.0,1,0,1,0,191.46396709697737,0.6823730089095545,0.38987653410764944
1,4,1,3,2,0,45,45,0,1,0.82,24.0,1,1,0,1,167.1227688039637,0.7204669769209335,0.6609824908181772
1,3,2,2,1,0,150,15,0,1,0.72,1.5,1,0,1,1,20.15304540515656,0.7676818428156035,0.4596976346063455
1,4,5,2,0,0,150,10,1,0,0.86,8.0,1,0,1,0,39.82865414533241,0.6468347946689083,0.2912740004700647
5,1,4,1,2,0,75,60,0,0,0.82,4.0,1,0,0,1,84.54301531141844,0.8205301416390489,0.2589249002928789
3,3,4,1,4,1,75,10,0,1,0.72,3.0,1,0,0,0,41.88801635330209,0.7532831343715979,0.045195524829522875
1,4,4,5,2,1,90,10,1,1,0.72,8.0,0,1,0,1,92.55048289079215,0.6404349627548618,0.6168698745343545
5,5,2,1,3,0,180,60,0,0,0.86,48.0,1,0,0,0,37.21834717208394,0.6037756518593881,0.052547935817898794
4,1,3,5,7,0,60,10,0,0,0.72,72.0,1,0,0,0,24.97702427546972,0.5907430237082979,0.045299337857398966
5,5,5,4,1,1,75,30,0,0,0.72,96.0,1,1,0,0,99.7446274146951,0.5404329377738976,0.4386661126322906
5,1,3,5,6,0,30,10,0,0,0.86,3.0,1,1,1,0,68.09914295352793,0.5681473309566015,0.6556291154687233
2,4,4,2,8,1,180,30,1,0,0.86,24.0,1,1,0,1,107.74146465070649,0.5754555355888106,0.6315457556092543
3,1,4,4,7,1,45,30,0,0,0.86,48.0,0,1,0,1,74.75590039988957,0.48127483682379246,0.6161480283555943
1,2,5,3,2,1,90,0,0,1,0.82,72.0,1,1,1,0,49.25632732142846,0.6208717906414961,0.6393765262027142
4,3,2,5,5,1,45,20,0,0,0.72,72.0,1,1,1,1,55.00925058592395,0.7537140354684357,0.8239128512411588
1,5,5,5,5,0,60,0,0,1,0.82,72.0,1,1,1,0,98.84444893946649,0.6582114506768564,0.6698214977455978
2,2,3,5,0,0,75,60,0,1,0.86,8.0,0,0,0,0,42.005444211278856,0.7062954203861491,0.04856295004715547
5,1,2,3,6,0,60,0,0,0,0.82,8.0,1,1,0,0,44.97972217208343,0.6663128152121583,0.3933445843832045
5,4,5,5,7,1,120,45,1,0,0.82,3.0,1,1,1,1,64.86704673936872,0.734944237545645,0.8317986011980507
5,5,5,5,0,0,90,20,1,0,0.82,24.0,1,1,1,1,53.60631149865721,0.5309017189855982,0.8385744206701129
4,2,1,3,8,1,90,45,0,0,0.72,24.0,1,1,0,0,173.4764729980658,0.7327630247413448,0.47435757026681646
4,4,3,2,5,1,60,30,0,0,0.72,96.0,1,1,0,1,25.84250909796502,0.6746911435126083,0.5699999593527608
4,1,2,1,4,1,90,10,0,1,0.72,72.0,1,1,0,0,121.91834023901009,0.7637236140321767,0.43781824051042106
2,1,2,5,0,0,75,15,1,0,0.82,4.0,1,1,0,0,32.8553590400161,0.8855441905407252,0.36991547935549335
4,4,5,1,1,1,45,0,1,0,0.86,72.0,1,0,1,0,56.242607672757615,0.7075269405512128,0.2979681859432535
2,1,2,2,5,1,180,10,0,1,0.86,2.0,1,0,0,0,69.63673852336217,0.7536410814954326,0.06366961664422782
2,3,1,4,5,0,45,45,1,0,0.82,1.5,1,1,1,1,159.8455395631752,0.5874825429715982,0.9054399150341049
5,2,1,1,7,0,150,30,0,0,0.86,3.0,1,0,0,1,132.95882262363065,0.5702561530497477,0.3087212843689381
2,5,2,4,7,0,30,30,1,0,0.82,4.0,1,1,1,0,90.06504599910048,0.5327908734032567,0.6727480028611724
3,5,4,4,3,1,30,15,0,0,0.72,3.0,1,1,0,0,135.696513816502,0.6015364539503365,0.4583567907678111
1,5,2,3,3,0,90,15,0,0,0.82,1.5,1,1,0,0,49.855064686491744,0.8047622358169128,0.38690335328381065
1,5,1,3,4,1,30,60,1,0,0.72,96.0,1,1,1,1,54.3186105174198,0.46650235996773504,0.8435572418138718
3,1,2,3,6,1,30,20,0,0,0.86,96.0,1,0,0,1,96.01404782376585,0.7776694974003603,0.26957250039781866
3,5,4,2,3,1,75,30,1,1,0.72,2.0,1,1,1,1,66.61846189613453,0.6320883295002875,0.8401661248657363
2,3,3,1,2,0,180,10,1,0,0.86,72.0,0,1,0,0,13.563152086941427,0.7318972355279321,0.36780929490433906
3,1,5,1,4,1,60,15,0,0,0.72,48.0,1,0,1,1,38.230075099428994,0.7474360096228704,0.47316619605935173
1,5,3,1,7,1,120,30,0,0,0.82,24.0,1,1,0,1,12.308062675930657,0.6647280761445864,0.5616744097871661
5,5,2,4,5,0,45,20,0,1,0.72,2.0,1,1,0,1,32.23512452603724,0.6028025382930857,0.5792939053368421
2,1,3,5,6,0,30,45,0,0,0.82,72.0,0,1,0,1,130.14434993454572,0.47080548420736146,0.6538065160618485
5,4,1,5,2,1,90,45,0,1,0.72,1.5,0,1,1,1,16.307512342291133,0.6188383136981865,0.8075529929359877
2,1,2,2,2,1,30,0,1,0,0.82,48.0,1,0,0,0,36.26628541808588,0.8205521125107149,0.036738875736307214
5,2,5,2,6,1,45,20,0,1,0.82,48.0,1,1,0,0,136.41072043326005,0.7678659256361601,0.4471898654943089
4,2,5,1,2,1,45,15,0,1,0.86,48.0,1,1,0,0,40.15864768515873,0.8069169828782118,0.380288242988631
5,5,3,4,7,1,45,20,0,0,0.82,1.5,1,1,0,1,158.58785624894767,0.5886780426528958,0.6645177745135957
3,1,2,3,7,0,90,10,1,0,0.72,24.0,1,1,1,1,27.322139839531612,0.631462213946511,0.8140124049167654
2,4,1,3,4,0,180,0,1,0,0.72,4.0,1,0,1,0,49.74891730374263,0.6211423413009458,0.2996859809780955
3,5,1,4,0,1,60,0,0,1,0.72,2.0,0,1,0,0,57.26948916335286,0.727430348573864,0.3972595350420648
1,1,2,1,1,1,30,10,1,0,0.82,1.5,1,0,0,1,39.67054810854113,0.8696784238880727,0.22556954240019567
5,2,4,4,4,0,75,0,0,0,0.82,96.0,1,1,0,1,34.565220002915424,0.5883063640038333,0.5818620345216753
2,2,5,1,5,1,60,0,1,0,0.86,48.0,1,1,0,0,48.98469495190034,0.6343874033273792,0.39824934506835036
2,2,4,2,5,0,90,30,0,1,0.86,12.0,1,1,0,1,19.224343250699075,0.5841093095428364,0.5719285771658009
2,3,2,1,5,1,60,10,1,0,0.72,96.0,1,0,0,1,37.76249848111887,0.5985321393640384,0.24327774923192988
5,3,5,3,7,1,30,30,1,1,0.72,24.0,1,0,1,1,72.14531586809728,0.4520518147579211,0.5164532502123437
5,3,4,5,5,1,45,15,1,0,0.72,4.0,1,1,1,0,58.79615950280367,0.7040312930229314,0.6399152491569307
4,5,2,3,1,0,90,20,1,0,0.72,8.0,1,1,1,1,52.4872868859775,0.7973204357255307,0.8191790940898646
4,2,5,4,8,1,45,0,0,0,0.72,96.0,1,1,1,1,79.51539287901484,0.7213833715068845,0.8425134259138614
4,2,2,4,5,1,120,30,0,0,0.72,8.0,1,1,0,0,75.94131504292847,0.7111255040475877,0.4108487580786212
3,5,5,1,2,0,60,60,0,0,0.82,12.0,1,1,0,1,49.219102513116056,0.7303834095429489,0.5816858963407376
2,2,2,1,7,1,180,45,0,1,0.72,48.0,1,0,0,0,48.03113669667822,0.8455483478690434,0.04283237344695244
4,1,2,4,0,1,45,0,0,0,0.82,72.0,1,1,0,0,43.182811970201826,0.8725512423438132,0.37770995434940097
5,5,1,5,7,1,60,60,0,0,0.86,24.0,1,1,1,0,77.06053169751355,0.6929505284571539,0.6528671508063417
4,3,3,5,8,1,75,0,0,0,0.72,48.0,1,1,0,1,53.63215333185859,0.6203823728731549,0.5923280027867849
4,4,4,2,1,0,30,0,1,0,0.72,8.0,1,1,0,1,130.58840548492074,0.7314706312626906,0.6358559928015588
2,1,4,1,0,0,150,45,0,0,0.82,12.0,0,0,0,0,84.2441125715801,0.728723332466986,0.07515210844169773
1,3,1,1,1,1,90,20,1,1,0.72,8.0,1,0,0,0,25.409995175557082,0.7930302364836015,0.031427880229852614
2,1,4,2,2,1,120,10,1,0,0.72,8.0,1,0,1,0,39.409134408165144,0.754365692215271,0.2834671578170411
3,3,1,4,7,1,30,45,0,1,0.72,24.0,1,1,1,0,115.74775044538976,0.588872610555506,0.6859440842247079
5,3,3,1,5,1,90,0,0,0,0.86,24.0,1,0,1,0,89.90997642819431,0.6824813045923666,0.32216629296399724
3,2,2,4,6,0,180,15,1,0,0.82,96.0,0,1,1,1,110.73412111836672,0.6950416360654506,0.8651698328876629
3,3,3,1,0,1,90,60,0,0,0.82,24.0,1,1,0,0,33.85911394316629,0.9305371294643997,0.36743514356626955
3,3,1,5,0,1,150,0,0,0,0.86,96.0,1,0,1,0,52.50724113232064,0.7711571071414564,0.29102382992164516
4,4,1,3,6,1,90,60,1,0,0.86,2.0,1,1,1,0,80.66518577539077,0.6436332706641743,0.658722461570435
4,5,1,4,2,0,120,45,0,0,0.72,72.0,1,0,0,0,88.66930380867807,0.7229017912110723,0.07850974382101031
4,3,5,5,4,0,60,0,0,1,0.72,24.0,0,1,0,1,103.3845614325377,0.6342692431808664,0.6245241939323645
1,1,2,3,0,0,60,45,0,0,0.72,72.0,1,1,0,1,23.850201215860576,0.7160531759553644,0.5657764118270315
4,5,3,5,8,0,60,0,1,0,0.82,24.0,1,1,0,1,160.66118918494175,0.6237674915496383,0.6634437350481531
2,1,1,1,2,1,30,60,0,1,0.72,3.0,1,0,0,0,35.50483599840196,0.8009071348640561,0.037606391225117386
5,1,3,3,3,1,150,10,0,1,0.82,3.0,1,1,0,1,22.70261163477747,0.7732493067264681,0.5610076229523322
2,1,5,2,0,0,120,0,0,0,0.82,2.0,1,1,0,0,109.43727400044386,0.6649626344828516,0.436410798253163
5,3,5,2,8,0,30,0,0,0,0.82,3.0,1,1,1,0,35.47545966034326,0.5802801328489923,0.6330306971407994
1,2,1,3,5,1,120,10,0,0,0.86,24.0,1,1,0,1,45.502854224691056,0.7625880613514942,0.5769540718551895
5,5,4,1,5,0,150,15,0,1,0.72,96.0,1,0,0,0,69.20860637811673,0.6693999858643241,0.0692810719082418
4,2,3,3,8,0,30,30,1,1,0.86,1.5,1,1,1,0,118.33938168041948,0.42765570224726157,0.6989570219629715
5,5,4,2,0,1,90,45,1,0,0.82,2.0,1,1,1,1,130.45940226944128,0.6542103708232201,0.8811782088886688
2,4,3,1,6,1,90,20,0,0,0.86,8.0,1,0,0,0,116.21740447922122,0.6275490409798197,0.10354983678422677
1,5,2,5,6,1,150,10,1,0,0.72,72.0,0,1,0,1,31.205652622954645,0.5943788658007573,0.5791972478092501
5,4,4,2,6,1,60,10,0,0,0.72,3.0,1,1,0,1,29.399381618257323,0.6235332057613443,0.5759522633422108
3,4,2,1,7,1,150,10,1,1,0.86,4.0,1,0,0,0,33.72637941944426,0.6716683866118506,0.04546746588346663
2,5,2,4,6,1,150,0,0,1,0.72,24.0,1,1,0,1,95.92347525481122,0.6095802993138615,0.6212783625512371
4,5,1,3,3,1,30,0,0,0,0.72,72.0,1,1,0,1,85.17862419637284,0.6578204235617591,0.6107383198149254
3,2,3,3,5,0,90,0,1,0,0.82,8.0,1,1,1,1,122.64039800147768,0.7300110018661604,0.8706594952036872
4,5,3,3,5,1,60,10,0,0,0.72,12.0,1,1,0,0,112.82675730579876,0.4502331859089916,0.4537015151902365
5,2,4,2,7,1,120,10,0,1,0.72,2.0,1,1,0,1,100.20177710674318,0.5246118867942685,0.63007835266223
1,1,4,1,5,1,45,0,0,0,0.86,3.0,1,0,0,0,81.08349124885063,0.8416113345668118,0.06514286741289027
1,4,1,3,4,1,45,10,1,0,0.82,24.0,1,1,0,0,24.05178142062715,0.7647487725345834,0.37250210686966395
3,4,3,1,0,1,90,15,1,0,0.86,1.5,1,0,0,0,53.348667725493556,0.6942610435746192,0.056967505433439036
5,2,2,2,0,0,45,0,0,0,0.82,48.0,1,1,0,1,78.04585500137325,0.7984583447631081,0.596138485867498
3,2,3,3,5,1,30,45,1,0,0.86,8.0,1,1,0,1,48.756261353908755,0.7584948469923359,0.5794095349464757
5,3,2,5,0,0,30,30,0,1,0.86,1.5,1,1,1,1,41.75997120085865,0.7775622071724945,0.8134106262984979
4,4,3,2,5,1,60,45,0,0,0.86,96.0,1,1,0,0,32.941972421255684,0.8153223850589343,0.37488874799337846
2,2,1,3,5,1,90,20,0,0,0.82,96.0,1,1,0,0,71.11204319506552,0.8159664261130057,0.4002903789688
2,1,5,3,0,1,90,60,0,1,0.72,4.0,0,1,0,0,40.67616247316865,0.830042841394431,0.37901444275116897
1,4,3,5,5,1,150,45,0,1,0.82,2.0,1,1,1,1,80.82674468116562,0.5685152586620391,0.8540884283477677
3,5,4,4,7,0,180,30,0,0,0.86,48.0,1,1,0,1,26.829751132351717,0.5180736412290072,0.5816213458688707
1,1,2,5,8,1,30,30,1,1,0.86,1.5,1,0,0,1,88.61315822818935,0.6411743032055064,0.27419323759440745
4,5,3,4,0,0,75,10,1,0,0.82,24.0,1,1,1,0,133.59024521508084,0.6686589617791333,0.6922540361521813
4,5,2,2,2,0,45,0,0,0,0.86,2.0,1,0,1,0,128.89362893064026,0.608353828664597,0.3533443179472384
2,5,1,4,2,0,150,45,0,0,0.82,12.0,1,1,0,0,65.88077433288639,0.44591619131927257,0.42270638282957523
1,2,3,3,6,0,30,45,0,0,0.72,8.0,1,0,0,1,72.1345687647928,0.9027350372074427,0.2448982599053409
4,1,4,1,0,1,90,20,1,0,0.86,8.0,1,1,0,0,10.24496350129336,0.9049593405577308,0.3534828218284878
2,3,1,1,5,1,180,20,0,0,0.82,1.5,1,0,1,1,9.24946152871743,0.898845249554671,0.44324714021698464
4,2,2,5,0,1,150,20,0,0,0.72,12.0,1,0,0,1,73.8788420977013,0.8615681847484075,0.248942788466079
2,3,3,5,7,1,90,30,0,0,0.82,12.0,0,1,0,0,101.28643771342416,0.7481191842989816,0.4251559489080207
2,1,3,3,0,0,45,20,0,1,0.86,72.0,0,0,1,0,49.360298378611304,0.8689636949316123,0.28207940694052797
2,2,4,5,0,1,180,0,0,1,0.86,8.0,1,0,0,1,43.226506019875494,0.7239852313387268,0.23813870448620614
2,1,2,1,3,1,180,20,1,0,0.82,3.0,1,0,0,1,32.89894502106261,0.7382277037810525,0.23025669074936808
3,1,5,1,4,1,75,30,1,0,0.86,1.5,1,0,1,0,31.991502246684774,0.6493693204200292,0.2858718157350545
1,5,4,2,2,0,120,60,0,0,0.72,3.0,1,1,0,0,101.48578057380345,0.6038935323476341,0.43538463978486797
5,5,1,5,7,1,120,15,0,0,0.86,2.0,1,1,1,1,100.0445473366228,0.5636665836109992,0.867239704038312
5,5,5,1,1,1,60,20,0,0,0.82,2.0,1,1,0,1,93.51622452824381,0.6760022262510847,0.61502399384792
5,3,2,2,2,1,180,45,0,0,0.82,1.5,1,0,0,1,57.25057895557846,0.5308418651153911,0.26100812207897495
5,4,4,3,0,1,45,45,1,0,0.72,8.0,1,1,0,1,38.59837741640079,0.8001988574709435,0.5697183315879678
3,3,3,2,3,0,30,60,1,1,0.86,12.0,1,0,0,1,81.15666816732146,0.5767604682792562,0.273731212665333
2,2,4,1,2,0,45,45,0,0,0.82,8.0,1,1,0,0,81.50858179549756,0.7293747492556174,0.41328282208243855
3,4,5,5,3,1,120,15,1,0,0.86,12.0,1,1,0,0,23.224842738063884,0.5285620360777629,0.3884838859665992
5,5,4,3,0,1,150,60,0,0,0.86,96.0,1,1,0,1,63.816455635040604,0.6400512755133092,0.597740714470762
2,4,5,1,4,1,150,15,0,0,0.86,3.0,1,1,0,0,76.99423108561608,0.6794659537950845,0.4137668706247548
1,3,1,1,6,0,150,10,1,0,0.72,2.0,1,0,0,1,19.97138123952677,0.7037548787577657,0.2240514126466409
3,2,5,5,8,0,45,20,0,1,0.82,72.0,1,1,0,1,108.50212898212018,0.6111266820242931,0.6295558849130463
2,1,3,1,7,1,45,60,0,0,0.82,2.0,1,0,1,0,66.99621612339662,0.9382973969529746,0.2889833262955562
4,2,4,1,7,1,30,30,0,0,0.86,2.0,1,1,1,1,104.432218065461,0.8221783369295306,0.8520689951252403
2,2,4,5,2,1,60,20,0,0,0.72,12.0,1,1,0,0,70.84206768962693,0.5964130863747855,0.415479129080183
3,1,5,1,3,1,60,60,0,0,0.72,2.0,1,1,0,0,27.016132770580164,0.7324978258446907,0.37673590737125845
4,5,2,5,4,1,120,45,1,0,0.82,3.0,1,0,0,1,65.54408061879651,0.562901382717652,0.2642929569556287
2,1,2,4,8,1,150,30,1,0,0.72,2.0,1,0,0,1,106.17852757238737,0.549752193243126,0.2923030315212395
1,3,2,2,3,1,150,60,0,0,0.72,1.5,1,1,0,0,54.57733590424711,0.5136668267014687,0.41042821273372865
1,5,3,2,4,1,90,45,1,0,0.86,3.0,1,0,1,1,54.26407080408954,0.6826811926411672,0.48838836371784466
3,4,3,5,2,0,60,20,0,0,0.72,96.0,0,1,1,1,79.58494884822667,0.7038720692749023,0.8437855877162412
3,5,1,2,0,1,75,60,1,0,0.72,96.0,1,0,1,1,60.29416115781709,0.7754784207819443,0.48591261798380864
1,1,3,3,6,0,75,60,0,0,0.72,4.0,1,1,0,0,46.61402842476088,0.47424924310825345,0.40787857193226285
4,2,5,1,4,1,45,45,1,0,0.86,8.0,1,1,1,0,79.99861539121308,0.7099008755813968,0.653639348970111
1,2,3,4,6,0,90,45,1,0,0.82,72.0,1,0,1,0,79.34314515310056,0.7122518204845103,0.3130378026681513
5,5,3,4,0,0,150,20,0,1,0.82,12.0,1,1,0,0,149.52571889685402,0.8037900773884837,0.4534185071807088
5,3,4,1,3,0,150,15,1,0,0.72,96.0,1,0,1,1,53.10745181878387,0.995067034262267,0.46575027548083053
1,5,5,2,7,1,75,30,1,1,0.82,2.0,1,1,1,0,108.85735320417689,0.6070927349081677,0.6800750773592129
5,2,5,1,7,0,30,60,1,1,0.72,72.0,0,1,0,0,135.5617148441495,0.7480588074395733,0.44801036004199624
4,3,5,2,3,0,75,15,1,1,0.82,8.0,1,1,1,1,66.68324504477675,0.6353606964699112,0.839980247943624
2,3,3,2,0,1,90,45,0,0,0.72,8.0,0,0,1,0,76.96005379708966,0.8028537850793531,0.3051069375758384
4,1,2,2,0,0,45,60,0,0,0.86,4.0,1,0,0,1,91.84084673951428,0.7672899619774473,0.26751693382125485
3,2,1,3,8,1,180,45,0,0,0.72,8.0,1,1,0,0,41.02568642727097,0.756849632469246,0.3843709833453335
3,5,2,1,0,0,120,45,0,0,0.72,3.0,1,1,0,0,48.84450125485331,0.7882238037307359,0.3873873345754174
3,4,3,4,8,1,75,20,1,0,0.72,96.0,1,1,0,1,100.42724803268067,0.6400155661385232,0.6221504090587572
2,3,3,2,5,0,45,60,0,0,0.82,12.0,1,0,0,0,67.64743701812542,0.6563852258394198,0.06915132553665757
2,1,1,4,6,1,120,45,1,0,0.86,2.0,1,1,1,0,99.61399766036087,0.7568355162849,0.663430845633631
1,3,3,4,4,1,60,0,1,1,0.86,72.0,1,1,0,0,115.63889596415652,0.5297534757559867,0.45000985400651866
1,4,2,1,0,1,45,20,1,0,0.82,72.0,1,1,1,1,14.432924922837195,0.7498872196637676,0.7971298445720945
1,1,4,4,1,0,60,15,0,0,0.72,1.5,1,0,0,0,40.902575841648364,0.7391273727967245,0.04552946779866153
1,1,4,2,7,1,120,0,0,0,0.72,24.0,0,0,0,1,114.99548275615125,0.6820652528345372,0.2889190874723499
2,1,1,4,1,1,90,10,0,0,0.72,12.0,1,1,0,0,49.80259193802445,0.7921853648025484,0.3877487524225046
3,4,1,1,0,1,90,30,0,0,0.86,4.0,1,1,0,0,60.41248366706941,0.6462807104398118,0.40503533938059283
1,2,5,4,2,0,60,15,0,1,0.72,48.0,1,1,0,0,77.97859325921522,0.6920586585070202,0.4135416227439854
4,3,1,3,5,1,60,15,0,0,0.72,4.0,1,1,0,1,117.94201949052506,0.6471531688293543,0.6333272911756286
1,1,3,4,0,1,45,45,0,0,0.82,2.0,1,0,0,0,98.66181409253204,0.6759138398174478,0.08846057394113335
2,5,2,2,3,0,75,15,1,1,0.86,2.0,1,1,0,1,185.02923089014809,0.5455359520644667,0.6851653039489194
2,5,1,4,6,1,30,60,0,1,0.86,4.0,1,1,0,1,208.5124800373454,0.6524202789843252,0.6933389004959942
5,2,3,5,1,0,180,60,1,1,0.72,2.0,1,0,1,0,23.32464664989122,0.6568400717732715,0.27957095940913185
2,3,3,2,7,0,120,20,1,0,0.72,12.0,1,0,0,0,41.82964084840777,0.6173593784131878,0.0546712707433487
4,4,2,3,1,0,150,20,1,0,0.82,4.0,1,1,1,1,36.824501015150716,0.6807905549331427,0.8168943284981138
1,2,5,3,0,0,75,0,0,1,0.72,48.0,1,0,0,0,18.688185812817288,0.7523168411628576,0.029796611660478162
5,2,2,3,0,0,45,10,0,0,0.72,2.0,1,0,0,1,60.35034154283311,0.7034082764260822,0.2509949816787297
1,3,3,2,4,0,180,15,0,0,0.72,72.0,1,1,1,1,59.717408076024604,0.6580494012547693,0.8337481472961825
4,4,4,2,7,0,150,20,1,1,0.86,1.5,1,1,0,1,21.4354751534732,0.7150822977370677,0.5642345559273875
5,1,2,5,2,1,30,45,1,1,0.82,4.0,1,0,1,1,26.005510949763,0.6983886342106553,0.46844980290509614
4,5,3,1,0,0,150,60,0,0,0.82,1.5,1,0,0,0,183.82466840147364,0.7121045260480983,0.1427024621109489
4,2,2,5,5,1,120,20,0,0,0.82,72.0,1,1,0,0,35.54846960021363,0.5354298323809433,0.3962188914668097
3,4,5,2,1,1,180,45,0,0,0.86,2.0,1,1,0,0,59.838255437450044,0.7556864770767547,0.3969941168962605
1,1,1,1,3,0,60,45,0,0,0.72,72.0,1,1,0,0,50.20100672891162,0.9105166416763792,0.37973117290192787
3,4,3,5,4,1,90,30,1,0,0.82,12.0,1,1,1,0,65.57428720257774,0.6859490850786423,0.6456997555128803
1,4,1,2,3,1,60,0,1,1,0.72,3.0,1,1,0,0,21.486628754191745,0.6307753816278979,0.38017014245550834
2,3,2,1,8,0,150,45,0,0,0.82,48.0,1,1,0,0,30.43377988495252,0.8096261842439714,0.3736153536928904
1,4,4,1,8,0,90,20,0,0,0.86,48.0,1,1,0,0,15.587680462702494,0.5163567362955807,0.3842468154344444
1,4,1,1,2,0,75,0,1,0,0.82,72.0,1,0,0,0,23.003682866259773,0.9495788002291513,0.018865272561465925
1,2,1,5,5,1,45,45,0,0,0.72,96.0,1,1,0,0,17.64827350601494,0.6556858121813868,0.3758675088179796
4,2,2,3,1,0,30,0,0,0,0.86,96.0,1,0,1,1,19.08046031629444,0.7238681057415808,0.46204953947561894
4,5,4,1,5,1,90,30,0,1,0.86,2.0,0,0,0,1,75.65225931822833,0.6346775290083492,0.2660074125149011
3,1,1,2,2,1,150,15,0,1,0.82,4.0,1,0,0,0,93.93146156528516,0.8594638439084193,0.07245850530326742
1,2,1,4,7,0,150,0,1,0,0.72,12.0,1,1,0,1,32.8806624005213,0.5712663686852174,0.5819317957923824
4,3,3,4,3,0,180,45,0,0,0.82,72.0,1,1,0,0,55.44263931152692,0.9222288377921647,0.38240574089556645
1,3,3,1,0,1,180,60,0,0,0.82,12.0,0,0,0,0,39.01733326327603,0.7901317148902659,0.040702335466532076
5,3,2,4,1,1,180,45,1,0,0.72,1.5,1,1,1,1,47.18891285101505,0.7097902650433144,0.8217739566809781
4,2,2,5,6,1,30,45,0,0,0.72,1.5,1,1,0,1,77.01258500138911,0.5172797331503495,0.615132142013735
3,1,4,2,7,1,45,60,0,0,0.86,2.0,1,1,0,0,62.563109627096495,0.7842008344054537,0.39681468134301595
1,3,4,1,5,0,75,20,0,0,0.86,48.0,1,0,0,1,62.72503870087729,0.5992321277428402,0.25987044352525274
4,1,5,2,2,0,90,30,0,0,0.86,96.0,1,1,1,0,62.87625625636712,0.7208022060020454,0.6414613497507683
1,5,4,3,8,0,75,15,0,1,0.82,24.0,1,1,0,1,111.43052764436413,0.6439167698272125,0.6292128445416713
5,1,4,3,3,1,180,45,0,1,0.72,4.0,1,0,0,1,43.42706334290178,0.6402925127714645,0.24413089966793203
1,5,3,4,7,0,75,20,0,0,0.72,1.5,1,1,0,1,148.0555180042773,0.5119139385883693,0.6628697029683324
1,2,1,3,4,1,30,45,0,1,0.86,96.0,1,0,0,1,135.5286985594665,0.7300178301680744,0.2992512175945458
5,2,2,4,0,0,45,60,0,0,0.86,96.0,1,0,0,0,81.28414132979213,0.7762138903167036,0.06985445523102551
5,4,2,1,4,0,120,15,0,0,0.82,24.0,1,0,0,0,54.808019987409686,0.7731931735324766,0.05241515784433309
2,5,3,1,1,0,180,45,0,0,0.82,96.0,1,0,0,1,52.75832697520627,0.7208697041878384,0.2447113386903222
1,3,5,1,0,1,60,45,1,0,0.72,12.0,1,1,0,1,81.03041271748452,0.6527872991748643,0.6083251642027492
5,1,3,4,6,0,60,15,0,1,0.86,2.0,1,0,1,0,91.55786389457604,0.5556429643814369,0.33214356842301673
1,4,5,3,6,1,180,30,0,0,0.86,1.5,1,1,0,0,57.934327698051334,0.4773633382310862,0.4152074514558582
1,5,5,2,1,0,90,10,0,0,0.72,1.5,1,1,0,1,37.09061656228592,0.5950662965707479,0.5830724369482383
5,1,3,1,6,0,45,60,0,0,0.82,72.0,1,0,0,0,67.6755379128201,0.7769775210396911,0.06072859880243502
1,1,3,2,7,0,150,10,0,0,0.86,24.0,1,1,0,0,47.435144904806045,0.6869625903757656,0.39353604861023384
3,3,4,1,5,1,45,30,0,0,0.86,2.0,1,0,0,0,93.37056194373184,0.7686118985634889,0.07844420839637702
2,1,5,3,3,0,180,10,0,0,0.72,2.0,1,0,0,0,95.8188658793072,0.720572465377374,0.08343917134312195
5,1,3,5,6,1,75,10,1,1,0.86,96.0,1,0,1,1,156.76367755383654,0.7360446227043583,0.5529859947799193
3,3,3,5,7,1,75,20,0,0,0.82,12.0,1,1,1,0,37.58803981622222,0.8329226320945206,0.6167541089641984
2,1,5,3,8,1,150,15,0,0,0.82,12.0,0,1,0,0,65.64459894314975,0.7437218991870336,0.4017025330190075
3,1,5,1,4,1,120,30,0,1,0.86,1.5,1,0,0,1,172.23209074618188,0.7633371843863705,0.321387790923742
3,2,5,1,1,0,30,10,0,1,0.82,96.0,1,0,0,0,9.74622740353034,0.8245559470820435,0.01877856863994385
4,3,4,5,4,0,30,10,0,1,0.72,4.0,1,1,1,0,81.10596978975639,0.5683840684786539,0.6642837617329986
1,2,2,4,1,0,180,45,1,1,0.82,3.0,1,1,1,1,10.844879664859247,0.7058170020583107,0.7978227296324911
1,3,5,2,3,1,60,0,0,0,0.82,1.5,1,1,0,1,90.77699667234647,0.6521393551696848,0.6148682429196864
2,2,2,4,3,1,120,0,0,0,0.86,12.0,1,0,0,0,111.1016456463656,0.611451831797413,0.10126613553842483
1,5,3,2,1,1,150,45,0,1,0.82,24.0,1,1,1,1,61.27388245984784,0.7782194337068963,0.8263738946137492
4,5,4,4,4,1,90,45,0,0,0.82,3.0,0,1,0,1,84.99958997489824,0.727165383074317,0.6057648165013967
1,4,1,3,0,0,150,60,0,0,0.86,24.0,1,1,0,0,66.27997411958981,0.7673553740771795,0.40047177322765737
4,1,4,1,4,0,90,45,0,0,0.82,24.0,0,1,0,0,92.31913664653592,0.6327907685840188,0.4272507372968093
3,2,1,4,7,0,75,60,0,1,0.72,3.0,0,0,0,0,199.03594625679904,0.8705127361141028,0.14175473930987884
3,2,2,5,4,1,120,60,0,0,0.82,1.5,1,0,0,1,65.36659894063712,0.7741661517004088,0.2493861020080628
3,3,2,3,4,0,180,15,0,0,0.86,2.0,1,1,0,1,72.17420654508408,0.6837115729931487,0.6002563275872024
5,5,2,5,3,0,90,60,0,0,0.86,1.5,1,1,0,0,105.62016769871786,0.6405556564865628,0.43557454917841926
3,5,5,4,5,0,30,45,0,1,0.86,96.0,1,1,1,1,52.80681142866885,0.662807839177598,0.828807992210014
3,2,4,4,5,1,60,30,0,1,0.86,3.0,0,1,0,0,240.0,0.6374765418497625,0.5253766420705166
1,1,2,4,0,1,30,45,0,1,0.72,12.0,1,0,0,1,46.32523913565464,0.5955466836913805,0.24919522489870646
4,4,1,3,2,1,90,20,1,1,0.82,48.0,1,1,0,0,38.83150691533983,0.600960179467121,0.3938204587141948
5,2,4,4,7,0,90,0,0,1,0.82,3.0,1,1,0,0,32.16265938462992,0.790632342446115,0.3760975089518586
1,3,3,2,6,1,90,0,0,0,0.82,4.0,1,1,0,1,47.34602798417891,0.7262960550043731,0.5807232948058132
3,1,4,2,6,0,150,60,0,0,0.72,72.0,1,1,0,0,65.04263647907793,0.764608891007126,0.3998391352822198
5,1,3,2,3,1,45,20,0,0,0.86,72.0,0,0,0,0,11.224557668711451,0.7466811183132109,0.02521536016388287
5,1,1,5,3,1,30,60,0,0,0.72,48.0,1,0,1,0,53.07309666152314,0.7575670481551983,0.29235237107015155
5,2,3,1,2,1,45,20,0,0,0.86,2.0,1,1,0,0,10.271959855352817,0.8840705910054787,0.3549630318665184
3,4,5,5,0,1,180,0,0,1,0.86,1.5,1,1,0,0,121.62329333777441,0.646909517117391,0.44579852936029896
5,3,1,5,0,1,150,30,0,0,0.72,8.0,0,0,0,1,61.77812272347036,0.7222835280376684,0.25062556818634346
1,5,5,4,2,1,180,60,1,0,0.86,2.0,1,0,1,0,25.807335925487962,0.6612864600707894,0.28091483841203674
3,2,5,5,0,1,45,60,1,0,0.72,24.0,1,1,1,0,220.13749139934657,0.6537120507365477,0.7509984840480062
4,5,5,2,3,1,45,0,0,1,0.86,1.5,1,1,0,1,31.006880408800804,0.5910247360355284,0.5792995220833802
2,4,2,1,6,0,150,30,1,1,0.86,4.0,1,1,0,0,84.55513528068886,0.5968200153906409,0.4245926891097811
4,4,1,2,5,0,75,10,1,0,0.72,96.0,1,0,0,1,98.54038073479097,0.8630465377835592,0.2652803295116782
1,5,2,4,7,0,60,60,0,0,0.72,1.5,0,1,1,0,60.61967298162925,0.5317159443896708,0.6531929992138092
3,4,1,1,6,1,30,0,1,1,0.72,1.5,1,1,0,0,60.6548036594713,0.6616634749632546,0.40412009252555303
3,4,5,4,0,1,90,45,1,1,0.82,8.0,0,1,0,1,72.19471406207042,0.6415698105413888,0.6032199226368163
1,2,3,5,8,1,90,20,0,0,0.82,8.0,1,1,0,1,30.637754219211494,0.5579333081892736,0.5813698379062252
3,5,5,2,2,0,150,30,0,0,0.72,1.5,1,0,0,0,56.31286069625052,0.5680630109832377,0.06777749636200704
3,2,4,5,7,1,180,60,1,1,0.86,3.0,0,1,0,0,24.95094107483552,0.6218860903754678,0.3831019343902743
4,4,4,2,3,0,30,45,0,0,0.72,48.0,0,0,0,1,57.6372313842565,0.7079142433247847,0.24887082389010273
4,3,1,1,8,1,75,0,0,1,0.82,8.0,1,0,0,0,22.68001690461751,0.6800570708089985,0.037516016313115116
1,5,2,1,6,0,45,20,1,0,0.86,96.0,1,0,0,0,88.14621382036061,0.5682354975395183,0.0889876577191408
5,3,1,2,2,0,150,60,0,1,0.82,24.0,1,1,0,1,74.33729658396346,0.7766555690003937,0.5951923078926148
5,5,1,2,1,0,150,45,1,0,0.86,4.0,0,0,0,0,62.36414722435026,0.7302171360942025,0.06046089862297267
1,1,1,4,2,0,30,15,1,0,0.86,96.0,1,0,1,0,94.55630181435038,0.7942318488150022,0.3174413051258501
4,5,4,5,4,1,60,0,0,1,0.86,8.0,1,1,1,1,68.46430769068836,0.7792317925202223,0.8310966463173767
5,3,3,5,3,1,45,60,0,0,0.72,2.0,0,1,1,0,37.68705018091397,0.799171440272092,0.6191826993015629
2,2,5,2,6,1,180,10,0,1,0.72,24.0,1,0,1,1,54.18950032363104,0.689286516634725,0.4878762773846566
2,1,3,4,7,1,150,15,0,1,0.86,4.0,1,1,1,1,67.62667798390865,0.6154918112930423,0.8420000251987595
4,2,2,4,4,0,75,30,0,0,0.82,72.0,1,0,0,0,43.77861044989042,0.84598130147288,0.03996704919682535
3,4,1,5,2,1,75,15,0,1,0.82,48.0,1,1,0,1,68.41515400848563,0.5206442442402306,0.6091650055755077
4,2,5,5,1,0,45,15,1,0,0.86,12.0,1,1,0,1,18.530087596334774,0.6240192866344405,0.5686720416664791
4,1,2,4,7,0,90,0,0,1,0.82,8.0,1,1,0,0,83.84226470813579,0.5800041424255005,0.4252945531689722
1,5,5,1,4,0,75,20,0,0,0.86,1.5,1,1,0,0,43.45959597876462,0.5578423011264446,0.399924102906992
5,4,1,1,6,0,75,15,0,1,0.72,12.0,1,1,0,0,107.99461948162141,0.6549589185680501,0.43614928868798414
1,1,3,1,0,0,180,0,0,1,0.82,72.0,1,0,0,0,41.90263758949917,0.7291930317232826,0.046891579505702996
1,3,2,4,0,1,45,20,0,0,0.72,72.0,1,1,0,0,40.19979784422425,0.7529695699863325,0.3840919953304396
4,4,3,3,5,0,45,60,0,0,0.72,3.0,1,1,0,1,96.36923934135206,0.6805997311253573,0.6166041783821264
1,2,3,2,1,1,60,45,0,1,0.72,8.0,1,1,0,1,26.496221973921642,0.7166676420062378,0.5674974130421778
4,2,3,2,6,1,180,20,0,0,0.72,12.0,1,1,1,1,24.53147097265189,0.7590238643930629,0.8032226434742535
3,2,1,1,6,0,60,10,0,0,0.82,24.0,1,1,1,0,27.033759064250237,0.706095532043416,0.6185958187997944
3,2,2,2,0,0,75,15,0,1,0.86,12.0,0,0,0,0,54.55776226105348,0.693305178394751,0.05784047901973642
3,5,3,3,7,0,45,0,0,0,0.72,4.0,0,1,0,1,91.78353625856028,0.5083716157080553,0.6256030110728097
1,1,1,4,5,1,75,20,0,1,0.82,8.0,1,0,1,0,40.820078849747325,0.5550197567047513,0.29836200293049897
3,1,1,4,3,1,120,60,1,0,0.86,3.0,1,0,0,0,34.58191256497771,0.6186562980719129,0.04974866751161791
4,1,4,5,3,0,45,45,1,0,0.82,48.0,1,0,1,0,21.588194634826355,0.7336689606315617,0.2730353025123416
2,3,5,4,2,1,30,10,0,0,0.86,24.0,1,1,1,1,35.22639587193338,0.6537859181104263,0.8177192496468924
1,3,4,3,4,0,30,60,0,1,0.72,72.0,1,1,0,0,55.00365510978352,0.7217644300966602,0.3961455932997562
5,1,1,4,1,0,90,15,0,0,0.82,48.0,1,0,1,0,15.974801036257915,0.7028689885199004,0.27144903816111227
4,2,2,4,3,1,150,30,0,0,0.72,12.0,0,1,0,0,35.596972854130314,0.6566540312204956,0.38776553305065226
1,5,2,2,4,1,180,60,0,0,0.86,2.0,1,1,0,1,32.864755873785754,0.7639010151587763,0.5684367661880761
2,4,4,5,6,0,75,20,0,0,0.86,12.0,1,1,0,1,41.96939675002335,0.6011436924223508,0.5858995393637844
5,4,2,3,2,1,60,60,0,0,0.86,2.0,0,1,1,1,81.08993701281365,0.6784449908648875,0.8465688086480003
4,2,1,4,6,1,30,20,0,0,0.82,8.0,1,1,0,0,116.96709270824621,0.7191850903195218,0.437635105483131
4,3,1,4,5,1,60,10,0,1,0.86,4.0,1,1,1,0,21.437663194685367,0.6844272809719731,0.6163818657950855
5,4,3,2,2,0,60,20,0,1,0.82,8.0,1,0,0,1,59.95508633772985,0.6672306985788353,0.2532639086579681
5,2,3,5,1,0,150,15,0,0,0.82,24.0,1,0,1,1,57.512424295706076,0.5358392524105211,0.5008328685284009
3,2,5,3,5,0,120,60,0,0,0.86,72.0,0,0,0,1,61.867350582476206,0.6232457994536802,0.25761769442655985
2,5,5,1,7,1,30,30,1,0,0.82,96.0,1,1,0,1,112.06623081762464,0.4512970279473447,0.6431200285887689
5,3,2,3,1,0,75,10,0,0,0.82,48.0,0,1,1,1,103.53004496263858,0.9217837763728887,0.8444951656289902
2,5,3,3,7,0,30,45,0,0,0.82,2.0,0,1,0,0,78.4861283205185,0.5971149199052755,0.42052604115364306
3,5,1,4,1,0,30,20,0,0,0.86,4.0,1,1,1,1,110.82714167563284,0.6563469226951378,0.8679404765284289
4,3,4,2,1,0,120,0,1,1,0.72,4.0,1,1,0,0,75.79543082287437,0.7183141480760211,0.41024829684992814
1,1,4,2,7,1,150,60,0,0,0.72,12.0,1,0,0,0,38.0992833172706,0.6243440740823288,0.05169543702575072
5,1,3,1,5,1,75,10,0,0,0.72,72.0,1,0,1,1,50.96881229699302,0.8189270412686943,0.4766543153091867
1,3,5,1,7,0,30,30,0,0,0.82,4.0,1,0,0,0,74.05072758072082,0.604284675301317,0.07706722444938836
2,1,5,3,5,0,75,0,0,0,0.82,48.0,0,1,0,0,28.77981420560116,0.6318741627256391,0.3849553514129394
2,2,3,3,2,1,120,10,0,1,0.82,4.0,1,1,1,1,174.8158738654771,0.8209364722834116,0.8990783628504793
5,5,2,2,2,1,45,60,0,1,0.82,1.5,0,1,1,1,168.47194463250995,0.5763083954836026,0.9119730420711545
5,1,3,5,4,1,30,0,1,0,0.86,4.0,1,1,1,0,130.79235201671884,0.7288774864360096,0.6861734772939587
5,3,1,2,4,1,45,45,0,0,0.82,72.0,1,1,1,0,49.666006739444725,0.4685856126081366,0.6503096782770603
5,1,2,4,7,1,60,15,0,0,0.72,2.0,1,1,1,0,63.905389753100664,0.770709350495258,0.6386539386340657
5,4,4,3,2,0,60,60,0,1,0.72,12.0,1,1,1,0,99.59076145927325,0.7555721356105857,0.663503791480108
3,5,1,3,8,0,180,20,0,0,0.82,72.0,1,1,0,1,62.53246845256335,0.6383155065730316,0.5970062268415967
4,5,5,5,0,0,45,10,0,1,0.82,2.0,1,1,1,0,59.81135680744097,0.6054646685234656,0.6474917110749848
4,2,1,2,3,1,75,20,0,0,0.86,4.0,0,1,1,1,120.91713143510668,0.8083893801616984,0.864024164345419
4,3,5,5,8,1,150,60,0,1,0.82,8.0,1,1,1,1,30.729118529222383,0.4432383333661384,0.829459395683852
1,2,5,5,8,1,150,20,0,0,0.82,24.0,1,1,0,0,49.37835960515784,0.5737324613869601,0.4027576341063514
1,5,3,5,6,0,150,0,1,0,0.86,1.5,1,1,1,0,69.31256105138755,0.5117505932256564,0.6603858325084625
2,5,2,2,5,1,45,20,0,0,0.72,12.0,1,1,0,1,44.96174403771431,0.6048678526854686,0.5876337463371601
5,2,4,3,0,1,45,0,0,0,0.72,4.0,1,1,1,0,37.77624095906253,0.6960414633500904,0.6264612582048688
2,2,1,3,2,1,150,20,0,0,0.72,48.0,1,1,0,0,23.743642161255917,0.8455577107733452,0.3666400550200365
4,2,5,2,7,1,30,30,0,1,0.86,8.0,1,1,1,0,67.18416440263599,0.5374641936152219,0.6571669493820252
3,4,4,2,4,1,180,60,0,1,0.72,1.5,1,0,0,0,64.13235251795648,0.6759049000899985,0.06544155867233775
2,3,4,3,5,1,180,30,0,0,0.82,8.0,1,1,0,0,55.182326932323676,0.6097187321244973,0.4041079067061677
1,1,4,5,7,0,30,30,1,1,0.86,48.0,0,1,0,1,63.948528626802414,0.48440750799676435,0.6087238268580948
4,5,3,1,0,1,60,10,1,0,0.72,2.0,0,1,0,0,71.16951217134738,0.6257650105299837,0.4136427907104661
3,3,4,3,3,1,180,60,1,0,0.82,2.0,1,0,1,1,146.07778966359206,0.6731324796565117,0.5502659195331056
2,2,4,3,3,1,180,60,1,1,0.82,96.0,1,0,1,0,68.32154191436514,0.5678035743121881,0.31580144440772356
2,4,1,4,7,1,30,15,1,0,0.86,96.0,1,1,0,1,82.01617570378689,0.7286967730188098,0.6036686763578746
2,5,5,2,3,1,45,60,0,0,0.72,4.0,0,1,0,0,53.192647772688154,0.8044323610366805,0.3891514999092245
2,1,1,1,1,1,45,30,0,0,0.82,3.0,0,1,0,0,72.45175134132651,0.8103289882968908,0.401578138380102
4,1,2,5,8,0,150,0,0,1,0.72,24.0,1,1,1,1,16.91245843317452,0.5891776534882255,0.8100325365446073
4,2,1,5,7,0,120,0,1,0,0.82,2.0,1,1,1,0,59.98523474219239,0.597552681046253,0.6481614688215572
1,5,1,2,5,1,60,45,0,0,0.72,3.0,1,1,0,0,74.95264110661643,0.6518373093879126,0.4143398157472571
5,5,4,4,5,1,180,30,0,1,0.82,4.0,1,1,1,0,32.638334565971256,0.5458425921528247,0.6335499082599498
5,1,3,2,3,1,75,60,0,0,0.72,24.0,1,1,0,1,78.50726766731883,0.7213790179537732,0.6018416471881151
4,2,3,3,0,1,60,30,0,1,0.82,96.0,1,1,1,1,52.070115676589026,0.8502939233327352,0.8151928358177679
3,4,5,5,0,1,30,10,1,0,0.82,48.0,1,1,1,1,70.46454666516641,0.7025014314003621,0.8378012642454189
1,5,2,4,1,1,120,10,0,0,0.86,12.0,1,0,0,1,57.78095968306502,0.7704910707539308,0.24458626483593487
3,1,5,5,8,0,30,45,0,0,0.82,8.0,1,1,0,1,57.86114316040806,0.4853217681754568,0.6046015716679901
3,1,2,5,5,1,75,10,0,0,0.86,1.5,1,1,1,0,37.71381372245826,0.8035224273339274,0.618895972568264
2,3,4,5,2,1,90,0,0,0,0.82,48.0,1,1,0,0,15.607587963476458,0.7560138509194918,0.36748408907795327
5,2,2,2,3,1,120,60,0,1,0.86,3.0,1,0,1,0,100.6685125101489,0.7260191682178417,0.32629099989818366
1,5,2,5,7,1,120,15,0,0,0.72,1.5,1,1,1,0,153.78146985148163,0.42697713789460456,0.7226325802483655
1,5,5,3,8,1,90,15,1,1,0.82,3.0,1,1,0,1,87.42785125225423,0.4650713625832501,0.625730238787342
1,3,3,4,5,1,45,30,0,0,0.82,4.0,1,1,0,1,49.89521511125118,0.5640938877833043,0.5937769045960029
3,5,4,4,1,1,60,10,0,0,0.72,1.5,1,1,0,0,74.0619499798874,0.6241701725628588,0.41568272124052486
1,1,2,5,1,0,120,15,1,1,0.72,3.0,1,1,0,0,12.77696220760333,0.7292380876424437,0.36747130867009786
5,5,5,4,8,1,90,60,0,1,0.86,2.0,1,1,1,1,47.104440202909885,0.4349278485490353,0.8409580107368407
4,5,2,5,1,0,90,60,1,0,0.82,48.0,1,1,1,0,149.10549080241873,0.591608566688091,0.7079910608667795
1,5,4,2,2,0,150,10,1,0,0.82,96.0,1,0,0,1,100.02512515683657,0.6355753108701254,0.2821931450103156
4,1,5,5,2,1,30,15,0,0,0.86,3.0,1,1,1,1,70.22271366142614,0.6203508787126656,0.8433905809310642
3,4,1,1,0,1,120,30,0,0,0.86,96.0,1,0,0,0,15.647983329789643,0.8626216060915753,0.020048476460116156
5,4,4,2,7,1,45,60,0,0,0.86,48.0,1,1,1,1,108.7229766268147,0.5816020135996572,0.8717698434659005
2,1,3,4,5,0,45,10,0,1,0.72,2.0,1,0,0,0,32.17690196435284,0.6317276318166394,0.04723033374907047
4,5,4,5,2,1,120,45,0,0,0.72,24.0,1,1,0,1,74.57815455551923,0.8517615237980052,0.5900954630378191
1,1,5,3,8,1,30,20,1,0,0.86,72.0,1,1,0,1,75.09994032030117,0.686518618650799,0.6020103235746449
3,4,3,5,6,0,75,45,0,1,0.72,8.0,0,0,0,1,76.50918256961683,0.5584497641814267,0.27191463822037804
5,2,4,5,2,1,90,15,0,0,0.72,12.0,1,0,1,1,128.9677779614727,0.6074955847696717,0.5434538277071047
5,5,5,1,1,1,180,15,1,0,0.72,8.0,0,1,1,0,34.53445723251163,0.8037697781489099,0.6167590870179175
5,4,5,4,4,1,90,30,0,0,0.82,3.0,1,1,1,0,40.315055933606345,0.5236064715069731,0.6402242509502496
5,3,3,3,1,1,90,10,0,0,0.82,96.0,1,0,0,0,71.13273592206338,0.5849145496898535,0.07647780546975252
4,5,2,4,4,1,120,0,0,0,0.82,24.0,1,1,0,0,139.8136623389517,0.6905498402590721,0.45487061940783274
1,3,1,3,1,1,180,20,1,1,0.86,72.0,1,0,0,0,66.09997009584922,0.7175153640778964,0.0638405712451134
2,1,4,4,0,0,90,45,1,0,0.86,24.0,0,1,1,0,14.757243499024376,0.7706509486930814,0.6058925959241672
4,3,2,1,1,0,180,20,0,0,0.82,12.0,1,1,0,1,54.49997225450774,0.8527165237185699,0.5766431581760386
3,1,5,4,8,1,180,20,0,0,0.72,12.0,1,1,1,1,81.85021727533565,0.654612429975478,0.848743941418607
2,5,5,4,6,0,90,30,0,0,0.86,3.0,0,1,0,1,65.37727864077927,0.6732286619485343,0.5964588460907888
2,5,5,4,7,1,150,20,0,1,0.82,96.0,1,1,0,1,93.84250430771596,0.6035073522110392,0.6203161548837046
3,1,3,3,2,1,120,60,0,1,0.72,8.0,1,0,0,1,50.65855043322161,0.6630732143937936,0.24735724194791553
2,3,3,5,0,0,45,20,0,1,0.82,72.0,1,0,1,0,35.78762281671948,0.7110363973983804,0.2840858673932597
3,4,5,2,2,1,180,15,0,0,0.86,48.0,1,0,0,0,186.88007292998333,0.7271002923569405,0.1436896948216697
1,1,4,1,7,0,150,15,0,1,0.82,3.0,1,1,0,0,75.28108914261296,0.7611537752556992,0.406906628493843
4,4,2,5,5,0,45,20,1,0,0.82,12.0,1,1,0,0,94.60529315038968,0.6495451099834725,0.42760203773475003
3,5,3,4,4,1,60,0,0,0,0.86,3.0,1,1,0,1,119.43553359269895,0.7356393534690565,0.6281289343189653
2,4,1,2,1,0,30,0,0,0,0.82,24.0,1,1,0,0,104.54994991899491,0.7069520093679208,0.4302133259569088
3,4,3,5,7,1,120,45,0,1,0.86,1.5,1,1,1,1,32.300266347192256,0.6860532322492077,0.8135097846406837
5,4,1,1,6,1,75,15,0,0,0.82,3.0,0,1,0,0,16.25303505191967,0.5849877695171384,0.3798862128350801
2,3,2,4,2,1,180,30,1,1,0.86,48.0,1,0,0,0,130.42575151101738,0.694391921887454,0.10834306647522315
5,5,4,5,8,1,90,60,0,0,0.72,4.0,1,1,0,1,28.228717804933872,0.6143239045825957,0.5758164718825075
3,1,1,5,0,0,180,45,0,0,0.82,72.0,1,0,1,0,19.61148362893234,0.7922916354779871,0.2676139079358291
3,1,1,2,6,0,120,45,0,0,0.72,4.0,1,1,0,0,94.90194775891402,0.6793314682271892,0.42571476239670614
3,4,2,4,0,1,60,0,0,0,0.72,96.0,1,0,0,0,38.723326924086976,0.6768914426291016,0.04843315029868754
5,2,2,3,5,0,180,60,1,0,0.86,48.0,0,1,1,1,52.824616105753776,0.6784122523155762,0.8277275530750788
1,3,3,1,8,0,45,15,0,0,0.86,2.0,1,0,0,0,114.00151194976789,0.4786641362652956,0.11249451842794123
1,4,1,3,7,1,30,20,0,1,0.72,72.0,1,1,1,1,35.18755174187693,0.6278419454140017,0.8195094316489379
3,2,2,1,7,1,75,15,0,1,0.72,3.0,1,0,0,0,13.287508798548036,0.7124091985075218,0.028989695303505498
4,5,3,3,3,1,45,20,1,0,0.82,3.0,1,1,0,0,50.60590286533839,0.6437904919966619,0.3986719341371259
3,5,5,3,0,1,45,20,0,1,0.86,72.0,1,1,1,1,101.47913723203817,0.6620263039773701,0.8613109168762761
2,1,5,5,1,1,60,10,1,0,0.82,2.0,1,1,0,0,138.90809119453192,0.994860052608455,0.4329651904470961
3,3,3,3,2,1,45,20,1,0,0.82,4.0,1,1,1,1,81.4239659486193,0.742614428169845,0.8422996339938571
4,4,5,3,6,0,120,10,0,0,0.72,4.0,1,1,1,1,39.27853239715616,0.6613092579532273,0.8198940402080449
1,3,2,5,5,1,120,0,0,1,0.82,1.5,1,1,1,1,51.94646390604824,0.6296329018779256,0.8305566728059107
1,2,1,3,5,1,180,60,0,1,0.82,96.0,1,0,1,0,18.770580497008503,0.7830516402443961,0.2677001055142313
3,3,1,4,2,1,60,15,0,1,0.72,1.5,1,1,0,0,50.13746117104368,0.6944274180970443,0.39481505484723606
3,5,2,4,1,1,120,10,0,0,0.82,12.0,1,1,1,0,102.28207724732209,0.6087427238146541,0.675576060831189
2,2,2,1,1,1,150,0,0,0,0.72,1.5,0,0,0,0,33.14287322013385,0.677006932390431,0.0447047635460924
2,4,2,2,2,0,120,20,0,1,0.72,96.0,1,1,0,1,56.307506947061135,0.7811163556022555,0.5828601930725495
1,4,2,1,4,0,45,60,1,0,0.72,48.0,1,1,0,1,28.768218712211244,0.6497612173827648,0.573695527258014
2,3,3,5,4,0,180,45,0,0,0.82,72.0,1,1,0,1,154.13082657277184,0.5260601380501271,0.665929674718339
1,1,2,5,4,1,90,0,0,0,0.82,24.0,1,1,0,1,19.809582515018647,0.7644683478489323,0.5596936039939205
2,5,5,4,2,0,120,30,1,1,0.72,72.0,1,0,1,1,111.79997038215146,0.7054986711113341,0.5251484066103076
2,5,2,5,7,1,45,20,1,0,0.72,24.0,1,1,0,0,73.87430277175109,0.4006600920861737,0.4312033287351352
1,2,4,1,1,0,30,20,0,1,0.86,2.0,1,1,0,0,42.564503471647754,0.5484362615003483,0.3999857973427408
1,2,4,4,4,1,150,60,0,0,0.72,8.0,1,1,0,0,148.58123957677657,0.5713462287319251,0.46905992370661637
3,3,4,5,5,1,45,30,1,0,0.82,48.0,0,1,1,1,240.0,0.5344018043106705,0.9625918736982532
4,5,1,5,3,1,75,0,1,1,0.72,24.0,1,1,1,1,79.93460518061384,0.5377388451054644,0.8556480176296934
4,5,3,4,4,1,45,20,0,1,0.82,96.0,1,1,0,1,240.0,0.6342325215150922,0.7156037234939436
1,2,3,2,4,0,75,10,0,0,0.72,8.0,1,0,0,1,60.428493193091285,0.7633351804659483,0.24685219949611115
4,3,2,2,6,1,75,60,1,0,0.72,24.0,1,0,1,0,43.728635067318436,0.6817942276401303,0.29142682744340315
5,3,5,2,7,1,60,15,0,0,0.82,3.0,1,1,0,0,88.57037308705695,0.6708206103026999,0.4220894726701823
3,1,2,4,1,1,150,0,0,0,0.82,2.0,1,1,1,1,73.13143458563347,0.5755407879546364,0.848466434566931
3,4,5,5,7,0,75,30,1,0,0.72,48.0,1,1,1,1,22.556356767243557,0.687962460225723,0.8068801989623618
4,4,1,3,6,1,30,60,0,0,0.72,96.0,1,0,0,1,113.26862972147522,0.714247079645138,0.2855151242391572
5,3,5,3,7,1,150,0,0,0,0.82,12.0,1,1,1,0,18.055586409362117,0.5377297482598612,0.6243959752280512
2,1,3,4,8,1,75,20,0,1,0.86,4.0,1,1,1,0,51.01767220066975,0.6635200464257807,0.6375653782173085
2,1,5,5,0,1,180,45,1,1,0.86,72.0,1,1,1,0,64.51912517198454,0.8084504210327764,0.6364212206423621
3,5,3,3,8,1,60,60,0,0,0.86,48.0,1,0,0,1,87.82074475642243,0.5250617118984795,0.2817928433380547
3,2,4,3,1,1,180,0,0,1,0.86,2.0,1,1,0,1,69.08349498613532,0.5450259408611596,0.607903847463809
4,1,2,2,5,1,150,30,0,0,0.82,8.0,0,1,1,0,83.52187477291567,0.6688576671917634,0.6588612131451871
4,5,1,3,7,1,150,20,0,0,0.72,4.0,0,1,0,0,100.96112076263205,0.45913680323860606,0.4451678376150523
4,3,3,3,1,0,150,15,0,1,0.82,2.0,1,1,0,1,46.8256382585661,0.7150236540740885,0.5811654363871913
3,3,3,2,7,1,120,15,1,0,0.86,24.0,1,1,0,0,112.30475854971166,0.5560012520244082,0.44594975139143256
4,3,1,4,1,0,30,45,0,0,0.82,3.0,1,1,1,0,101.84318241887398,0.7613544896755938,0.6646006406686245
2,5,1,5,1,1,45,45,0,1,0.72,12.0,0,0,1,1,49.65106221538541,0.6477264942469523,0.48775985354630363
1,5,3,3,3,0,45,10,1,0,0.82,96.0,1,1,1,0,24.74909303012538,0.557016065302193,0.6275082707822635
4,5,1,5,0,1,90,45,0,1,0.82,4.0,1,1,1,1,136.94893141975973,0.5842319725584474,0.8904030495340819
4,5,2,4,7,1,150,10,0,1,0.72,2.0,1,0,1,1,58.121579620172675,0.5723965926190894,0.4986799582634455
4,5,2,4,6,0,75,10,0,0,0.86,24.0,0,1,1,0,38.06309673807967,0.6128329129302065,0.6324770939202721
1,3,5,1,1,0,45,30,0,0,0.86,4.0,1,1,0,0,57.08511489623304,0.831721459259886,0.3898362411159634
3,5,3,5,7,0,180,20,0,1,0.82,3.0,1,1,1,1,70.42889092118364,0.47365213651907645,0.8537969443911204
5,5,3,2,3,0,60,20,0,0,0.82,1.5,0,1,0,0,76.92389048540069,0.7008705534517271,0.41222165491531293
1,1,4,3,0,0,30,45,0,1,0.72,48.0,1,1,0,0,12.197824473868025,0.9289152743360488,0.35310781377905526
5,1,2,3,8,1,150,30,0,0,0.72,8.0,1,1,1,0,57.16031026717111,0.696709872859593,0.6393371824112759
1,2,5,3,3,1,60,45,1,0,0.82,12.0,1,0,0,0,112.73419648829224,0.7525543054694646,0.0924773296093323
5,1,4,4,5,0,180,0,0,1,0.72,4.0,1,1,0,0,51.83819185718899,0.6243017111087774,0.40085767479384493
3,4,1,4,1,1,75,15,1,1,0.82,96.0,1,1,1,0,85.54014548926536,0.499637886554551,0.6720521116006917
1,4,1,4,4,0,30,0,0,0,0.82,3.0,0,1,0,0,14.585980602909261,0.6763225439775385,0.3723814089901785
5,3,4,3,4,1,75,10,0,0,0.72,4.0,1,0,0,0,54.81223924462914,0.5949455341158901,0.06489530544164046
2,4,4,1,6,1,30,15,0,0,0.72,2.0,1,1,0,1,119.16592664624702,0.6733776954666364,0.6323075124148335
2,4,3,5,2,0,30,20,0,0,0.72,12.0,0,1,1,0,70.78807689424175,0.6900733515643716,0.648886916653322
4,1,1,2,6,1,120,60,0,0,0.86,3.0,1,0,0,0,39.23070549893873,0.696829324829512,0.04737575092789332
3,1,3,4,3,0,150,10,0,0,0.82,48.0,1,1,0,1,70.77433165447707,0.7730563091462674,0.5930689461294127
3,2,2,4,0,0,75,30,0,1,0.72,24.0,1,1,1,1,59.3594016243065,0.846879582056914,0.8202913636722204
5,2,5,5,5,1,45,45,1,0,0.82,3.0,1,1,0,0,165.24771145992239,0.6149895466439204,0.4771158727082072
2,1,2,1,8,1,90,0,0,0,0.82,24.0,1,0,0,1,27.296757948863245,0.7380002943842305,0.22653781802567935
5,4,2,2,5,1,60,45,0,0,0.72,1.5,0,1,1,1,37.979474620385275,0.5931784575409904,0.8237971577190542
5,2,3,3,8,1,120,20,1,1,0.72,8.0,1,0,0,0,88.54473238324647,0.6621494117646021,0.08267936276530882
1,2,3,1,5,1,120,10,0,1,0.86,24.0,1,0,0,0,18.997373940432556,0.8276080612559353,0.0247323516723729
2,1,1,5,7,1,180,20,0,1,0.72,96.0,1,1,0,1,110.26094787756108,0.6167373277190965,0.630335685644704
4,4,2,2,7,1,180,15,0,0,0.86,48.0,1,1,0,1,78.15998851504801,0.6648195276129396,0.6055692920771263
2,5,1,4,8,1,30,30,0,0,0.82,8.0,1,1,1,0,106.79841822014299,0.483654635067555,0.6873431210253665
4,4,1,1,6,1,120,10,0,1,0.72,1.5,0,0,0,1,7.891398921176743,0.5655100633985128,0.22567522817622193
2,4,1,3,3,1,30,15,0,1,0.86,72.0,1,1,0,0,91.45472878847153,0.6074780754186709,0.42844635391300745
4,3,4,4,5,0,180,20,1,0,0.86,24.0,1,0,1,1,47.661032360789825,0.6899708259619746,0.4834760637565217
2,3,2,1,4,1,150,0,1,1,0.82,1.5,1,1,0,1,73.77095542544293,0.7723373755327229,0.5951170206630048
4,4,4,1,7,0,45,45,1,1,0.82,96.0,1,0,1,0,84.31098288162698,0.6591669117256862,0.32006563810028665
5,1,3,1,4,1,180,10,1,0,0.86,24.0,0,0,1,0,45.74707720999064,0.7938645910374561,0.28492753010070515
5,4,1,3,4,1,45,30,0,1,0.82,96.0,1,1,0,1,67.80631959083674,0.6989558862392112,0.596277301023813
4,4,5,3,6,1,150,30,1,0,0.86,3.0,0,0,0,1,46.47902824520867,0.4736399550584008,0.2578312219760511
5,1,4,2,2,1,150,15,0,0,0.82,12.0,1,0,0,0,79.94842693160845,0.86167889544737,0.06298142860642307
4,5,2,5,6,0,120,45,1,0,0.72,2.0,1,1,1,1,34.55999749148643,0.6978827776782104,0.8141882038901829
2,1,3,4,2,0,150,60,0,0,0.72,4.0,1,1,1,0,74.66259874134525,0.7407883859347365,0.6479198788121321
2,2,3,3,6,0,45,0,0,0,0.86,96.0,1,1,0,0,34.84538734123462,0.7678395552721818,0.37948148935843706
4,1,4,5,2,0,45,20,0,1,0.86,4.0,0,0,1,0,23.893785893327543,0.7536244340253767,0.2731754802137753
5,1,2,1,4,1,120,30,1,1,0.72,96.0,1,1,0,0,6.305540452312686,0.693202509635641,0.3656795179603803
5,3,4,1,8,1,30,60,0,1,0.86,4.0,1,1,1,1,83.74478081504333,0.8174254555998,0.8386100719847096
1,4,3,2,5,1,60,15,0,0,0.72,4.0,1,1,0,0,55.341281638230164,0.8312677374506781,0.38870544613727265
1,2,3,4,4,0,75,0,1,0,0.72,3.0,1,1,0,0,40.689194992689046,0.7322718952658185,0.38586709732651875
4,4,1,3,8,0,30,20,1,1,0.86,1.5,1,1,1,0,44.79625617024434,0.610468743297825,0.6371313587493153
1,4,5,2,3,1,75,30,1,1,0.86,1.5,1,1,1,0,60.75542138041964,0.4727941071775954,0.6574080267511815
5,1,3,5,6,1,60,0,0,1,0.72,48.0,1,1,0,0,152.00463992203186,0.704587175660661,0.46201532431844167
2,3,2,2,4,1,60,15,1,1,0.72,1.5,1,1,0,0,57.8835397842759,0.6658736599560066,0.4019778703259302
4,5,5,5,5,1,30,20,0,0,0.72,24.0,1,1,1,0,86.0390655563464,0.38199272959623287,0.680619885965828
1,3,1,4,1,0,150,45,0,0,0.82,12.0,1,1,0,1,47.7875850024875,0.672954938228428,0.5847515443256684
5,1,1,3,6,0,45,30,0,1,0.72,3.0,0,1,0,0,106.11016462394258,0.7127969848851027,0.4308443208073379
2,4,4,5,4,0,75,60,0,0,0.72,24.0,1,1,0,1,80.1260245085757,0.8324780475468957,0.5951438863441011
4,1,3,3,4,1,150,45,0,0,0.82,24.0,1,0,0,0,83.17081345882099,0.6851426937390085,0.07748722041081674
3,5,4,1,5,0,60,60,0,0,0.82,8.0,1,1,0,1,80.70885560510936,0.6394060297069596,0.6090474816572524
4,4,4,2,2,1,150,0,1,0,0.86,3.0,1,1,0,0,87.70910155078576,0.6275040029889555,0.4245474541579637
2,3,4,4,0,1,60,45,1,0,0.72,4.0,1,1,0,1,57.73520504552133,0.7188424728863586,0.5881711635949691
3,1,3,1,2,0,120,0,0,0,0.86,3.0,1,0,1,0,73.22314749180023,0.8848941666024347,0.29687283999902975
1,5,1,3,0,0,60,15,0,1,0.86,96.0,1,0,1,0,86.01998368530002,0.6265758631933311,0.32348634536666687
1,1,4,5,7,0,180,15,0,0,0.72,12.0,1,1,0,0,55.105639515990504,0.6520602571661194,0.401092875009032
1,2,1,2,8,0,60,0,1,0,0.82,96.0,1,1,0,1,72.94529264106399,0.6767957055717949,0.601254495704017
5,2,2,2,6,0,45,60,1,1,0.72,4.0,1,0,1,0,60.54823622907995,0.7990544353369867,0.29443168034579753
5,3,5,4,7,1,45,0,0,0,0.86,24.0,0,1,1,0,117.07850823334758,0.6337650389175812,0.6836887860980011
2,1,3,4,1,1,45,30,0,1,0.72,24.0,1,1,0,0,109.93621425149823,0.6604348649138772,0.43706036895702743
2,4,3,5,7,1,90,0,0,0,0.86,96.0,1,1,0,0,104.17469940884266,0.5776209265535341,0.43901633474714774
5,1,2,4,2,1,90,30,1,1,0.72,8.0,1,0,1,0,9.11489577188235,0.8043500258396752,0.25977209537247764
3,5,2,3,6,1,180,0,0,0,0.72,24.0,0,0,0,1,74.8569285257627,0.6353530729403436,0.2654299039113511
5,4,3,5,2,1,45,30,1,0,0.82,3.0,1,1,1,0,31.232280748713855,0.6492425772339714,0.6253745400927646
2,5,5,1,3,1,45,15,1,1,0.72,96.0,1,1,0,1,35.18082245788495,0.6820023349227755,0.5757137181939957
2,1,3,5,8,0,120,0,0,0,0.82,24.0,1,1,1,1,30.05650481765965,0.6507766607662105,0.814483303624805
2,2,2,5,5,0,120,20,0,0,0.86,48.0,1,1,1,1,35.01225984100897,0.6440125327880301,0.8182606292655106
1,2,4,3,8,1,45,0,1,0,0.86,1.5,1,0,0,0,108.9491677566968,0.7168201295188167,0.09245536943814736
1,4,2,1,1,1,120,20,0,0,0.82,12.0,1,1,0,1,84.29688752748245,0.6737991056433478,0.6090319876232874
1,5,1,3,3,1,30,60,1,0,0.72,8.0,1,1,0,0,70.71424924864627,0.694572613797559,0.40852274986660175
1,5,3,2,4,1,180,20,0,0,0.86,8.0,1,0,0,0,105.34220413686414,0.5715661979316424,0.1002185022360278
5,1,5,1,2,1,150,0,0,0,0.82,4.0,1,1,0,0,144.613383004162,0.6825539860394768,0.4586301429800113
2,1,1,3,3,1,30,60,0,0,0.72,8.0,0,0,1,1,19.98006913684496,0.5988172477946738,0.47140283874560285
1,5,1,3,4,0,45,10,0,1,0.86,3.0,1,1,1,0,42.106063495679855,0.5742302111881731,0.6378745942139479
1,2,4,5,0,1,180,30,1,0,0.82,8.0,1,1,0,1,41.28824274084874,0.6175537423357249,0.5842967331970651
4,2,3,2,6,1,150,30,1,0,0.72,24.0,1,1,0,1,67.59986423397724,0.6621417592447884,0.5987166530088497
2,5,1,4,1,1,75,45,0,1,0.82,8.0,0,1,0,0,56.58909406623491,0.709560574047833,0.398056822527475
4,4,1,2,7,1,45,10,0,1,0.86,12.0,1,0,0,0,49.20040463893143,0.6443067124567632,0.0576987998873142
4,4,1,2,5,1,60,0,1,0,0.82,1.5,1,0,0,1,88.52794418094727,0.6751442592553089,0.27175853130609323
3,1,3,2,3,0,45,60,0,1,0.72,12.0,1,0,0,0,78.925027160997,0.7983802303645786,0.0667300686484775
5,2,1,3,2,1,120,15,0,0,0.72,24.0,1,0,0,0,49.09343414195892,0.7442124077739081,0.05063408755046572
1,1,3,1,6,1,30,0,1,1,0.72,12.0,1,1,1,0,26.751908711164916,0.74519590997212,0.6156708921093949
3,1,5,1,7,1,120,10,0,1,0.82,48.0,1,0,0,0,30.443588240115062,0.5719444617934517,0.05025961316786842
4,1,2,2,5,1,120,45,1,0,0.72,24.0,1,1,0,0,49.79464112229584,0.940985378060411,0.37732745095063513
1,5,4,4,8,1,75,0,0,1,0.82,8.0,1,1,0,1,97.75439963221504,0.536498669312103,0.6276146929029629
1,4,1,2,3,0,60,20,0,1,0.82,96.0,1,1,0,0,70.76808805199998,0.691610999868872,0.40876595537717897
2,1,4,3,6,1,60,10,0,1,0.72,72.0,1,1,0,1,91.08278603072667,0.7427096993352362,0.6087321784003512
5,3,1,2,2,0,60,45,1,0,0.72,1.5,1,1,1,1,45.42653876112636,0.732387956438365,0.8190172022233987
2,3,2,3,4,0,90,15,1,1,0.82,12.0,1,1,0,0,73.27825309998659,0.6960618320150563,0.41012784049227047
5,5,4,3,2,1,45,15,1,1,0.86,24.0,1,1,1,1,125.71375007659512,0.563937746042349,0.8843335244947657
5,1,2,2,2,1,30,20,1,1,0.86,24.0,1,0,1,0,52.04874576786273,0.685662663014957,0.2967027774341948
5,2,3,5,5,0,75,15,0,0,0.72,3.0,1,1,0,0,26.532220962676995,0.5866564634994429,0.3866221948634903
1,5,1,1,1,0,90,20,1,0,0.82,3.0,1,1,0,0,67.35598745861645,0.757696749880656,0.4018652191474318
5,1,4,5,1,0,45,20,0,1,0.82,12.0,1,1,0,0,42.3264679230698,0.7170842454467135,0.3880217481007766
3,3,2,5,2,0,120,60,1,0,0.86,72.0,1,1,1,0,43.86975596215963,0.7458591573006929,0.6270363629637247
5,1,3,1,0,1,60,15,0,0,0.72,2.0,1,1,1,0,34.03290412193772,0.7960115994716704,0.6169677907849416
4,4,2,3,3,1,150,20,0,0,0.86,96.0,1,1,0,0,67.21756480403245,0.7236804075952455,0.4041540813376878
4,4,2,3,0,0,75,10,1,0,0.82,4.0,1,1,0,1,7.757275795687735,0.7568472797427739,0.552192207615131
4,5,1,2,1,1,45,10,0,1,0.86,8.0,0,1,0,0,59.68291485057688,0.7412700820403944,0.397899704157557
3,1,2,2,6,0,45,20,0,0,0.72,96.0,1,1,0,0,37.72347041516889,0.7100823988589281,0.3854432123566543
5,2,3,4,7,1,60,60,0,1,0.82,48.0,1,1,1,1,47.86976295804384,0.53748585648676,0.8342891653512894
5,1,2,5,3,0,75,30,0,1,0.86,8.0,1,1,0,0,124.59019831922205,0.9019609807183382,0.42992286356253107
1,5,4,2,2,0,90,20,0,0,0.82,8.0,1,1,0,0,76.97491398706426,0.5767055339340311,0.4209472219493273
4,1,2,5,5,1,30,45,1,1,0.86,4.0,1,1,1,0,63.67950884043222,0.49104349375134415,0.6580799613310274
4,4,3,1,7,0,180,60,0,0,0.86,2.0,0,1,1,0,89.08061039981956,0.6845847854880787,0.6614661386157142
3,2,2,4,3,0,120,10,0,1,0.82,12.0,1,1,0,0,88.83837445419516,0.7884285108725309,0.4140355872083863
2,3,1,1,2,0,30,0,1,1,0.86,1.5,1,1,0,1,161.52626074812008,0.8512253985022802,0.6480983959369205
3,1,2,3,4,0,30,0,0,0,0.82,1.5,1,1,0,1,195.44807142372213,0.7896681913995677,0.6750219408845117
3,2,3,2,6,0,150,45,0,1,0.72,24.0,1,1,1,0,21.26252419812249,0.5712079512832267,0.6241904595422558
1,4,2,1,7,1,60,45,1,0,0.86,48.0,1,1,0,0,53.2806208409318,0.6144753774690798,0.402507137471119
4,3,3,5,2,1,45,30,0,0,0.86,48.0,1,1,1,0,33.212415897032386,0.6269543581837048,0.6282548055251623
2,3,3,4,1,1,60,0,0,1,0.72,2.0,1,1,0,1,21.006685290808367,0.7512949365785455,0.5614138113000408
2,2,5,1,4,0,120,60,0,0,0.82,72.0,1,0,0,0,20.09316496574278,0.626127437854813,0.039566522660658285
2,2,3,1,8,0,150,15,1,0,0.86,4.0,1,0,0,0,112.71999604965461,0.6638413047483777,0.09867777270071665
2,3,3,3,1,0,60,15,1,1,0.82,1.5,1,0,1,0,53.09593128988015,0.6517461754247672,0.29977505524685305
5,1,5,2,5,0,180,0,1,0,0.86,3.0,0,1,1,0,108.9376148794579,0.6585461691941322,0.6765268447427161
5,5,2,2,6,1,90,60,1,1,0.82,96.0,0,1,1,1,52.220782874972116,0.716761658229572,0.8246405391739113
4,4,3,3,4,1,45,15,0,1,0.72,3.0,1,1,0,1,29.14465420059853,0.6183010097524914,0.5761486987843912
5,4,3,2,8,0,45,10,0,1,0.82,96.0,1,1,0,0,32.00058250463835,0.6977617179960073,0.3824904014100384
5,5,2,1,5,0,120,10,0,1,0.82,72.0,1,1,0,0,81.9203490472447,0.7283259874088028,0.4136307469128803
1,1,4,1,7,0,120,60,0,0,0.72,4.0,0,1,0,0,93.47122591920625,0.680887561611124,0.4246520213000255
2,1,3,3,5,0,180,60,1,0,0.86,4.0,1,1,0,1,43.602743656969174,0.7222798917465487,0.5785089033490544
2,3,2,1,2,0,150,30,1,0,0.72,96.0,1,1,0,1,54.272365553003795,0.5636295713211266,0.596727507042857
5,5,5,4,4,1,60,60,0,0,0.72,96.0,1,1,1,0,99.43941392816802,0.7155251892073148,0.6662061793742667
5,2,1,5,2,0,30,20,0,0,0.86,96.0,1,0,1,1,25.847529730061815,0.8619532934480578,0.4568949559453438
4,2,1,3,2,1,90,10,0,0,0.86,1.5,1,1,0,0,102.82186146294879,0.7213601011035262,0.42805270056471906
5,3,3,1,8,1,180,0,1,0,0.86,72.0,1,0,0,1,117.28666539372279,0.7363249900704164,0.28664836095755275
3,4,2,1,7,0,30,15,0,1,0.72,24.0,1,1,0,1,35.3246879858716,0.6703084226388873,0.576628202405859
2,1,2,2,1,1,30,10,1,0,0.82,4.0,1,0,0,0,21.1228595124318,0.8225933312363831,0.026500373155074385
1,5,3,3,5,1,60,60,0,1,0.82,4.0,1,1,1,1,106.11319920643678,0.570799453760858,0.8707861710410312
2,5,3,2,7,0,60,0,1,0,0.86,3.0,1,1,1,1,17.60821340360424,0.6968528529274812,0.8029591092308125
1,2,1,1,3,0,45,30,0,1,0.72,1.5,1,0,0,0,53.420350781347636,0.8411416450028325,0.04673365203736681
2,3,3,3,6,1,90,60,0,0,0.86,4.0,0,0,0,0,76.59063631336497,0.7158952176991034,0.07094775896997274
4,2,1,1,4,1,180,45,1,0,0.82,8.0,1,0,0,0,60.861289254032734,0.8839426704994756,0.04869820590105853
1,3,2,4,3,1,90,15,1,1,0.82,4.0,1,0,1,1,94.32415991794556,0.7367726764929716,0.5113086859241224
3,4,2,5,8,0,30,0,1,0,0.72,72.0,1,1,1,1,137.20180244690528,0.7543871232054868,0.8786607696735528
4,5,3,3,5,0,150,0,1,0,0.86,72.0,1,1,0,0,91.0146376502254,0.7446596321724975,0.41855025084807546
5,1,4,4,5,1,45,45,0,0,0.72,4.0,1,1,1,1,142.15535687306402,0.6063441990050533,0.8923261439850223
5,1,4,1,6,0,150,60,0,0,0.72,12.0,1,1,1,0,48.995898197246255,0.6618870822351205,0.6363318363750392
2,4,2,5,7,1,150,0,1,0,0.86,3.0,1,1,1,1,73.40233354693261,0.5755195878313946,0.8486485178830908
3,2,3,3,2,0,120,60,0,0,0.86,1.5,1,1,0,0,36.03672571356411,0.6438342191353306,0.38895608846956964
5,3,4,5,3,1,180,10,0,1,0.72,48.0,1,1,1,1,79.01605232479274,0.7291138374370846,0.8416393995959326
1,2,3,5,1,1,60,0,1,0,0.82,2.0,1,1,1,0,70.76591338819426,0.6799616637651746,0.6495799591285674
5,1,5,1,0,1,30,15,0,1,0.86,8.0,1,0,1,1,97.67605903272579,0.8637539912103248,0.5046545933037612
1,3,1,3,5,0,150,20,0,0,0.82,2.0,1,1,0,0,94.0746434423758,0.6544879906179828,0.4269022696183251
3,3,4,2,0,1,30,60,0,0,0.86,1.5,1,1,0,0,88.28491438254734,0.754290915389384,0.4160562455111081
4,5,4,4,2,0,120,10,0,0,0.72,72.0,1,1,1,0,80.74933819620524,0.6508263726422976,0.6582750460458426
3,2,4,4,6,0,150,0,0,1,0.86,3.0,1,1,0,0,54.9064478297405,0.6854348221446461,0.39862386100303515
1,4,3,4,1,1,45,20,1,1,0.86,3.0,1,1,0,1,66.3427577666224,0.6963765918062936,0.5954821437513077
4,3,2,5,2,0,90,45,1,0,0.72,72.0,0,1,0,0,63.87969394757232,0.7745504452103729,0.39836793146698884
5,1,5,2,3,0,180,20,1,0,0.86,1.5,0,1,0,1,49.76368190816762,0.6445250731882266,0.5880590328156026
1,5,3,3,1,1,90,60,0,0,0.82,96.0,0,1,0,1,81.99460022292837,0.6841341815108819,0.6067736741095239
1,5,5,3,3,1,90,15,0,0,0.72,96.0,1,1,0,0,56.75216813913971,0.6047774980848631,0.4055003538934861
4,2,2,2,7,1,30,10,0,1,0.86,8.0,1,0,0,0,29.790994949208773,0.5835783622814996,0.049010177939767544
5,4,5,4,3,1,45,20,0,0,0.72,4.0,1,1,1,1,22.648461330993527,0.5873676239180231,0.8139832405464007
1,2,1,1,1,0,30,30,1,0,0.82,2.0,1,0,1,0,32.769218772747934,0.7876668321546846,0.27670946759767073
2,5,2,2,5,0,180,15,0,0,0.72,8.0,1,1,1,1,66.00003838440823,0.6405943495896761,0.8391584211183282
1,5,5,3,0,0,150,10,1,0,0.72,8.0,1,1,0,1,91.34849642533302,0.7063473751427417,0.6114546813568967
3,5,4,5,3,1,120,15,0,0,0.82,2.0,1,1,0,1,45.373337459736476,0.5516771100647686,0.5916314939352906
1,4,4,1,2,1,90,10,0,1,0.82,2.0,1,1,1,1,140.37863429699922,0.5570194647468341,0.8945943936657211
3,1,3,3,8,1,90,45,0,0,0.82,2.0,1,1,0,0,121.84317955008848,0.6856953635235186,0.44323011092007936
2,4,5,5,0,1,90,45,0,0,0.72,12.0,0,1,1,0,83.13269860950746,0.5300561483350007,0.668317868689555
2,2,3,1,8,0,60,0,0,0,0.86,3.0,1,0,1,0,92.61079537894022,0.671161253849001,0.32475924248319676
2,4,1,3,1,1,180,45,1,0,0.86,48.0,1,1,0,1,127.03472315739307,0.8973070269186417,0.6218783235539571
2,1,2,4,4,1,120,30,1,1,0.82,1.5,0,0,1,0,101.03326443126167,0.57586691094473,0.33704482585471
5,4,2,2,2,0,30,60,1,0,0.86,8.0,1,1,1,0,18.034332667454443,0.6837833114679541,0.614158056642213
2,4,1,1,0,0,180,60,1,0,0.86,2.0,1,0,0,1,51.64089878251247,0.758894307816129,0.2413046643078793
3,2,2,1,7,1,90,15,0,0,0.72,2.0,1,1,1,0,35.396927777389564,0.7490609605830447,0.62116368461078
3,3,1,4,3,1,60,20,0,1,0.82,48.0,1,1,0,1,93.21972944272964,0.6922297747697298,0.613690402061272
4,4,5,3,2,0,120,0,0,0,0.82,8.0,1,1,0,0,22.333185494209022,0.49709977226710944,0.390091806270775
1,4,5,4,5,0,75,15,1,0,0.82,3.0,1,1,0,1,139.4337392682325,0.483487931619889,0.6591116709654294
4,4,2,4,8,0,60,10,1,0,0.72,48.0,1,1,0,1,137.98898803425303,0.649227766528226,0.6465467150325263
2,2,1,1,3,1,30,20,1,0,0.86,96.0,1,0,0,0,62.255689106228864,0.9043111881009974,0.04820200957041609
3,1,3,1,1,1,45,0,0,0,0.72,8.0,1,0,0,0,56.07602856206607,0.7735794628819521,0.05323345663964074
4,1,1,2,1,1,60,15,0,0,0.82,12.0,1,0,0,0,25.874412451898813,0.7830764643867003,0.032434255794196856
1,1,4,5,5,1,75,45,0,1,0.82,4.0,1,0,1,1,86.80563221575895,0.6739528718203455,0.5106937204497485
3,1,1,5,1,1,180,15,0,1,0.82,4.0,1,0,0,0,74.46768883561879,0.76241300042794,0.06627621586045673
3,2,2,2,1,0,75,0,0,0,0.72,48.0,1,0,0,1,57.13192475224794,0.6135861595106413,0.25513691866908705
1,1,3,5,4,0,45,10,1,0,0.82,2.0,1,1,0,0,40.08983089873483,0.6375101715491324,0.39210084192405065
2,4,1,5,8,1,75,15,1,0,0.86,12.0,1,1,1,0,190.98182364365746,0.662237017347132,0.7309646245481392
2,5,1,4,2,0,60,60,0,1,0.72,8.0,1,1,0,1,134.4841310749644,0.5861710227113799,0.6486241157935131
3,1,3,3,8,1,90,30,0,0,0.86,4.0,1,1,1,0,40.164520385920895,0.5894375520649588,0.6355157182794002
1,4,5,4,1,1,90,60,0,0,0.82,24.0,0,1,0,1,40.71091775221047,0.7261995846309285,0.576306640910642
5,5,3,1,6,1,90,60,0,0,0.82,1.5,1,1,1,0,103.19808315656975,0.547692837368005,0.6804602234886196
4,1,1,3,6,1,120,45,0,0,0.86,1.5,1,0,0,0,39.819861603545135,0.787812545013561,0.04139969625141415
4,2,3,4,4,0,180,30,0,0,0.86,12.0,1,1,1,1,43.64754754943466,0.5607072279718822,0.8298488590749248
1,3,1,3,0,0,90,45,0,0,0.72,2.0,1,1,0,1,10.402359843481442,0.8680092570656766,0.5461742585677236
2,3,1,5,7,0,90,20,0,0,0.86,4.0,1,1,0,1,57.65851141479893,0.5926040234313751,0.5969567259696698
4,1,4,4,3,0,45,15,0,0,0.86,1.5,0,0,0,0,56.65281207318717,0.8242699688888095,0.05006964355990811
3,1,4,1,7,1,30,45,1,1,0.86,12.0,1,1,0,1,12.766810451264146,0.7124058521959179,0.5586427973137952
1,5,5,4,4,0,90,15,0,1,0.86,12.0,1,1,0,0,37.07058817878288,0.7346049908361137,0.383291376093994
1,2,4,5,5,0,180,60,1,0,0.82,4.0,1,1,0,1,50.99841900159523,0.6021451829311475,0.5918487831958832
2,3,4,3,4,0,120,20,0,1,0.82,48.0,1,1,1,0,45.252399630865334,0.7132378988775242,0.6302416134991503
3,1,3,4,3,0,180,30,1,0,0.82,72.0,1,0,0,0,15.743820524606637,0.6890864861681002,0.032259826317970745
4,5,1,4,8,0,180,10,1,0,0.86,24.0,1,1,1,1,34.63312572146953,0.7597936744377377,0.8099031932703381
2,2,2,4,4,1,150,0,1,0,0.86,3.0,0,1,1,0,86.45050552885844,0.6907622864685035,0.6592803102997771
3,5,1,1,4,0,75,30,0,0,0.86,2.0,0,1,0,0,115.30860625563398,0.6999144838580053,0.43787839030036235
1,2,2,4,6,1,150,15,0,0,0.72,2.0,1,0,0,1,62.97211024858473,0.7638357445425972,0.248512904714408
5,2,3,1,0,0,90,0,1,1,0.86,1.5,1,1,0,0,87.4924150128153,0.5952045218943526,0.42666396014260555
4,4,1,5,6,1,180,45,0,1,0.72,1.5,1,1,0,0,95.49026208385811,0.6550972673968831,0.4278033660047903
1,4,2,4,2,0,45,20,1,0,0.72,8.0,1,1,1,1,158.066988295915,0.6525806665107103,0.8996973455415269
3,2,5,4,4,1,90,45,0,1,0.82,96.0,1,0,0,1,95.20512605774675,0.7257052431382404,0.272670717018821
4,3,1,2,5,0,45,10,1,0,0.86,96.0,1,0,1,0,43.637606804161805,0.6828768112428558,0.2912903610824413
4,4,2,4,8,0,150,60,1,0,0.72,4.0,0,1,0,1,115.80518821822628,0.6628067085555767,0.6308069892132605
4,3,2,2,1,1,120,20,1,0,0.72,96.0,1,0,0,0,126.20388007533882,0.8227252602757772,0.09654515183092148
5,5,4,1,5,0,150,15,0,0,0.72,96.0,1,1,0,0,89.61526229481093,0.7495030982364214,0.41727829131999117
2,1,5,1,3,1,30,10,0,0,0.86,24.0,1,0,0,0,66.23726722920475,0.6512424951875515,0.06857120348967456
2,4,2,4,8,1,90,20,0,0,0.72,24.0,1,1,0,1,78.53517110773663,0.6240481898776986,0.6086734074470521
4,1,3,4,6,1,180,45,1,0,0.72,8.0,1,1,0,0,53.008895369056305,0.6534331096117104,0.39959894590655115
2,1,2,1,4,0,150,60,0,1,0.72,2.0,1,0,1,1,55.52293913462219,0.7828957835415196,0.4822125879085084
5,1,5,2,1,1,45,30,1,1,0.86,1.5,1,1,1,0,38.07496481041508,0.7644096292563354,0.6218746358256666
4,4,4,1,0,0,60,15,0,0,0.72,8.0,1,1,1,0,19.92853098488982,0.7149945161660247,0.6132360711916381
3,1,3,3,8,1,45,30,1,0,0.86,8.0,1,1,1,1,86.73575567188033,0.5864641493945194,0.8567713466569706
1,2,4,5,7,0,45,45,0,0,0.72,12.0,1,1,0,0,168.2893604841803,0.6280641980217421,0.47822841312793163
3,2,5,5,4,0,60,10,0,0,0.82,2.0,1,1,1,1,35.39437466007828,0.6975706058410092,0.8147663073645148
1,5,3,4,6,0,90,45,0,0,0.72,96.0,1,1,0,1,36.83987163015168,0.6699592086559472,0.5776627698141849
5,4,2,2,6,1,150,0,1,0,0.82,12.0,1,0,1,0,44.84245918677127,0.5609941521889836,0.300625382137952
1,4,3,4,6,0,45,15,0,1,0.82,3.0,1,1,0,0,62.68026299343265,0.5494162411838873,0.4133277051127497
3,3,4,5,0,0,60,30,0,0,0.82,8.0,1,1,1,1,65.51095848550496,0.7011779964014211,0.8345915125755705
4,3,3,5,5,1,90,15,0,0,0.72,8.0,1,1,1,0,24.838501855006825,0.568116806685253,0.6267908247687035
3,2,4,1,4,1,60,60,0,0,0.72,48.0,1,0,0,0,43.42405444950442,0.6924885709863151,0.050475169663960893
2,2,4,1,1,0,75,0,0,0,0.82,12.0,1,1,0,1,123.38753782747311,0.8133340647094325,0.6253249740219885
2,2,2,2,1,1,90,20,0,1,0.72,2.0,0,0,0,0,29.679592640762564,0.6594421474152038,0.04362544477477745
3,3,4,2,3,1,150,20,0,1,0.82,8.0,0,0,0,0,62.03810673770819,0.5129559013471853,0.07545182473083584
5,4,4,3,6,0,30,60,0,0,0.82,2.0,1,0,1,1,44.16115201966083,0.5082988482328444,0.49385984863680815
3,3,3,4,2,1,180,60,1,1,0.82,24.0,1,1,1,1,65.71104478772519,0.646297859588271,0.8385665130206378
4,4,2,2,7,0,90,20,0,1,0.72,48.0,0,1,0,0,56.21280999839924,0.599599759152395,0.4055032235249319
2,5,5,1,2,0,60,10,0,0,0.72,4.0,1,1,0,1,111.92720220853407,0.5231829583118524,0.6379953277238597
5,3,4,4,6,0,75,30,0,1,0.86,4.0,1,0,1,1,55.113862528582956,0.6448837336526312,0.4916007136633711
4,4,1,4,5,1,60,15,0,0,0.72,2.0,1,1,1,1,93.60033176120555,0.6668459561531379,0.8557210042434173
2,2,2,5,4,0,30,30,1,0,0.72,1.5,1,1,1,1,110.27755373101704,0.8442790083708118,0.8544188385680546
3,5,5,3,3,0,45,45,0,0,0.72,72.0,0,1,0,0,56.3143622711971,0.6944201423301238,0.3989334982176894
3,3,3,2,5,1,30,15,0,0,0.86,8.0,1,1,0,1,61.24547450523974,0.6085716658749132,0.5982302997255826
4,2,3,4,0,1,45,45,0,1,0.82,3.0,1,1,0,0,26.129353597864696,0.7677990528150095,0.3736736353681925
5,2,4,1,6,0,120,20,0,0,0.72,2.0,1,1,0,0,76.94986045960039,0.7420905418487929,0.40935356904365144
3,4,3,3,8,1,30,60,1,1,0.72,48.0,1,1,0,0,49.31826985798283,0.5511925226264545,0.40429536998813675
1,1,3,2,2,0,90,30,0,0,0.72,3.0,1,1,0,0,42.82816452715682,0.66747487112733,0.39182886870585815
2,4,1,1,7,1,150,45,1,0,0.86,96.0,0,0,0,1,21.72795642347309,0.5697018161332263,0.23460617715298956
3,3,2,5,7,1,75,10,0,1,0.82,4.0,1,1,0,0,91.19319349860001,0.6007425843997719,0.428743481424416
5,2,4,2,6,0,120,20,0,1,0.82,8.0,1,0,0,0,42.82506407445088,0.595356977247262,0.05687505430899225
5,4,2,4,2,1,180,0,1,0,0.86,72.0,1,1,0,1,96.56256519478444,0.802858620056879,0.6081749400592081
2,2,5,1,6,0,45,15,0,1,0.72,3.0,1,1,0,0,21.372101381866955,0.7103369629133576,0.3745244801839763
3,2,2,1,8,1,60,15,0,0,0.86,96.0,1,0,0,1,32.30627093434229,0.7413101832489889,0.22964580112879895
4,1,5,1,5,0,30,45,0,0,0.86,48.0,1,1,0,0,28.478651737800398,0.6126135494314829,0.3861028193649965
5,4,4,5,3,0,75,0,1,0,0.86,48.0,1,1,1,0,70.02793295953406,0.653578877772469,0.6509347671956166
5,2,5,4,7,1,30,20,1,0,0.86,96.0,1,1,1,1,24.05177846417896,0.6485536960170905,0.810635760254923
5,5,1,1,7,1,90,30,0,1,0.82,72.0,1,1,0,0,61.739690077060445,0.6748085790700745,0.4039231928498017
2,3,1,4,2,1,75,60,0,1,0.82,1.5,0,1,1,0,176.06091618910264,0.6629446828539355,0.7209678163262929
4,1,2,4,2,1,60,60,0,1,0.86,96.0,1,0,1,0,74.50166193053062,0.767354586384145,0.30595295357346364
2,4,1,2,5,1,30,60,0,0,0.82,2.0,1,1,1,0,58.04388621985203,0.6669075649456866,0.64201239460037
2,3,2,2,2,1,75,15,0,1,0.86,8.0,1,1,0,1,37.115342181076684,0.8067290228530781,0.5682725298543356
1,3,1,3,8,0,150,60,0,0,0.72,96.0,1,0,0,1,72.00473111165793,0.6640270995875145,0.2615212571033126
4,5,2,5,8,1,30,60,1,1,0.82,3.0,1,1,1,1,172.61017920574722,0.555667333940513,0.9161767394279956
2,3,2,1,4,1,120,30,0,0,0.72,8.0,1,1,0,1,38.5087153479223,0.5680130692616083,0.5859115620503023
3,5,1,5,4,1,60,20,1,0,0.86,8.0,1,1,0,0,132.189842087824,0.7093280290349182,0.4484735993594384
4,1,5,4,0,1,45,45,1,1,0.82,3.0,0,0,0,1,80.58653044539966,0.7516260282105115,0.26111053165553066
5,1,5,4,2,0,30,60,0,0,0.86,12.0,1,1,0,1,77.19839844897274,0.6891539621497917,0.6032248216154964
2,2,1,4,0,1,90,45,0,0,0.82,3.0,1,1,0,0,28.087538803087078,0.7346464548476562,0.3772997740293888
1,2,5,4,0,0,30,45,0,1,0.72,48.0,1,0,0,0,11.563532788739487,0.6443604571952912,0.03260378985548928
2,5,5,1,7,1,120,15,1,1,0.72,1.5,1,1,0,1,67.44366420926548,0.6208756436248143,0.60150114775244
1,2,3,5,4,1,60,20,0,1,0.86,96.0,0,1,0,0,95.58019466265,0.5930990214152692,0.4322031982760312
3,2,4,3,0,0,60,60,1,0,0.72,8.0,1,0,1,0,89.33238734487884,0.7694632088596807,0.3156925002764082
1,1,5,2,0,0,60,60,0,0,0.86,96.0,1,0,0,0,11.159098246904097,0.8475160455059217,0.018113275645854878
4,4,1,1,4,1,45,60,1,1,0.86,8.0,0,0,0,0,59.89767296498712,0.6606065444452383,0.0636893238654914
5,2,5,3,1,1,120,0,0,0,0.72,96.0,1,1,0,1,47.43288596388792,0.6284254665146684,0.5876321413198985
3,3,2,5,3,1,120,45,0,0,0.86,24.0,1,1,0,0,43.011036469396075,0.6954398919688459,0.38999323187511153
1,3,4,2,3,1,45,15,0,0,0.72,1.5,1,1,0,0,50.00304475010089,0.6795926514933684,0.39576387756219816
2,2,1,5,0,0,30,60,1,0,0.82,4.0,1,1,0,0,31.32435899262011,0.8308734162305036,0.37272176685894487
5,4,4,5,8,1,45,20,1,1,0.82,24.0,0,1,0,0,57.23672907497813,0.4579400347986812,0.4161020169474111
1,3,4,3,4,1,30,45,0,0,0.82,96.0,1,1,0,0,24.57797975979239,0.6774985470272786,0.3789604215479521
4,5,2,4,7,1,120,15,1,0,0.72,2.0,1,1,0,1,79.2006083947687,0.5595668307545225,0.6136307274436958
5,2,2,1,4,1,180,20,1,0,0.86,24.0,1,1,1,1,98.71144606573401,0.6381820766027758,0.8611348853482951
2,1,2,2,2,0,45,60,0,1,0.72,48.0,1,0,0,1,42.105377368118525,0.8188344137369643,0.23075184261715817
5,2,2,4,1,0,120,20,0,0,0.72,96.0,1,1,1,0,48.79181876391465,0.6213262905476504,0.6390350388376077
1,4,4,3,6,1,30,10,0,0,0.86,3.0,0,0,1,0,87.39407918658334,0.5496604110027022,0.3297864906875331
5,4,3,4,8,1,180,0,0,1,0.82,4.0,1,1,0,1,214.45252871146943,0.5150264078504534,0.7069165039247812
1,2,3,4,5,1,30,0,0,1,0.72,72.0,1,0,0,0,50.311000114783994,0.7259096826996817,0.052726988954211615
3,1,4,1,3,1,45,0,0,1,0.82,48.0,1,0,1,0,29.14702732362245,0.735449602692186,0.27794987936062865
3,2,4,3,0,1,120,45,1,0,0.86,2.0,1,0,0,0,105.45112131749363,0.8867245637646632,0.07823002808146932
4,1,3,3,8,1,180,60,0,0,0.72,1.5,1,1,0,1,63.40145900648061,0.517166317353142,0.6060659971229339
1,4,3,5,6,1,180,15,0,0,0.72,2.0,1,1,1,0,118.63314796966353,0.5009829715816837,0.6940199573023913
4,5,2,5,8,0,45,60,0,0,0.86,1.5,1,1,1,0,136.21217662259656,0.5374721061007297,0.7031850703213467
1,1,3,5,5,0,60,45,0,0,0.86,12.0,0,0,0,0,90.9087057392624,0.8222285642186762,0.07304980433086761
1,2,1,3,0,0,30,15,0,0,0.82,72.0,1,1,0,1,33.7862478074377,0.8206272059726029,0.5650802607868763
5,2,5,5,2,1,30,0,0,0,0.72,96.0,1,1,1,1,75.64320620351626,0.7284293059843945,0.8394387527167699
3,2,2,4,5,1,60,15,0,1,0.72,8.0,1,1,0,0,39.89648612165074,0.6203026009961914,0.39317647534470046
5,5,5,2,5,1,180,15,1,1,0.72,48.0,1,1,1,0,149.62562692872302,0.6693864484703808,0.7028933665595554
4,3,5,1,8,1,60,15,0,1,0.72,96.0,1,1,0,0,38.801910764356535,0.6595791170595501,0.38969740231540256
1,5,5,2,1,1,45,45,0,0,0.82,2.0,1,1,0,1,128.25352388881637,0.587098855417537,0.6444054293799834
1,3,1,1,4,0,60,10,1,0,0.82,1.5,0,1,0,0,35.32689469767878,0.6931636451236924,0.3850298079731274
1,3,4,2,6,1,120,15,0,0,0.86,72.0,1,0,0,0,145.19963607339542,0.6728127635385939,0.11970286393456206
2,3,3,5,2,0,30,0,0,0,0.86,1.5,1,0,0,1,55.427615352275865,0.7202843882072445,0.24653183639367682
3,1,2,5,0,0,30,30,0,1,0.82,3.0,1,1,0,0,35.73259001161008,0.7128165887702609,0.3839245654604885
4,3,3,1,4,1,60,45,0,0,0.82,24.0,1,1,0,0,81.31315982804026,0.8234295085319029,0.4065687076214603
1,5,1,4,0,0,30,30,0,0,0.86,4.0,1,1,0,0,69.0414687518999,0.7277179498673332,0.40508738934388666
5,2,2,5,6,1,75,0,0,0,0.86,48.0,1,0,1,1,16.297533536028233,0.7310859021612082,0.4596890092060676
3,1,1,3,1,1,45,15,0,0,0.82,8.0,1,0,0,0,25.759508457754254,0.8732039688036652,0.026048727822246272
1,5,4,5,5,1,120,0,0,1,0.86,48.0,0,1,0,1,108.86338516220698,0.5232555089862378,0.6359477044791013
5,3,5,5,3,1,45,45,0,1,0.82,48.0,1,1,0,0,48.64123275218324,0.8280368513613918,0.3844649089061581
2,4,5,4,0,1,180,15,0,0,0.82,8.0,1,1,0,0,41.914963612369434,0.7828865222183905,0.3831412525196256
5,2,5,1,7,1,30,60,0,0,0.82,72.0,1,0,0,1,22.788810289488524,0.6347853919068457,0.23075756275951315
2,4,5,1,3,0,180,15,1,0,0.86,3.0,0,1,0,1,133.3490705138284,0.8049687598250514,0.6325515671547988
4,1,1,2,7,1,180,0,0,0,0.86,12.0,1,0,1,0,0.8576170071765556,0.7268367481496262,0.2596931723009772
5,2,2,4,3,1,150,60,1,0,0.72,8.0,1,0,1,0,25.568060681762173,0.8328425346544528,0.26874639636202974
4,5,5,1,0,0,180,15,0,0,0.72,4.0,1,1,0,1,79.84126247035393,0.7394939809040021,0.6014629296502891
4,3,5,4,7,0,60,0,0,0,0.72,48.0,1,1,1,1,144.44498097779552,0.5333699862662007,0.898960754946563
1,5,4,4,8,0,60,60,0,0,0.82,1.5,1,1,0,0,126.80841076026414,0.4431272926579144,0.4635200300207888
3,3,4,5,0,0,150,15,0,0,0.86,72.0,0,1,1,0,33.353809239753154,0.7177767099245296,0.6219915031317851
4,3,1,3,6,0,120,45,0,1,0.86,8.0,0,0,0,1,39.49879364363049,0.5386538560148693,0.24862675917471283
2,2,1,5,3,1,60,15,1,1,0.82,12.0,0,0,0,0,19.654874997156206,0.6411654081052384,0.03822167143073746
2,4,4,2,2,0,45,10,1,1,0.86,4.0,1,1,0,0,46.98442241336697,0.8428978614296304,0.38232009797550387
1,4,2,3,3,0,150,45,1,0,0.82,96.0,1,0,1,0,104.48913534249232,0.7434356610132435,0.3276189272907345
1,2,5,3,2,1,120,15,0,0,0.82,72.0,0,1,0,0,64.89098087239486,0.565556618203351,0.41367169064069537
2,5,5,1,0,0,45,10,0,0,0.72,4.0,1,0,0,0,124.39066031314064,0.7269917249112109,0.10203768613164235
4,2,2,1,5,0,75,20,0,0,0.86,1.5,1,1,0,0,24.41092337187198,0.66606832766497,0.37964916597803344
4,2,3,4,7,1,90,45,1,0,0.72,48.0,1,1,0,0,47.52910397969029,0.6757618863348186,0.39438273727635625
2,1,2,4,7,1,45,30,0,0,0.86,48.0,1,1,0,0,168.53371079508588,0.574083812404949,0.48216994032837757
5,5,3,5,0,0,45,10,0,0,0.82,72.0,0,1,1,1,81.41763946858818,0.6932095520660749,0.8457537576677668
5,2,1,1,8,1,75,0,0,0,0.82,2.0,1,0,1,0,31.867374650228285,0.46044889562094704,0.29901349374001923
2,1,1,2,8,1,90,30,0,1,0.72,4.0,1,0,1,0,81.18066478372067,0.5797245904432413,0.3235397218581202
1,3,5,2,0,1,150,10,0,1,0.86,12.0,1,1,0,0,114.01589061318384,0.7359505611913622,0.43449405445872724
2,5,5,5,1,1,45,30,0,0,0.82,2.0,1,1,0,1,14.024243416905222,0.4218064989059888,0.579823040687851
4,4,5,4,1,0,120,30,0,0,0.82,3.0,1,1,0,1,109.3955476903499,0.5484049787704408,0.6345420166129692
1,5,2,2,2,1,150,0,0,0,0.72,12.0,1,0,0,0,51.7575926881522,0.7372047516762603,0.05290072917476324
2,1,5,5,3,1,90,30,0,0,0.86,2.0,1,1,1,1,39.91791971980486,0.5285883152169053,0.8296107644146865
1,4,2,1,7,1,75,0,0,1,0.86,72.0,1,0,0,1,36.01562036983549,0.6888668391742475,0.235789734837693
4,3,4,5,7,1,60,15,1,0,0.82,96.0,1,0,0,0,77.43707579757253,0.7018507163629142,0.07249516705297769
4,3,5,5,1,1,45,20,0,1,0.86,12.0,1,0,0,1,99.18824824718885,0.7820010761481705,0.2713854235010873
1,1,5,5,3,1,45,60,1,1,0.86,12.0,1,1,1,0,56.679704203261295,0.806082741652787,0.6313606775531458
1,5,5,1,6,1,60,45,1,0,0.82,48.0,1,1,0,1,164.49518447147415,0.7408567548221594,0.657803483476765
2,3,4,4,6,0,120,10,0,1,0.72,24.0,0,1,0,0,143.3562511108085,0.7947262768371589,0.44993999469527124
1,3,4,4,8,1,120,30,0,1,0.86,96.0,0,1,0,1,23.94539356496947,0.550810250910473,0.5774068781462466
2,2,1,4,0,0,180,60,1,0,0.82,24.0,1,1,0,0,112.31767873750698,0.9081996463876943,0.42130447724453274
4,1,2,5,0,0,45,15,0,1,0.72,12.0,1,1,0,1,83.32576346718426,0.7831293755010965,0.6007314526930462
4,2,3,2,2,0,120,0,0,0,0.86,48.0,1,1,0,0,111.20462082638426,0.6617586045036769,0.43781331156899883
2,1,5,1,0,1,90,45,0,0,0.82,4.0,1,0,0,1,39.645829242450226,0.7338147302976047,0.23506352170746783
4,1,3,4,2,0,75,30,0,0,0.86,2.0,1,0,1,0,22.15523789957701,0.8362798382424497,0.2662305699227465
1,4,1,3,2,0,120,10,0,0,0.72,12.0,1,1,0,1,62.52399045311947,0.7774558850519848,0.5872607483484408
2,1,2,4,6,0,60,10,1,1,0.82,24.0,0,1,0,0,61.74399465004444,0.7489127437725249,0.3987387710359529
4,2,3,2,2,0,30,30,0,0,0.72,3.0,1,1,0,1,44.78445592661839,0.6040480412668575,0.587572941062399
3,5,2,4,1,1,90,45,0,0,0.82,4.0,1,1,0,1,14.520335598008558,0.6907664562119091,0.5613265717971722
1,2,1,2,1,0,150,10,0,0,0.72,12.0,1,0,0,0,115.83389142625485,0.8021791827198742,0.09107005149377871
4,3,1,5,1,0,45,15,0,0,0.72,72.0,1,0,0,0,36.98709629958035,0.7231721298569973,0.04403601510973043
5,1,1,4,8,0,120,45,1,1,0.86,2.0,1,1,1,0,35.09788796089532,0.597429142599532,0.6315785519919631
1,4,4,1,5,0,30,10,0,0,0.72,1.5,1,1,0,0,106.86723394794294,0.5550230378807683,0.44239320998030823
1,4,4,4,2,1,90,30,1,1,0.82,1.5,1,1,1,1,172.28181310927096,0.5491655404110521,0.9164129542440737
3,1,5,2,7,1,75,10,1,0,0.82,4.0,0,0,1,1,62.35395523206638,0.677244166677576,0.49416221182061393
5,1,5,2,2,1,90,10,0,1,0.82,4.0,0,0,0,0,54.2828680365149,0.7805571527535388,0.05154957799826222
1,3,3,3,7,1,150,15,0,0,0.82,1.5,0,1,0,0,128.49508979226175,0.5969435647417975,0.4538773436629154
5,5,4,4,5,1,60,10,0,0,0.82,72.0,1,1,1,1,68.39832563483549,0.5089656011272518,0.8499712916776494
5,1,4,3,2,0,90,30,0,0,0.86,8.0,1,0,1,1,6.703274394648586,0.7338882240287453,0.4530966739144202
4,1,5,4,2,1,60,20,1,1,0.86,2.0,1,1,1,0,137.60193941947767,0.7517886502213048,0.6891094207641605
4,5,4,2,2,1,60,30,0,0,0.86,48.0,1,1,0,1,78.52975635400625,0.7781459651188084,0.5978829533443544
3,4,2,1,6,0,30,20,0,0,0.86,2.0,1,1,0,1,48.89651873013412,0.7397558935708476,0.5808147666034634
5,2,3,1,7,0,150,60,0,0,0.86,8.0,1,0,0,0,24.235229907946653,0.5664538983304033,0.046505047055502874
4,4,2,1,1,0,180,60,1,0,0.86,2.0,1,0,0,0,55.25068408011059,0.6739946799914875,0.05965416178733627
4,3,2,4,0,0,180,30,1,1,0.86,72.0,0,0,0,0,82.30086399235282,0.6476297815154909,0.07953315795548418
5,4,4,3,2,0,120,10,0,1,0.82,72.0,1,1,1,1,71.5801774584237,0.7412030842912797,0.8358359024052263
5,1,5,2,6,1,30,0,0,0,0.82,48.0,0,1,0,0,11.20186696199057,0.6967550615421244,0.36869505700004507
2,3,5,1,7,0,75,20,0,1,0.82,3.0,1,1,0,1,81.6325417635104,0.7602071198327315,0.6012071961207157
4,5,5,2,1,0,30,15,0,0,0.82,1.5,1,0,0,1,77.89114402254378,0.8159650730498267,0.25480987423487467
5,5,2,2,4,0,150,0,0,0,0.86,12.0,0,1,0,1,57.612677714904365,0.584665297743068,0.5974818809679215
3,3,4,1,8,0,180,0,0,0,0.86,12.0,0,1,0,0,127.43157621638301,0.5804777083568766,0.45432094455927396
3,1,2,3,6,0,75,45,0,0,0.82,72.0,1,0,0,0,17.95349640477336,0.6964530467381176,0.03321728433151401
5,3,1,2,0,0,150,0,0,1,0.86,3.0,1,1,0,0,40.587460061922194,0.7712178949984771,0.38307305405805475
1,5,2,5,4,0,90,45,1,1,0.86,3.0,1,1,1,1,40.25596530862408,0.5783196405833537,0.8263549353649147
4,2,3,2,3,0,60,30,0,0,0.82,1.5,1,0,1,1,66.45535203967451,0.7295194436046133,0.49323720697412676
3,5,5,4,0,1,150,10,0,1,0.86,4.0,0,1,1,1,151.43976399764458,0.73341821727342,0.889620567455957
1,1,5,4,6,0,30,45,0,0,0.72,48.0,0,0,0,0,21.71133631974418,0.7934811457432311,0.028930544011136608
3,5,4,5,6,1,150,20,0,0,0.72,1.5,1,1,1,1,101.58170698258533,0.5882919780834244,0.8665406995225505
3,4,1,1,5,1,60,20,0,0,0.72,4.0,1,0,1,0,125.85230660002571,0.5973316591513623,0.3520883215927551
3,2,4,2,6,0,60,15,0,1,0.86,3.0,1,1,0,0,73.74278257645874,0.6596182728767912,0.41298857594959715
2,1,1,1,8,1,180,60,0,0,0.82,3.0,1,0,0,0,138.87425725395246,0.6388742009480499,0.11786164410293816
4,5,4,2,1,1,30,60,1,0,0.72,3.0,1,1,1,1,77.10389826442864,0.5104230362899671,0.8556729863026548
5,2,2,3,5,1,180,20,1,1,0.86,24.0,1,0,1,1,74.88694238224555,0.7683623378359322,0.4961392646063151
1,2,2,4,5,0,60,60,0,0,0.86,2.0,1,0,1,0,41.82371798852127,0.6005170916607951,0.2958462822427585
3,3,4,5,4,1,45,60,0,0,0.82,2.0,1,1,1,1,145.68719002454878,0.6902978703376409,0.8888039424260643
3,1,2,4,7,1,60,15,0,1,0.82,48.0,1,1,0,0,47.71154414839771,0.7238435292640626,0.39113864905044743
5,3,5,5,0,1,180,10,1,0,0.82,24.0,1,0,1,1,84.27240225857597,0.5752487027098057,0.515914192316031
4,5,1,5,7,1,30,10,1,1,0.72,4.0,1,1,1,0,149.51579548262038,0.42136812004491686,0.7201814285852695
3,3,3,5,2,1,180,10,0,0,0.82,12.0,1,1,0,1,78.39246947851845,0.6024031058884783,0.6100934289068188
5,1,5,2,4,0,150,15,0,0,0.86,3.0,0,0,0,0,48.41226309581885,0.7922119745995188,0.04682000384191292
4,4,3,3,6,1,75,60,0,1,0.72,4.0,1,0,0,1,59.918113703790155,0.7097537097913219,0.25026264945046756
5,3,1,3,6,0,30,45,1,0,0.72,3.0,1,0,0,0,6.067848141433657,0.46999019341002857,0.04114591855558711
3,3,4,1,3,0,90,10,0,1,0.72,48.0,0,1,0,0,74.85545972621028,0.5370247221389868,0.4223119092677445
2,2,1,5,7,0,45,10,0,1,0.72,1.5,1,1,0,0,50.193416332104675,0.6026068570564107,0.40127979756078774
1,2,1,2,8,0,180,60,1,1,0.86,1.5,1,0,0,1,55.433756382901464,0.6842755233006286,0.249056550957557
3,5,2,5,7,1,180,45,0,1,0.82,2.0,1,1,0,1,41.767473881514455,0.6315611969337332,0.583635698802315
1,4,4,5,5,1,45,0,0,0,0.82,2.0,1,1,1,1,99.94736471021969,0.6778152149302393,0.859184511428363
2,4,4,4,5,1,120,15,0,0,0.72,4.0,1,1,0,0,40.7620956643829,0.5056850412016848,0.401776777558804
3,1,3,2,3,0,30,60,1,1,0.86,2.0,1,0,1,1,156.5156496810701,0.8116651395298012,0.5475272066869606
2,5,3,3,7,0,45,30,0,1,0.72,12.0,1,1,0,0,135.9679006387014,0.5852032698887756,0.45968103820025336
5,3,4,4,7,0,90,60,0,0,0.82,48.0,0,1,1,0,55.043206027853024,0.5843141273663202,0.6457934817695931
4,5,2,5,8,1,45,45,0,0,0.82,1.5,1,1,0,1,98.67892004293822,0.679871451078085,0.6181949451198262
5,5,2,5,3,0,120,20,1,0,0.86,72.0,1,1,0,1,97.84501953780813,0.7425412384595149,0.6132521263330395
3,4,5,1,6,0,60,60,1,0,0.86,8.0,1,1,0,0,14.421775343401675,0.6783323457166935,0.37213125269543257
1,4,2,1,5,0,75,45,1,1,0.86,12.0,1,1,0,1,59.24996124470251,0.5625805296511365,0.6001193370875555
2,2,4,1,8,1,150,60,0,0,0.82,12.0,1,1,0,1,20.99195577441207,0.6453749853786396,0.5688183882064366
4,3,5,1,6,0,120,10,0,0,0.86,24.0,1,0,0,0,73.32127652534984,0.6147011467481613,0.07585177074452862
3,4,2,1,5,1,120,45,0,1,0.82,8.0,1,1,0,1,131.47908410405066,0.6507291888315341,0.6421016795178264
2,1,1,5,3,0,180,10,0,0,0.86,8.0,1,0,0,0,17.09652881416921,0.7763258020929098,0.027054879729609124
3,4,4,5,4,1,120,30,0,0,0.82,1.5,0,1,1,1,51.76324807258153,0.628047727219056,0.8305454911430539
2,1,2,2,0,1,75,15,0,0,0.86,8.0,1,0,0,0,135.85045916505845,0.7736461097986077,0.1064117450908031
1,5,2,5,8,0,75,10,0,1,0.72,24.0,0,0,1,0,29.376695294511556,0.5137282093290902,0.29362348887663803
3,5,2,4,3,1,120,45,0,0,0.86,1.5,0,1,0,1,96.67239252795608,0.613928110193864,0.6214732939717336
4,3,1,4,2,1,120,60,0,0,0.82,96.0,1,0,0,0,70.3670406251298,0.7300095389855201,0.06581069268776679
4,5,3,3,0,0,60,20,0,1,0.86,1.5,1,1,1,0,114.63549547303944,0.6333465307550985,0.6820894064958362
3,1,2,4,7,1,60,10,0,0,0.82,12.0,1,1,1,0,20.6117846671348,0.8036748291147229,0.6074839517400594
5,4,4,1,2,1,180,30,0,1,0.72,3.0,1,1,1,0,58.93401340161944,0.7308152100708211,0.6381322775627889
2,2,2,3,6,0,60,15,0,1,0.86,1.5,1,1,0,0,77.36798154359549,0.576204912380438,0.4212443104957664
4,5,5,2,3,1,60,10,0,0,0.82,24.0,1,1,0,1,121.07797575868382,0.6572874305454837,0.6347085303676053
5,1,2,2,4,1,30,10,1,1,0.72,3.0,1,0,1,1,109.0172679397329,0.8161525290822554,0.5155475015907307
2,4,2,3,5,0,120,15,0,0,0.72,12.0,1,1,0,1,47.8460926716394,0.6272700920452354,0.5879884886712597
3,5,5,2,2,0,30,15,0,0,0.72,24.0,1,1,0,0,89.87410652014947,0.4971475627047556,0.43511574162410016
1,3,4,3,4,1,30,15,0,0,0.82,72.0,1,1,0,0,41.15589442171871,0.7649329377062382,0.38389195730837583
5,5,4,1,5,0,180,0,1,0,0.72,24.0,1,1,0,1,55.07048614058478,0.699674531705468,0.5877364402076738
4,1,2,3,8,0,60,60,0,0,0.86,24.0,0,1,0,0,41.15645559267399,0.7660874493575079,0.38381151560675714
2,5,4,3,3,1,45,60,0,0,0.82,4.0,1,1,0,1,50.00209754821314,0.6238189376043974,0.5896674060665009
2,5,5,4,3,1,180,10,1,1,0.86,72.0,1,1,0,1,67.25419515892955,0.5780377472151659,0.6043734878008914
2,5,1,4,3,0,180,20,0,1,0.72,12.0,1,1,0,1,77.70988513774194,0.5099777508498291,0.61610814753234
2,3,5,1,7,1,45,45,0,1,0.82,72.0,1,0,0,0,182.20586671069915,0.8184989753456133,0.13417564953293984
3,3,5,3,0,1,60,0,1,1,0.82,48.0,1,1,0,0,59.06694036226442,0.8509160833015393,0.3898138344104019
4,1,4,5,1,1,90,45,1,0,0.82,3.0,0,0,0,0,50.31897160221125,0.8135534736343788,0.04659723791373431
4,5,3,3,2,0,75,30,0,0,0.82,4.0,1,0,0,0,77.34154016217495,0.5903339749527954,0.08023764852808762
3,2,1,5,0,0,75,30,1,0,0.86,8.0,0,1,1,0,36.634217654316004,0.7771022343600174,0.6200256553643428
2,4,3,2,7,1,30,30,0,0,0.82,4.0,1,1,0,0,85.67891761424116,0.48524726826369174,0.4331519696310357
5,1,1,3,6,1,90,0,0,0,0.82,4.0,1,1,0,0,56.56307105756528,0.5982515668700344,0.40583110435747444
1,4,3,5,5,0,75,20,0,0,0.72,24.0,1,1,0,0,24.62319116699077,0.6837837686201909,0.3785505969745805
5,5,3,2,8,1,180,20,1,0,0.72,96.0,0,1,0,0,109.99968396302418,0.49996810618289544,0.44833535520921347
3,3,3,1,7,1,180,15,0,1,0.72,8.0,1,0,0,0,30.851629729205044,0.7748813873003098,0.036326056041781685
2,3,3,5,6,1,120,30,1,1,0.72,8.0,1,1,0,1,70.61716980018383,0.6021649392498017,0.6049265674526365
3,3,3,4,7,0,150,60,0,1,0.86,12.0,1,0,0,0,66.40243431891142,0.7245123062607549,0.0635524281076881
1,3,4,4,8,1,180,20,1,0,0.72,4.0,1,1,1,1,67.09571060750352,0.5897643793370754,0.8434469671847404
1,2,1,2,7,1,60,30,1,0,0.72,8.0,1,1,1,1,110.01591258098968,0.7751846137665639,0.8590810187570004
1,2,3,4,4,1,30,0,1,1,0.82,2.0,1,1,0,1,47.49254255764512,0.5741179904454816,0.5914734357072464
5,3,3,5,3,1,120,10,0,1,0.82,8.0,0,1,0,0,28.171219950760246,0.7412354005266472,0.3768943352636416
2,2,4,1,3,0,60,15,0,0,0.82,8.0,0,0,1,1,72.8902237260005,0.527129166485602,0.5116944408300083
2,1,2,5,3,1,90,20,0,0,0.86,96.0,1,0,1,0,47.154691212275814,0.7297406007410263,0.290354618756312
4,3,1,2,7,1,90,45,1,1,0.72,8.0,1,0,1,1,80.75087511335178,0.7694659311848395,0.49997130155929576
2,3,5,4,5,0,90,20,0,1,0.72,12.0,1,1,1,1,25.794800431228953,0.5266254771702624,0.820332750218901
3,5,5,1,7,1,120,0,1,0,0.82,4.0,0,1,0,1,162.6365758266981,0.5920913860793001,0.6669779868589144
5,1,4,2,7,0,75,15,0,1,0.72,24.0,0,0,0,1,17.85876897883127,0.7059661049754443,0.2224882186376064
5,5,1,1,7,1,90,15,1,0,0.82,2.0,1,0,1,0,60.41975991037321,0.47631698267462286,0.3169376511530252
1,3,5,2,5,0,120,30,0,0,0.86,2.0,1,1,1,0,65.08353456265539,0.7431503201519178,0.6413685006311362
2,2,1,3,7,1,45,20,0,0,0.82,72.0,1,1,0,0,24.776445596442073,0.7641525540849874,0.373026951611679
1,1,3,1,2,0,75,45,1,1,0.82,8.0,1,1,0,0,58.361355607817124,0.7982875988138024,0.3930274384882453
4,2,4,5,8,0,45,10,0,0,0.86,2.0,1,1,0,1,86.4498747355556,0.6995136988016211,0.6086672909075903
2,4,3,5,1,1,60,10,0,1,0.72,4.0,1,1,1,0,113.74759497605828,0.4662948922315687,0.6931910875278291
4,5,5,2,5,1,60,30,1,0,0.82,8.0,0,1,0,1,57.61502022079523,0.6263193552993126,0.5945676586095784
1,1,4,5,2,0,180,30,0,0,0.86,3.0,1,1,0,1,26.986274418684186,0.7871799717313515,0.5628882515912615
5,5,2,2,1,0,60,15,1,0,0.82,2.0,1,1,1,0,102.13448667188638,0.5994765662656347,0.6761262981426631
5,3,4,1,0,0,120,20,1,0,0.72,48.0,1,1,0,0,22.051180359662435,0.7958404185594399,0.3689919576072808
4,5,4,1,7,1,30,15,0,0,0.86,72.0,1,0,0,1,80.03352725413224,0.6080786733722454,0.270790177700031
1,1,4,1,8,0,180,45,1,0,0.82,1.5,1,1,0,1,100.09061748476864,0.6284182528247587,0.622737800625446
5,3,4,3,6,1,90,30,0,0,0.82,24.0,1,0,1,0,107.56203735886152,0.6792658876991164,0.3341594127669695
2,2,4,1,3,1,180,15,0,0,0.86,96.0,1,0,0,1,129.93712133420678,0.8033614692581518,0.2903894447080672
5,2,2,4,5,1,60,0,1,1,0.72,96.0,1,0,1,0,193.5860653238769,0.6617828410700896,0.39273257800767836
5,4,2,5,8,1,180,0,0,0,0.86,24.0,1,1,1,1,25.61128058449962,0.6161435216532372,0.8139441405406065
4,3,2,5,0,1,90,30,0,0,0.82,1.5,1,1,0,1,58.391446067560565,0.7251303505067062,0.5881685061762376
5,4,3,5,8,0,30,10,0,0,0.82,4.0,1,1,1,1,92.09938588458729,0.5720501590491698,0.861356079456283
3,5,3,4,3,1,120,15,1,0,0.82,48.0,1,1,0,0,104.78548199043124,0.6235449331769403,0.43620884267123505
4,2,1,3,0,0,150,30,0,0,0.82,12.0,1,1,0,0,30.324971192033935,0.8569929817579464,0.3702271387382997
5,3,1,3,3,0,60,30,0,0,0.86,24.0,1,0,0,1,54.490319421694515,0.6573672171406257,0.2503111744146192
4,5,3,2,0,1,180,20,1,0,0.72,4.0,1,1,1,1,102.55988927655726,0.6712315793727569,0.8613870489616119
1,5,2,2,1,1,45,10,0,0,0.86,3.0,1,1,0,0,133.4147483957188,0.8207046057871493,0.44149384319204543
5,3,5,4,5,0,150,60,0,0,0.82,4.0,1,1,1,1,37.52389496779848,0.7010804929001616,0.815940295475521
3,4,1,5,4,1,30,45,1,1,0.86,12.0,0,0,1,1,48.541800680749084,0.6309625902536037,0.48819381913608045
3,1,3,1,1,1,45,45,0,1,0.72,8.0,1,1,1,0,10.815690920561245,0.8510959961810068,0.597633740881037
2,4,1,5,8,1,45,15,0,1,0.86,48.0,1,1,1,0,55.470354824703,0.6340220250909446,0.6425986947934359
4,3,2,2,3,1,120,20,0,0,0.82,8.0,1,1,0,0,54.844878073106145,0.6570689143453262,0.40056842804456466
5,3,2,3,5,0,90,0,0,1,0.86,24.0,0,1,0,1,28.483873837976123,0.6622340107611824,0.5726328684720347
3,1,5,4,6,1,30,60,0,1,0.86,24.0,1,1,1,1,59.27712938038661,0.5426177108871546,0.8415348464914902
1,4,5,2,5,1,60,60,0,0,0.82,12.0,1,1,0,0,136.7089051255456,0.5339072114367434,0.4637657652831251
1,5,3,3,1,1,45,0,0,0,0.72,12.0,1,1,0,0,51.438525301345976,0.7260583703249448,0.39346826427815124
1,1,2,1,4,0,120,30,0,1,0.86,1.5,1,1,0,0,64.18055671054479,0.8323976654921633,0.39451920122257844
4,2,5,2,0,1,45,10,0,0,0.82,24.0,1,1,0,1,94.09959025519493,0.8527954906891597,0.6030373758218888
1,3,1,4,5,1,90,60,0,1,0.82,4.0,1,1,0,1,8.473628958246685,0.5358201230259386,0.5681416773603487
4,1,4,2,4,1,60,0,0,1,0.86,12.0,1,1,1,0,111.44094626160216,0.6795504786184201,0.6767254306711121
2,5,3,1,3,1,90,30,0,0,0.72,1.5,1,1,1,1,52.390047164608724,0.6494671080946902,0.8294640005431109
5,1,3,3,7,1,60,20,0,0,0.72,2.0,1,1,1,0,91.26536794800217,0.5407649711235822,0.6729900306533507
2,1,4,3,1,1,90,15,1,1,0.82,96.0,1,1,0,0,16.57946931326336,0.9020190512390233,0.357911645955444
3,4,4,3,7,1,60,45,0,1,0.86,3.0,1,1,1,0,166.39713415986833,0.3574964080200297,0.7359066742118435
5,4,2,3,3,0,75,60,1,0,0.86,3.0,0,1,0,0,130.09077473714552,0.7050048518074924,0.4473768435315726
3,1,4,1,1,0,90,45,1,0,0.82,48.0,1,0,0,0,79.85961977110767,0.7350557731254432,0.07178584239529076
5,5,1,3,3,0,60,0,0,1,0.86,72.0,1,0,1,0,18.0633206559349,0.9201102670056747,0.257634495080226
5,4,5,5,2,1,60,0,0,0,0.82,96.0,1,1,0,1,25.83268996025837,0.5650706132903464,0.5776668503765147
4,2,3,3,1,0,120,0,1,0,0.82,2.0,1,1,0,0,80.17611139825883,0.6899587214795244,0.41515363042860587
2,2,2,1,3,1,120,10,0,1,0.72,48.0,1,1,0,0,21.341820217331627,0.6217180245169591,0.3807076184287006
2,3,1,2,4,0,90,30,0,1,0.86,2.0,1,0,0,0,6.661063547203083,0.6688841011128746,0.027618821953567504
2,5,3,1,6,1,60,15,0,0,0.82,12.0,1,1,0,1,30.57711708805204,0.72341172264779,0.5697459241400227
5,2,3,1,4,1,45,60,0,0,0.72,96.0,1,0,0,0,95.30038812817054,0.7684624270846707,0.07974122218952008
1,1,1,4,3,0,75,0,0,1,0.86,3.0,0,0,0,1,150.28461237601107,0.8202355995606699,0.3027732496147605
3,3,3,3,2,0,120,45,0,0,0.82,72.0,1,1,0,1,155.3552668908009,0.698776992211896,0.6546557884723679
1,1,3,3,3,1,120,0,0,0,0.82,48.0,1,1,0,0,33.30799052963495,0.7899477770375382,0.376908982627129
4,3,3,2,8,0,90,60,0,1,0.86,1.5,1,0,0,0,53.85318354638045,0.6995659727732516,0.05693250427012603
5,3,4,3,7,1,120,15,0,0,0.86,3.0,1,1,0,1,94.11301919704196,0.6621145760290867,0.6163939924759919
1,4,1,1,6,1,60,15,1,0,0.72,4.0,1,1,0,0,49.16346227173243,0.7332550654409873,0.3914477869336192
2,4,2,1,5,0,120,30,1,0,0.72,1.5,1,1,0,1,41.32906265856294,0.6800201340514829,0.5799512990554382
5,1,5,1,8,1,90,30,0,0,0.82,96.0,1,1,0,1,17.808763060770435,0.611835355883852,0.5690440337953107
4,3,3,4,2,0,180,15,0,0,0.72,48.0,0,1,0,0,45.29357612008761,0.616494474096011,0.397041104226671
3,5,4,5,0,0,75,60,1,1,0.72,12.0,0,1,1,0,139.20948312322105,0.6682937415913073,0.6960257601707559
2,4,2,4,1,1,30,60,0,0,0.82,3.0,1,1,0,1,22.618062871144005,0.6587776142312471,0.5689642755845754
1,5,5,4,8,1,30,30,1,0,0.86,2.0,1,1,0,1,92.77053206612386,0.4454129429291707,0.630668115372374
4,1,3,3,0,0,180,30,0,1,0.82,4.0,1,1,0,1,78.19737269289328,0.8964892136843496,0.5893773368373578
4,5,1,4,5,1,60,0,0,0,0.82,12.0,1,0,0,1,85.76409234109273,0.5694437887390942,0.2773149963489919
4,3,4,3,4,1,90,30,0,1,0.82,12.0,1,1,0,0,32.60136410925129,0.5600121070133524,0.39253339524856623
5,2,2,3,1,1,30,0,1,1,0.82,96.0,0,0,0,0,39.00273189166322,0.7946241864544992,0.04037812820929387
4,4,3,3,8,0,45,10,0,1,0.82,12.0,0,1,0,1,71.44979414930245,0.6290108341475691,0.6036024377092052
2,1,5,2,3,0,45,45,0,0,0.86,8.0,1,0,0,0,30.697882343624677,0.7987542194104879,0.034552459537015634
4,5,1,4,8,0,180,45,1,1,0.82,72.0,0,1,1,1,70.12405690401133,0.5527203405157345,0.8480589474332395
1,3,2,5,8,0,120,15,0,0,0.72,24.0,1,1,0,1,24.53935851082037,0.5345482245730818,0.5789411966204313
2,3,4,5,7,0,90,30,1,1,0.72,3.0,1,0,1,1,57.8021598026091,0.6190983709499819,0.49519788723524066
1,2,2,4,0,0,30,45,1,0,0.82,1.5,1,1,0,0,115.65908236799423,0.8195946203269312,0.42973443148911095
4,4,5,1,5,1,45,15,0,1,0.72,3.0,1,1,0,0,32.67306939649138,0.7890511958509265,0.37654846255476276
2,4,5,2,7,0,180,60,0,0,0.86,12.0,1,1,0,0,102.55554135456894,0.6444967848196537,0.43325558596567026
5,2,5,2,1,0,75,20,1,1,0.82,1.5,0,1,0,0,40.50343274497981,0.7451242164886526,0.38484359334244755
4,1,2,4,1,1,180,20,0,0,0.86,24.0,0,0,1,0,64.01624985465467,0.7686603136605256,0.2988712779468663
2,1,5,2,5,1,30,0,1,0,0.82,3.0,1,0,0,0,58.15242444570271,0.8943770881116602,0.046161886795985596
1,4,4,3,0,0,30,10,0,0,0.72,24.0,0,1,0,0,26.162088898408733,0.6799022824597702,0.3798482328267553
1,5,3,3,7,0,150,30,1,0,0.86,1.5,1,1,0,1,43.57608834049232,0.4920676803620213,0.5946059879349868
3,1,3,3,0,1,60,60,0,1,0.86,72.0,0,0,0,0,30.41094185629047,0.6863096331993338,0.04223228691357361
1,1,2,1,2,0,180,15,0,0,0.72,3.0,1,1,0,0,12.975106079819824,0.8694944408082151,0.35778545986330484
4,4,4,2,0,1,60,45,0,0,0.86,3.0,1,1,0,0,53.429175763660474,0.6818537902083128,0.3978896851945251
3,2,2,1,2,0,30,45,0,0,0.86,24.0,1,0,0,0,45.14121325611387,0.7420235244338975,0.04815249546036976
4,5,2,1,4,0,120,0,0,0,0.82,4.0,1,0,0,0,67.38621794795215,0.7300393532031463,0.06382139057441454
5,4,1,5,4,1,120,45,0,1,0.82,3.0,1,1,0,1,22.692230394328423,0.6061953559301684,0.5726944786811072
4,4,2,1,4,1,45,0,0,0,0.82,4.0,1,1,0,1,25.07218289795521,0.7167883090964682,0.5665396069618841
3,5,1,5,0,1,30,45,0,0,0.72,72.0,0,1,1,1,30.832796330509474,0.6301183663445593,0.8164469119095539
3,3,1,5,1,1,60,45,1,0,0.72,12.0,1,1,0,0,214.80695187395975,0.7039762685985053,0.5039262957807444
2,1,4,4,3,0,45,20,0,0,0.82,72.0,0,0,0,0,11.368736907708518,0.7658340178370814,0.023970776689876648
5,3,5,1,4,1,90,60,0,0,0.72,12.0,1,1,0,0,48.22011547248181,0.5594488226439025,0.40298532606324805
3,3,1,5,4,1,180,10,0,1,0.82,2.0,1,1,0,1,102.44742768896805,0.7669363540006822,0.6146127403459309
2,1,4,4,4,1,150,0,0,1,0.82,12.0,1,1,0,1,35.91522459200801,0.6665209258988143,0.5772870182484217
4,3,4,3,1,1,150,45,0,0,0.82,8.0,1,1,0,1,30.12750068198541,0.7205740917150832,0.5696448140346011
3,3,2,1,4,0,180,30,0,1,0.82,48.0,1,0,0,0,21.75003250839095,0.7954961366857441,0.028815292104258546
3,5,1,3,2,1,180,10,0,0,0.86,12.0,1,1,0,1,65.43351616071124,0.6044058611624812,0.6013139338257671
3,1,1,4,3,1,30,60,0,1,0.82,3.0,1,0,0,0,52.66093387422289,0.7493522331407649,0.052652632929628386
4,2,5,4,0,1,120,10,1,0,0.86,12.0,1,1,0,0,145.34814889868755,0.5403495804757492,0.46907429529915595
2,3,5,3,2,1,45,30,0,0,0.86,2.0,0,1,0,0,158.19126790632248,0.6782433833191914,0.4679838084385383
3,1,1,5,2,1,90,10,0,1,0.82,1.5,0,1,1,0,46.19137113972043,0.7564843292364966,0.6278403443799256
4,2,2,5,4,0,150,20,0,0,0.72,1.5,1,0,0,1,68.28111766517043,0.6781047429322198,0.25805341310485824
1,1,4,3,2,1,90,10,0,0,0.82,96.0,1,0,0,0,56.46101248179535,0.7569406620620166,0.054654828643522405
2,3,2,4,3,0,150,20,1,1,0.72,96.0,1,1,0,0,49.8220902697674,0.5630251029211931,0.4038029696420281
4,5,5,5,1,1,90,30,0,1,0.86,4.0,1,1,1,1,13.745194317482273,0.644792904756423,0.8040279595453719
4,5,5,5,0,0,60,0,0,0,0.86,12.0,1,1,0,1,55.76060788666414,0.5372166761983959,0.5995685712572217
3,5,1,4,5,1,60,60,0,0,0.82,12.0,1,0,0,1,240.0,0.4440295909683174,0.38891792863221775
5,1,2,5,4,0,60,60,0,0,0.82,48.0,1,0,0,0,75.20885562818023,0.6245315408054245,0.07642202922907378
3,1,2,2,3,0,60,0,0,1,0.72,4.0,1,1,0,0,104.22571058095363,0.7723202526354959,0.4254213893694844
4,1,1,3,0,1,30,45,0,0,0.86,12.0,0,0,0,1,0.419969851295938,0.8470500507856608,0.2009864763458677
4,5,1,4,8,0,150,10,0,0,0.72,2.0,1,1,0,1,45.22804550320092,0.47826404955671314,0.5966735468664974
4,1,4,5,7,1,75,20,0,0,0.86,2.0,1,1,0,0,135.07074324966555,0.5579066356392024,0.46099369767169956
3,4,2,4,3,1,120,60,1,0,0.72,12.0,1,1,0,1,63.48169994032695,0.6730734557747295,0.5952059913893202
1,1,5,2,4,1,45,15,0,1,0.72,2.0,1,0,0,0,116.44313689119471,0.6121448378796802,0.10477861927588553
4,5,3,1,6,1,30,15,1,0,0.72,72.0,1,1,1,1,36.49794178169789,0.5094454233495935,0.8286707815533271
2,5,5,5,5,1,30,30,0,1,0.82,8.0,1,1,0,1,132.49735628917728,0.5358164143008379,0.650824421858393
1,1,1,1,1,1,150,60,0,1,0.82,72.0,1,0,0,0,59.10653441941086,0.9729409013029084,0.04129849318840365
3,3,5,4,2,1,60,15,1,0,0.86,8.0,1,1,0,0,37.12188005116338,0.613678408115047,0.39179043146605563
3,1,3,4,4,1,150,10,0,0,0.72,24.0,1,0,0,0,40.16240358644014,0.7778825831068876,0.042323154906811294
1,3,3,5,3,1,120,20,0,0,0.86,8.0,1,1,0,1,40.24347231679903,0.6351525837017903,0.5823683006854075
5,3,4,2,4,1,150,15,0,0,0.82,8.0,1,0,0,1,111.24720006055415,0.5877529545249514,0.2930220932236229
2,5,1,1,8,0,120,60,0,1,0.82,2.0,1,0,0,0,94.07128798131696,0.6775016336656553,0.08528907763094876
4,4,1,1,6,1,150,15,1,1,0.86,24.0,1,0,0,1,123.89539724998008,0.6349872197732769,0.29814782611585733
4,4,4,1,7,1,75,15,0,0,0.72,24.0,1,1,0,0,30.82639070542661,0.5498115292807882,0.3920641200872959
3,1,2,3,0,0,30,60,1,1,0.86,12.0,1,0,0,0,48.626950574801725,0.8238339026399085,0.044749593865074225
1,3,2,5,2,1,150,30,1,1,0.72,96.0,0,0,0,0,96.8988863663585,0.6265552282826746,0.0907403915977851
1,2,4,4,4,0,30,10,1,1,0.82,8.0,0,0,1,0,93.85026992398377,0.6858505489906948,0.3245573081866406
4,2,2,1,3,0,90,10,1,0,0.72,3.0,1,1,0,0,26.19892922163406,0.7538496414663083,0.3746964779117812
4,2,5,5,7,0,60,20,0,0,0.82,4.0,1,1,0,0,84.23692653068196,0.6540374981813071,0.42037532614776313
5,2,5,1,4,1,150,20,0,1,0.86,3.0,1,1,1,0,135.76944497881263,0.6212123494337117,0.6970280988588486
3,2,5,5,1,1,60,15,0,1,0.72,48.0,0,0,0,1,44.46922534032067,0.6132258768389426,0.24672033884815447
2,5,5,5,4,1,45,15,0,0,0.82,12.0,1,1,1,0,54.5771067641535,0.6671544128266467,0.6396839289449038
1,5,2,2,7,1,45,15,0,0,0.82,12.0,0,1,0,0,95.37345628207231,0.5538337093716806,0.4348139445320306
2,5,4,1,7,0,30,10,0,0,0.72,4.0,1,1,0,0,155.93792755863294,0.6647361673844333,0.4674270866555117
4,4,4,5,1,1,60,20,0,0,0.72,1.5,1,1,0,1,74.06856984182916,0.5672836509075556,0.6096691909976906
1,5,4,1,3,1,150,15,1,1,0.72,8.0,1,1,0,1,38.23472329895111,0.7240001832428847,0.5748098027056322
3,3,3,2,8,0,150,20,1,0,0.86,96.0,1,0,1,1,80.81141785557364,0.6311818908488187,0.5096915462109651
2,2,5,2,3,0,150,15,0,0,0.82,2.0,1,0,0,0,55.81100357952715,0.7166707066799896,0.0570403862520855
1,2,4,1,7,0,120,10,1,0,0.86,72.0,1,1,0,0,23.063037552288204,0.7210964197136218,0.3748986089882386
3,1,1,3,4,1,120,20,0,1,0.72,72.0,1,0,1,1,10.371451730240262,0.7429711068695569,0.4549063236726245
5,3,4,5,4,1,60,10,0,0,0.86,24.0,1,1,1,0,124.82376209641309,0.5753328123732416,0.6929425445314819
1,4,5,2,5,1,120,60,1,0,0.86,3.0,1,1,0,0,66.26858799320001,0.6298179226447114,0.4100918040770036
2,1,5,2,6,1,150,60,1,1,0.82,3.0,1,0,0,0,63.80339633902286,0.7128334879356479,0.06263725340385322
4,2,1,1,2,0,60,0,1,1,0.86,4.0,0,0,0,0,27.727763066511173,0.7553083883493943,0.035613588193216514
5,4,3,4,8,1,180,10,0,0,0.86,24.0,1,1,0,0,201.49355753026472,0.5933107071780823,0.502797288851044
4,5,5,2,2,0,180,0,0,0,0.82,24.0,1,1,0,1,55.590519938352074,0.6686221925234161,0.5902567931489289
1,5,5,2,7,1,75,10,0,0,0.72,24.0,1,1,1,1,53.61326520395701,0.6593963770256378,0.8295844304108434
1,2,1,2,5,1,60,60,1,1,0.82,1.5,1,1,1,1,99.0187130640191,0.7250436309013315,0.8552594212129195
2,1,5,3,2,1,75,10,0,0,0.82,4.0,1,0,1,0,105.49560265846664,0.5484588449368573,0.3419382826267311
5,4,4,3,0,1,30,15,0,1,0.86,72.0,1,1,1,0,29.173805793696715,0.8797924431493628,0.6078637328420092
3,4,1,1,5,1,30,60,0,1,0.86,2.0,1,1,0,0,89.75901130914731,0.7679194770188676,0.4160849774814442
4,5,1,1,6,1,120,30,1,0,0.82,24.0,1,1,1,1,32.82541873496096,0.7184538073238447,0.8115918459773048
3,5,2,2,0,0,75,60,0,0,0.82,3.0,1,1,0,1,74.5312968724226,0.8292938922678139,0.5916369587895348
4,2,2,1,2,1,30,0,0,0,0.82,12.0,0,1,0,0,74.47134911865538,0.7039659700551955,0.4103699481752399
4,1,3,4,2,0,90,30,0,1,0.86,1.5,1,1,0,1,35.511111474469374,0.6293751673419364,0.5796178126023774
1,4,4,4,3,1,60,0,1,0,0.82,4.0,1,1,1,0,59.7565913565677,0.6114263941460677,0.6470378799808204
4,1,4,2,1,1,45,10,1,1,0.72,8.0,1,0,1,0,100.07494525015215,0.7997947529166516,0.3207309974626025
3,3,3,3,0,1,180,60,0,0,0.86,96.0,1,0,0,0,64.99331672577803,0.6702724974283274,0.06640980299720244
3,3,2,2,0,1,30,15,1,0,0.82,4.0,1,1,0,0,53.42770460728125,0.8057349645649379,0.38921702221864185
1,5,1,2,1,1,90,20,0,0,0.82,4.0,1,1,0,1,43.333275512494616,0.7138557564447128,0.5789189473905333
2,1,2,1,3,0,120,45,0,0,0.82,3.0,1,0,0,1,43.22453029406819,0.6495511207369213,0.2433477750777943
3,2,1,2,8,0,45,10,0,0,0.72,8.0,1,1,0,1,48.696649220903446,0.60476307685849,0.5901310174338413
1,1,1,5,1,1,60,15,0,1,0.86,48.0,1,0,1,0,33.507712801265036,0.8095658388510943,0.27566886648126676
1,3,5,2,5,0,60,30,0,0,0.86,4.0,1,0,0,0,75.06122274348436,0.6422743037952467,0.07508161389665563
2,2,3,1,6,1,75,45,0,0,0.72,8.0,0,1,0,1,20.421989236697527,0.7778325897322951,0.5591663782098711
3,4,5,4,8,1,90,10,1,0,0.86,96.0,1,1,0,1,169.42643082501098,0.7229210886366805,0.6623464776787731
2,1,5,1,0,1,180,20,1,1,0.72,72.0,1,0,0,0,185.92698880520453,0.8051403229669456,0.13759150326245018
4,2,3,1,3,1,150,30,0,1,0.72,24.0,1,1,1,0,81.55809850486962,0.8982296159694153,0.641495992552054
5,3,5,3,7,1,60,0,0,0,0.86,48.0,1,0,1,0,36.83490483327424,0.4599617208362232,0.3023592827636472
1,5,1,1,4,1,150,10,0,1,0.72,2.0,0,1,0,1,29.96792125583658,0.6481325812015588,0.5746093334864486
1,1,3,1,5,0,90,30,1,0,0.72,48.0,0,0,0,1,1.6343362133608006,0.7315721485199274,0.20987950707917896
4,3,4,3,3,0,30,45,0,1,0.86,3.0,0,1,1,1,98.47337072695981,0.4959738634660462,0.87093074337535
3,3,4,4,5,1,150,20,0,0,0.82,12.0,1,1,1,1,79.81351840954663,0.5094088344056671,0.8575503938646344
3,3,3,2,4,1,90,60,0,0,0.72,96.0,1,1,1,0,53.25782415421638,0.7299128823526746,0.6344113143381237
2,3,4,4,7,0,90,20,0,0,0.72,3.0,1,1,1,1,89.42702308871517,0.6326190645052535,0.8553346808771091
3,3,2,5,6,1,180,10,1,0,0.82,72.0,1,1,0,0,150.6718283643082,0.752719111888246,0.45775754774402827
2,2,1,2,3,0,75,10,0,0,0.82,96.0,1,1,0,0,40.071470684363774,0.8906189824420544,0.37437098501863203
4,4,1,2,5,1,60,20,0,1,0.72,48.0,1,1,0,1,115.3919342606626,0.7325039482575046,0.6256526797957497
2,1,4,4,4,1,120,20,0,0,0.82,72.0,1,0,0,0,89.12148642458745,0.6851741631872152,0.08145213285995323
2,1,2,4,7,1,30,15,0,0,0.86,1.5,1,1,0,0,30.460021264547713,0.7939099915203256,0.37473298143660905
5,2,4,4,4,0,120,45,0,1,0.86,96.0,1,0,0,0,56.75098434982023,0.6024890860709815,0.06565975354157812
4,5,3,3,0,1,30,45,0,0,0.82,3.0,1,0,0,0,89.55337845630524,0.7257470687829244,0.07889995748939879
1,1,2,2,4,1,90,30,0,1,0.82,1.5,1,0,0,1,110.29808330194076,0.7630345409697815,0.28011963766674247
3,1,4,3,1,1,75,60,0,1,0.86,72.0,0,1,1,0,54.876772662672664,0.8797333559098556,0.6250031801947585
4,1,5,4,2,1,30,45,0,0,0.72,3.0,1,1,0,0,43.645883064274756,0.6025315324929177,0.39692004810167897
1,1,2,4,8,0,75,45,1,0,0.72,8.0,1,0,0,1,63.60326402097634,0.6216418819140671,0.25888724427999954
4,3,5,2,6,1,60,60,0,1,0.72,72.0,1,1,1,0,89.63799949899983,0.5991860673605014,0.6678156416174316
2,1,1,3,1,0,75,45,0,0,0.82,12.0,1,0,0,0,54.49234663019031,0.8261231524678302,0.04849961041404543
3,3,1,4,4,0,180,30,0,0,0.86,96.0,0,1,1,0,130.16491233070994,0.7531149598786896,0.6840585610289651
1,2,4,2,4,0,180,20,0,0,0.86,3.0,1,0,0,0,156.3719981484403,0.6819121168431445,0.12651415058660676
3,1,1,4,4,1,45,15,0,0,0.86,96.0,1,0,0,1,30.889006524863262,0.671266315126641,0.23360402895771065
2,5,5,3,5,0,45,20,0,0,0.82,4.0,1,1,0,1,64.4440571013075,0.6567182621829706,0.5969924263813972
1,3,2,4,1,1,90,60,0,0,0.82,2.0,1,0,0,0,61.814284872031365,0.6910968076974219,0.06283274670920137
1,2,5,3,5,0,90,20,0,0,0.86,72.0,1,1,0,1,42.596971631399626,0.6131882616185672,0.5854748027743001
5,2,3,2,3,1,120,30,0,0,0.86,8.0,1,1,0,0,109.92496562825666,0.7579536941416123,0.43022655182892494
1,1,3,1,6,1,90,60,0,0,0.72,12.0,1,1,0,0,87.92788842327273,0.818184474771897,0.41134567904814906
4,2,2,1,1,0,120,10,0,0,0.82,2.0,1,0,0,0,56.80795676246912,0.6765661477324509,0.06051234083370785
5,1,1,2,8,1,75,30,0,0,0.82,48.0,1,0,0,1,50.08981924632808,0.9090642717543789,0.22975871380807888
5,2,3,1,6,1,30,15,1,0,0.86,4.0,1,1,0,1,120.14843056312239,0.6349950248427275,0.6356493019697574
3,4,4,1,4,0,75,45,1,0,0.86,1.5,1,1,0,0,37.557806743873236,0.6963984289927162,0.3862906477997587
4,5,2,2,2,1,30,10,0,0,0.86,2.0,0,0,0,0,135.3922397068592,0.6975704164109874,0.11143156398913702
1,2,4,3,6,1,180,10,0,0,0.86,24.0,1,1,0,1,47.988002582259384,0.6285755637552236,0.5879917122586407
3,1,3,2,0,0,45,60,0,1,0.72,1.5,1,0,0,0,122.4372685861961,0.8968934959401218,0.0888423010083222
4,3,2,5,2,1,30,20,0,0,0.82,3.0,1,0,1,1,65.14371685122242,0.6825928693770752,0.4956476437110863
5,1,5,4,4,1,120,45,0,0,0.72,12.0,1,1,1,1,43.958336708376805,0.5685191415449464,0.8295092178974383
2,4,3,3,4,1,60,10,0,0,0.72,3.0,0,1,0,1,37.40636002615646,0.6257539628645223,0.5811347959502544
2,1,5,3,7,1,120,15,0,0,0.72,4.0,1,1,0,1,39.54266891778391,0.6581438415061327,0.5802917103730934
5,2,1,2,0,0,45,10,0,0,0.82,72.0,1,0,1,1,16.561386398995694,0.7419590305645469,0.45910379212647884
1,1,2,2,4,1,150,20,0,0,0.82,8.0,1,1,0,0,14.137053308372016,0.8213738847259623,0.361928530274764
4,2,2,1,7,1,45,0,1,0,0.86,72.0,1,1,0,1,37.594445684090005,0.6639399951667028,0.5785871641277242
4,1,2,1,3,0,45,20,0,1,0.86,72.0,1,0,0,0,43.60931242684077,0.8396660904581456,0.040296248619156996
5,5,2,1,0,0,180,15,1,1,0.82,2.0,1,1,0,1,76.32865295236407,0.7646103235139725,0.5973630459889313
3,2,4,4,5,0,90,45,1,0,0.72,1.5,1,1,1,1,222.44879177889146,0.7056732947597087,0.9389020638860814
2,4,4,5,6,0,90,60,0,1,0.72,96.0,1,1,0,1,47.37878383783607,0.5923920017727585,0.5901184157677976
4,5,5,1,2,1,150,60,0,1,0.82,3.0,1,0,1,0,74.23787663143621,0.6031119694694187,0.31727407989143147
3,1,2,4,0,1,30,15,0,0,0.72,24.0,1,0,1,0,80.77917801972691,0.7798019744603732,0.3092666471342585
3,5,1,3,5,0,60,10,0,0,0.82,72.0,1,1,0,0,75.25124720852143,0.5228628000778556,0.4235671021335644
4,4,4,3,2,0,90,15,0,0,0.86,3.0,1,1,0,0,56.483672281244324,0.4827794723196587,0.4138612184584535
5,3,1,5,8,0,120,30,0,1,0.72,8.0,0,1,0,0,16.6703690800694,0.5699365312367426,0.38121802220014095
2,2,2,2,5,0,75,0,1,0,0.86,8.0,1,0,0,0,103.61937924658672,0.6525209759244047,0.09340311784968283
3,2,3,3,4,0,45,10,1,0,0.82,24.0,1,0,0,1,6.396213545955341,0.6239295475948371,0.22058907403233163
3,3,5,5,3,1,45,60,1,1,0.82,72.0,1,1,1,1,152.47544263859933,0.5170985987222675,0.9054533931818408
1,3,1,5,7,0,90,0,1,0,0.72,12.0,1,1,1,1,111.94861838470814,0.5115993773672127,0.8788204558407673
3,1,2,2,0,0,180,60,0,1,0.86,1.5,1,0,0,0,21.74315655575407,0.7990291599686261,0.02856339650603222
4,3,2,2,3,0,75,30,1,0,0.86,2.0,1,1,1,0,101.26982007376454,0.7263296544540531,0.666670137570726
2,1,3,4,0,0,60,30,0,1,0.86,8.0,1,1,1,1,75.71231666946134,0.7773961604641925,0.8360571465471475
5,4,5,1,8,1,60,10,0,0,0.72,48.0,1,0,0,0,63.290422856277885,0.5560944369622286,0.07326700465016259
1,4,4,1,8,1,90,60,0,0,0.72,8.0,0,1,0,0,170.69026111172198,0.6127122971775425,0.4809036466053867
5,4,2,5,7,1,180,30,0,1,0.72,48.0,1,1,1,1,74.87755598564723,0.6119820631448951,0.8470796262369555
3,5,4,4,7,1,150,20,0,0,0.82,12.0,1,1,0,1,80.71619933223226,0.6224413077846432,0.6102399080098965
1,3,2,1,5,0,60,45,1,0,0.72,4.0,1,1,0,1,59.07161119328711,0.6646964993928913,0.5928523191713557
1,2,3,5,2,1,75,30,0,0,0.86,8.0,1,1,1,1,43.00909257380893,0.8423889860374332,0.809705499359919
4,5,5,4,3,1,45,0,0,0,0.72,24.0,1,1,0,0,60.183366330126084,0.6603155115454603,0.40390015841190186
3,5,5,3,6,1,45,15,0,0,0.82,1.5,0,1,1,1,47.14956580617181,0.714020763161326,0.8214515904494883
2,4,5,3,2,1,150,60,0,0,0.86,1.5,1,1,0,0,96.668434287364,0.7977405594371672,0.418603783697641
3,4,2,1,0,0,60,60,0,1,0.82,4.0,1,1,0,1,31.057199821730354,0.7202296365777507,0.5702887253207111
2,4,2,2,2,1,30,15,0,0,0.72,2.0,1,1,0,1,40.75500831023621,0.6724500499349989,0.5800985020447076
3,4,2,1,7,1,90,0,0,1,0.86,12.0,1,1,1,0,67.04948648920615,0.7501665286145226,0.6421880006564543
4,4,5,4,1,0,90,0,0,1,0.82,4.0,1,1,1,1,73.48551810843416,0.6494627345325803,0.8435279539883421
2,3,1,5,2,0,75,60,1,1,0.86,72.0,0,1,1,1,117.89061236640659,0.7642461856108325,0.8650965085848461
3,1,2,5,8,0,45,10,1,0,0.82,2.0,1,0,1,1,62.077306847444575,0.4258451462563548,0.5115757109936848
5,4,4,5,6,1,30,20,0,1,0.72,24.0,1,1,1,0,187.93929034507116,0.6545082169959767,0.729477285040329
1,2,2,5,5,1,75,30,0,1,0.86,48.0,1,0,1,0,91.64743929225281,0.6607034936118814,0.3248490483086702
4,3,2,1,2,1,30,15,0,0,0.86,96.0,1,0,0,0,53.63988143489098,0.8490260742788672,0.046328095757073286
3,4,4,4,4,0,45,0,0,0,0.82,72.0,1,1,1,1,89.72812149725615,0.6609015189273351,0.853555641339924
1,5,5,2,8,1,120,0,0,0,0.72,8.0,0,1,0,1,66.74425613765641,0.5096876407935969,0.6088180359028859
2,5,5,1,0,0,45,10,0,1,0.72,2.0,1,0,0,0,124.3495781232305,0.7072170541815751,0.10339452495611008
3,2,3,2,8,0,180,45,0,0,0.72,1.5,1,0,0,0,85.36389252924029,0.6857218840574377,0.07890872980213956
3,1,1,3,8,0,180,0,0,0,0.86,4.0,1,0,0,0,20.925887953811,0.6143356364308417,0.04094709741904842
5,1,1,1,4,1,30,0,0,0,0.82,96.0,0,0,0,0,28.295747359786667,0.7677915251949681,0.03511842480954335
5,4,4,4,8,0,45,20,1,0,0.86,3.0,0,1,1,0,69.09964618550751,0.5443320397975719,0.6579631880045084
2,4,4,5,6,1,180,30,0,1,0.72,2.0,1,1,1,0,202.0354174243849,0.7492706372101432,0.7322413336782133
4,4,5,2,2,0,45,10,0,0,0.72,2.0,1,1,0,1,63.05205538776929,0.7176779312426217,0.5917972484048628
5,4,4,4,2,0,150,20,0,0,0.72,2.0,1,0,1,1,90.92382664750855,0.6699788900995286,0.5137173621247053
5,1,3,3,1,1,90,20,0,0,0.72,8.0,1,0,0,0,134.7035043433142,0.7821135842263266,0.10505438533303328
2,5,5,3,8,0,90,15,0,1,0.82,3.0,1,1,0,0,175.70698449322515,0.6575234144619141,0.48111135064981614
1,1,2,5,2,1,180,0,0,1,0.72,72.0,1,1,0,1,56.965435847014604,0.7267734581308312,0.587102815162185
2,4,4,3,3,1,30,60,0,0,0.86,72.0,1,1,0,1,125.36936806474999,0.7401639528031025,0.6317681020136162
5,4,2,1,5,1,75,30,0,1,0.82,72.0,1,0,1,0,67.03830011116216,0.642445388331495,0.3097210228909035
1,3,5,4,2,1,180,60,0,0,0.86,72.0,1,1,1,0,118.25542810147961,0.6315237679576498,0.6846302883106177
4,2,5,1,8,1,45,10,1,0,0.72,4.0,0,1,0,1,33.8641482126569,0.663496717889289,0.5761313285561878
4,3,3,5,5,1,75,10,0,0,0.86,2.0,1,1,1,0,80.07178456575143,0.5269304660676045,0.6664960570857688
2,1,3,2,5,1,120,15,0,0,0.82,8.0,1,0,0,1,33.99034548974349,0.7477655405184673,0.23031664249020295
1,3,5,5,5,1,60,30,0,0,0.86,48.0,1,1,0,1,44.66651065754978,0.7440194297087107,0.5776963136920901
3,5,3,4,2,1,90,0,1,1,0.82,1.5,1,1,1,0,96.70375750859893,0.517547560205337,0.6782408424580257
3,3,5,4,5,1,45,45,1,1,0.72,12.0,1,1,1,1,23.32618510671597,0.469809458913402,0.8226641279472059
4,3,1,2,6,0,30,15,0,1,0.72,8.0,0,1,1,0,70.84652432446941,0.5995465704355287,0.6552627562858261
2,5,1,4,3,0,60,10,0,1,0.86,2.0,1,1,1,1,22.205977404763445,0.6006558306402129,0.812758076791694
5,1,5,3,0,1,60,20,1,1,0.72,1.5,1,1,1,0,98.62852346140141,0.8405902358556929,0.6569110324643692
5,1,4,2,7,1,75,60,1,1,0.86,24.0,1,0,1,0,28.27513884387042,0.7354372150914991,0.27736948750617535
1,1,2,2,2,0,60,10,0,0,0.86,24.0,0,0,0,0,93.06138514866065,0.7830991952801576,0.07722397976282941
1,5,4,5,5,1,150,45,0,1,0.82,12.0,1,1,1,1,62.71874739398443,0.5972284689252616,0.840006505437888
1,1,2,2,5,0,30,10,1,0,0.86,3.0,1,0,0,0,32.003802584188925,0.8811731947670368,0.02965374475576671
5,1,1,1,8,1,150,60,0,1,0.82,96.0,1,1,0,0,24.58205584876668,0.7261984411230361,0.37555414635389867
2,4,2,3,3,0,150,0,0,1,0.72,24.0,0,1,1,1,87.20573672981865,0.4015170677416826,0.8700309630779612
3,1,1,2,3,0,180,15,0,0,0.72,1.5,1,1,0,1,39.544797165056956,0.8805431632446945,0.5647251766829093
3,5,2,4,1,0,90,15,0,1,0.72,24.0,1,0,1,1,60.535693248364254,0.603559023450999,0.4981079971906729
5,3,5,2,8,1,60,60,1,1,0.86,2.0,1,1,0,0,54.32238805325371,0.5945012469574517,0.4045998380818142
5,5,1,4,7,1,120,30,1,0,0.86,72.0,1,1,1,0,69.69036106212386,0.4536722924731672,0.6647031802349609
5,1,3,5,0,0,45,45,0,0,0.82,3.0,1,1,0,1,37.86013011431112,0.6904809993765895,0.5769064167865128
2,5,5,5,6,1,180,30,0,0,0.72,1.5,1,1,0,0,92.99873807417156,0.6035908016625965,0.42974780259973266
4,5,4,3,1,0,150,0,0,0,0.82,2.0,1,1,0,0,57.319884178812,0.5472580088705561,0.4099051954982691
4,4,2,1,0,0,150,0,0,0,0.72,1.5,1,0,0,1,25.131573966122097,0.820557358429502,0.2193153675540163
3,1,3,2,2,1,75,15,0,1,0.86,72.0,1,0,1,0,81.01534539008279,0.7785944370839232,0.3095086196641806
3,1,5,1,8,1,180,30,1,0,0.72,3.0,1,1,0,0,72.57846681944636,0.6663575446885237,0.41174061641810095
3,1,2,5,4,1,45,20,0,0,0.72,12.0,1,0,0,0,142.0102302444193,0.8595458015996822,0.1045052807176351
3,4,1,5,7,1,120,30,0,0,0.86,3.0,1,1,1,0,137.50355781448752,0.5491965006402859,0.7032252834981717
1,5,5,1,6,0,75,15,1,0,0.86,8.0,1,1,0,1,39.17712669886689,0.7661310742790459,0.5724889092663781
5,1,3,1,3,0,30,15,1,0,0.82,12.0,1,0,0,1,24.23932432229413,0.9956575863904782,0.20646351850086261
5,2,1,3,4,1,180,20,0,0,0.82,8.0,1,1,0,0,112.6697645572657,0.8321282855698139,0.4268641963816235
3,5,5,5,6,1,180,30,0,1,0.86,2.0,1,1,1,1,122.0760987886667,0.6830165028974073,0.8735729106562927
4,2,4,4,0,1,75,20,0,0,0.72,72.0,1,1,1,1,72.5054287259952,0.7843883401427438,0.8334297686740048
2,5,4,4,1,1,30,20,0,0,0.86,1.5,1,1,0,0,112.19135857928708,0.7620814296506686,0.4314485389773113
3,2,1,1,6,1,60,45,0,0,0.72,72.0,1,0,0,0,17.559578104576236,0.861520303106161,0.021399964185619555
2,4,5,3,3,0,60,45,0,0,0.72,96.0,1,1,1,1,49.77848062866322,0.6358028503445867,0.8286794542283211
4,4,3,1,6,1,120,20,0,0,0.72,96.0,1,1,0,0,61.88352467768675,0.6327342191237789,0.4069642877797933
4,3,5,2,6,1,75,60,0,0,0.82,1.5,1,0,0,1,41.107128057643195,0.5662043619672364,0.24777044670072224
5,1,1,5,7,0,45,60,0,1,0.82,72.0,0,1,1,1,51.08767331529653,0.7208328714097565,0.8236001478781815
5,1,2,3,3,0,45,0,0,0,0.86,4.0,1,0,0,0,43.360143409205605,0.6201577256678932,0.05549572147605122
1,4,3,2,7,1,30,0,0,0,0.82,8.0,1,1,0,1,126.96070067592638,0.6868652770066096,0.6365598977268216
2,1,1,5,7,0,30,15,0,1,0.82,3.0,1,1,1,1,139.74675465070555,0.4656384707743401,0.9005698101462666
4,5,4,4,7,1,180,60,0,0,0.72,48.0,1,1,0,1,49.53847312284169,0.5368860862167022,0.595443622713392
3,2,5,2,2,1,120,0,0,0,0.82,24.0,1,0,0,1,63.7590733111785,0.7567442655799295,0.24953395028352393
1,1,1,3,0,0,180,10,1,0,0.72,96.0,1,0,1,0,47.48165970043447,0.892693722126747,0.27916587925141734
1,1,5,1,0,1,60,60,0,0,0.82,2.0,1,0,0,1,48.62449690729814,0.7875331467015891,0.23728901100242086
3,3,3,4,4,1,60,60,1,0,0.82,48.0,1,0,0,1,49.74119644461281,0.7639589174611395,0.23968367340746213
2,1,3,5,4,1,30,30,1,0,0.86,72.0,1,0,0,0,29.4118385728774,0.7330937342128364,0.038291330987019714
3,1,3,5,6,1,150,15,0,1,0.86,72.0,1,1,0,0,102.82622754194247,0.5959827844129328,0.43683202345238975
1,3,3,2,0,0,60,30,0,0,0.82,96.0,1,0,0,1,31.563459179096828,0.7583064258521972,0.22796085630974408
2,5,1,1,1,1,75,15,0,0,0.86,1.5,1,1,0,0,40.63691408619206,0.7333040152560198,0.38575999498954
5,4,4,3,7,1,90,60,0,0,0.82,24.0,1,1,1,0,150.3312773669154,0.6447716029815275,0.7050868393692368
1,4,4,4,1,1,90,45,0,0,0.72,24.0,1,1,0,1,120.46713322050503,0.6488732377758515,0.6348902955026938
2,1,2,4,8,0,60,20,0,1,0.72,3.0,0,1,0,0,17.091747289267538,0.6080065086289834,0.37883404258881626
2,4,2,1,4,1,75,20,0,1,0.82,4.0,1,1,0,1,157.7220270214054,0.7062429380693608,0.6557110123494151
1,1,4,3,6,0,60,0,1,0,0.86,72.0,1,0,0,1,48.56421422219651,0.713860362018596,0.24240591747349596
4,4,3,5,4,1,150,0,0,1,0.72,3.0,1,1,1,1,65.29011740765814,0.4729973249867595,0.8504169321893656
4,5,5,3,7,0,120,30,0,0,0.82,48.0,1,1,1,0,85.26482544599182,0.511373746336773,0.6710470547204205
2,4,4,5,2,0,45,20,0,0,0.82,4.0,1,1,0,0,107.13651544381216,0.698319821346884,0.43254195613492624
5,4,3,3,3,0,120,60,0,0,0.86,72.0,1,0,1,1,66.62651859808776,0.5000519014297362,0.5094140459653103
3,2,5,5,4,0,90,20,0,0,0.82,12.0,0,1,0,1,143.60031033785572,0.7371424668549902,0.6441335675453879
3,5,5,5,1,1,60,45,0,1,0.72,2.0,1,1,1,1,46.50753840487124,0.7224351904123298,0.8204345622743844
3,4,3,5,4,0,90,10,0,1,0.82,8.0,1,1,0,1,76.22269058263885,0.6494563491945295,0.6053531826114755
2,5,4,5,0,0,30,0,0,0,0.72,12.0,1,1,0,1,63.22016979146166,0.6128763946631093,0.5992454322345568
1,3,5,5,0,0,120,20,1,0,0.86,8.0,1,1,0,0,95.56311223515596,0.6386456924469542,0.4290035430188172
2,5,5,5,3,0,180,60,0,0,0.72,72.0,1,1,1,0,26.1188431239164,0.6529172158265427,0.621708356974753
5,3,3,1,0,1,120,45,0,0,0.72,96.0,1,0,0,0,88.06275752175141,0.8562856783545101,0.06876850752968523
2,2,3,2,3,0,75,20,0,0,0.82,8.0,1,1,0,0,76.71530330524813,0.8649320378045718,0.4005982928905121
2,3,3,5,1,0,180,60,0,1,0.72,12.0,1,0,0,0,71.61301193621463,0.6371977289420799,0.07313816693153083
4,4,1,1,3,0,180,20,1,0,0.86,96.0,0,1,1,0,26.665970157004818,0.7773109788810132,0.6133655449163324
4,5,4,4,7,0,120,0,0,0,0.82,1.5,1,1,0,1,96.68916367833252,0.5518072160874151,0.6258329373261027
5,5,3,2,3,1,120,0,0,0,0.72,1.5,0,1,0,1,47.527913436667674,0.6456317909092859,0.5864910502607952
5,1,1,4,7,1,150,15,1,0,0.86,4.0,1,0,1,0,53.30679341210082,0.5840574676542705,0.30465383953893493
2,2,5,5,7,0,180,10,1,1,0.82,96.0,1,1,1,0,43.02762370271097,0.728151794027944,0.627714456886518
4,5,5,3,5,0,180,20,1,0,0.86,1.5,1,1,0,1,46.1633916762972,0.5333117291940013,0.5934437734072847
2,1,5,5,3,0,180,15,0,0,0.86,3.0,1,1,0,1,89.66379648392906,0.7149069139201807,0.6097323803482068
2,4,4,4,8,1,150,30,1,1,0.86,72.0,1,0,0,1,74.15465881624063,0.4149852355367092,0.2803874727232574
2,1,1,3,8,1,75,15,1,1,0.86,2.0,0,0,0,1,63.882020001320974,0.7020508234404449,0.2534444556933828
4,3,2,5,5,0,75,45,0,1,0.82,4.0,1,1,1,0,137.3239956010981,0.5606735262785015,0.7023021835612371
5,2,2,2,2,1,90,30,0,1,0.86,4.0,1,0,0,1,73.42311414371076,0.9806046291074434,0.2403064187249528
1,4,4,3,4,1,90,60,1,0,0.82,48.0,1,1,0,1,40.618114054301984,0.613209808496169,0.5841540561081362
3,5,4,4,3,0,180,20,1,0,0.86,1.5,1,1,0,0,38.515316859838975,0.7133230166946609,0.38574426673793305
3,1,2,2,6,1,60,10,0,1,0.72,8.0,1,1,0,1,43.19925790453159,0.7515464413971992,0.5761912543718839
2,3,3,3,3,1,120,10,0,0,0.86,2.0,1,1,1,1,60.76461641102949,0.5381057725405234,0.8428423401961831
3,5,4,2,0,1,45,15,0,0,0.82,72.0,1,1,0,1,90.13307204759963,0.6426992038556757,0.6150997704285024
2,4,5,3,3,0,180,15,0,0,0.72,8.0,1,1,0,0,155.83373302468135,0.6964408679025218,0.46513829459661105
4,5,1,5,0,1,120,60,0,1,0.82,24.0,1,1,0,1,181.4352635631557,0.808692697491307,0.6643483535510457
3,4,3,2,0,1,60,15,0,0,0.72,2.0,1,0,0,1,62.63336824183213,0.5837962900324535,0.2608898385256163
5,2,1,3,0,0,180,30,0,0,0.82,4.0,1,0,1,0,31.841773190362666,0.9318613947819052,0.2659975511588417
3,2,3,5,6,1,30,0,0,0,0.82,1.5,1,1,0,1,101.56042741444926,0.7259301377275276,0.616891841968706
1,4,2,4,5,1,90,60,0,1,0.72,24.0,0,0,1,1,90.71556183635445,0.5731175774601643,0.5203588108020248
2,5,3,4,1,0,60,45,0,0,0.82,2.0,0,1,0,1,150.52429763588668,0.6852308972884705,0.652383368947065
4,2,3,2,8,1,45,10,1,0,0.86,8.0,1,0,0,1,70.36009542022947,0.6333677773553451,0.2625709858652788
3,4,1,3,4,0,150,0,1,1,0.86,12.0,0,1,1,1,69.964428968974,0.6012303062684725,0.8445568312071896
1,5,2,2,2,1,90,45,0,0,0.82,8.0,1,1,0,0,104.55473167895781,0.853575917901721,0.41995284019951806
5,3,2,3,2,1,120,20,0,0,0.72,4.0,1,0,0,0,77.47516661270288,0.5766930868083815,0.08128159499854855
1,3,2,4,5,1,150,60,0,0,0.82,12.0,1,1,1,0,58.665385385188806,0.8663211685565259,0.6284677751245025
1,4,5,2,7,0,45,15,0,0,0.86,72.0,1,0,0,1,91.7057253262982,0.47034712827229264,0.2882128512384716
5,2,5,1,6,1,30,45,0,0,0.72,3.0,1,1,0,1,154.71098275068525,0.6713403199561393,0.6561468327701937
5,3,3,1,2,0,90,15,0,0,0.86,12.0,1,1,1,1,144.8187677511375,0.6481042151221728,0.8911785501088729
5,1,3,5,4,1,60,15,0,0,0.82,24.0,1,1,0,0,9.580451157651005,0.5973754348272841,0.3745706870005241
3,2,5,5,7,1,75,10,1,0,0.86,72.0,1,1,1,1,62.98204194239521,0.7500651634333971,0.829483466521259
5,1,2,3,2,1,45,60,0,1,0.86,96.0,1,1,0,0,20.71093595158768,0.6579779903553484,0.3777488313095174
1,4,5,4,3,1,150,10,1,0,0.86,72.0,0,1,0,0,29.975389967460984,0.5515271197003649,0.3913766949326152
3,1,2,1,4,1,45,30,0,0,0.86,96.0,1,0,0,0,44.469478923912845,0.7139850489005352,0.04966736585957111
4,1,3,1,7,0,75,45,0,0,0.72,8.0,1,0,0,0,108.28419926384315,0.7288737964538441,0.09116830042412635
1,5,2,5,1,0,90,10,0,1,0.86,8.0,0,1,1,0,69.2937829422934,0.7240996927138895,0.6455088768048901
5,5,4,2,7,1,75,30,0,1,0.86,48.0,1,1,1,0,45.62882055339872,0.5893792956596341,0.6391626630060916
1,1,2,2,3,0,180,15,0,0,0.82,3.0,1,0,0,1,80.26890840426117,0.7206971067326865,0.2630638081315527
5,5,1,1,0,1,150,45,0,1,0.82,8.0,1,1,0,1,146.90856973989418,0.8133273977613102,0.6410061286499711
5,5,5,4,0,1,150,0,0,0,0.82,4.0,1,0,0,1,108.09796614743456,0.5802354023992201,0.291448832597011
2,4,3,4,2,0,150,10,1,0,0.82,12.0,1,1,1,1,86.71755352199267,0.7033768506004782,0.8485753228059617
1,2,4,2,4,1,45,15,0,1,0.72,8.0,0,1,0,1,55.30463806084269,0.6284908629026645,0.5928753983040419
4,3,5,3,3,1,45,60,0,0,0.82,2.0,1,1,0,1,117.26083003994724,0.7544626820324313,0.625361498951028
5,1,4,1,8,0,180,10,0,1,0.82,48.0,1,1,0,0,112.54003777973851,0.7703556315362234,0.4311017976456234
2,3,1,1,5,1,30,15,0,0,0.72,4.0,1,1,0,0,21.11149307981482,0.7610449777857407,0.37080118027487474
3,1,4,1,0,0,75,45,0,0,0.72,48.0,1,1,0,0,46.31179671848193,0.9261207449413612,0.3760460789997594
3,2,3,4,7,1,90,15,1,0,0.82,72.0,1,0,1,0,29.325498568200835,0.6549793095702775,0.28370178070888113
3,5,3,5,6,1,180,60,0,0,0.72,72.0,1,1,0,0,82.77618890843063,0.717516428053329,0.41495797597522077
5,4,5,1,8,1,90,10,1,1,0.86,3.0,1,1,0,1,47.431858854407224,0.6578731789050718,0.5855701167129165
5,1,2,2,7,0,90,60,0,0,0.72,2.0,1,0,1,0,21.45263664582521,0.7685125380332319,0.27050588010155724
4,3,5,3,4,1,75,30,1,0,0.86,72.0,1,1,1,0,62.87105999600486,0.5880674600825277,0.6507493177915596
5,4,2,3,0,1,120,30,1,1,0.82,1.5,1,1,0,0,59.40105693433469,0.48865320457653905,0.4153949803025321
2,4,5,1,4,0,30,60,0,0,0.86,12.0,1,1,1,0,118.45465219847378,0.6726520393330466,0.6818841253790027
2,3,1,2,5,0,30,0,1,1,0.86,8.0,1,1,1,0,53.65956579800378,0.6684779234779747,0.6389795892218777
1,1,5,1,7,1,90,60,0,0,0.86,48.0,0,1,0,0,46.82795520091885,0.6564843592052702,0.3952647316562437
5,1,4,1,3,1,180,45,0,0,0.86,96.0,0,0,0,1,72.82794547932305,0.8484878978015056,0.24915781080677665
3,4,1,5,6,1,30,10,1,0,0.86,72.0,1,0,0,1,31.64748351807864,0.6015557950876798,0.23898941668924817
4,5,1,2,1,0,120,20,0,0,0.86,24.0,0,0,1,1,37.17460840556279,0.5661598307743106,0.48515188411617344
2,5,3,1,6,1,75,15,0,0,0.86,1.5,1,1,0,0,133.79999337335335,0.576988643513781,0.45881079053627094
3,5,4,4,6,1,75,0,0,1,0.72,12.0,1,1,0,1,28.25184179689908,0.5951367974350047,0.5771749853774824
3,4,5,5,5,1,180,15,0,0,0.82,48.0,1,1,0,1,88.67677920496936,0.4655655415772044,0.6265282648929087
3,2,4,2,2,0,90,60,0,0,0.86,3.0,1,0,1,1,83.26064342987115,0.7698842427901995,0.5016151986246001
5,2,4,2,1,1,75,15,1,1,0.82,3.0,0,1,0,0,60.15658009419028,0.7839018297302524,0.3952312586483426
3,1,2,4,8,1,60,20,1,0,0.86,3.0,1,1,1,1,76.7519669143646,0.636225619197161,0.8466321845991085
2,1,1,2,2,1,45,60,1,0,0.86,8.0,0,1,0,0,45.07590221844793,0.8207154796083459,0.38260051790638105
2,4,2,4,8,0,120,30,1,1,0.82,4.0,0,1,0,1,79.91153121789866,0.5333848294821466,0.6159374160815156
5,4,5,1,4,1,150,10,1,1,0.82,96.0,1,1,1,0,112.40435712256337,0.7550763166616943,0.6720808959153903
4,4,2,4,2,1,45,20,0,0,0.72,1.5,0,0,0,0,59.705587296574265,0.3588210749281674,0.08468624961941112
3,5,3,3,4,0,45,45,1,0,0.72,96.0,0,1,0,0,50.52853635501314,0.5871534229575719,0.4025849512963121
3,4,2,1,0,0,150,45,0,0,0.86,2.0,0,0,0,1,52.01830565698103,0.65319148884891,0.24895546621856365
1,3,1,1,4,1,90,15,0,0,0.86,2.0,0,1,0,0,45.661974296363184,0.6590110214843925,0.394310544693668
1,2,1,2,6,1,75,60,0,0,0.86,72.0,1,0,0,0,75.46065594130656,0.7297139115752884,0.06922713015060085
5,3,5,5,7,1,45,20,1,1,0.72,8.0,1,1,1,1,96.46373483570945,0.6839884368384218,0.8564299659784501
4,5,2,2,1,0,30,0,0,1,0.72,72.0,1,0,0,1,99.53799053201462,0.8115599121171347,0.269549466506477
4,5,1,4,2,1,180,45,1,0,0.86,4.0,1,1,0,1,120.80531459840633,0.7083319047140328,0.6309536430689553
2,1,2,2,2,1,90,20,0,0,0.72,72.0,1,0,0,0,17.14334832438809,0.8227610449905801,0.02383562573358479
4,4,2,1,3,1,120,60,0,0,0.86,96.0,1,0,0,1,121.4893306822544,0.8043254829606737,0.28469010331425576
4,1,3,5,5,1,180,15,0,0,0.86,96.0,1,0,0,0,64.69545875111655,0.6393018358654512,0.06837917732349612
3,4,4,3,2,0,90,30,0,1,0.82,2.0,1,1,1,1,65.60915483568806,0.7125362913528177,0.8338618961624282
2,5,5,5,6,0,150,15,1,0,0.82,2.0,1,1,0,0,94.7753119523182,0.6123993395608452,0.4303155875322863
2,4,5,2,4,1,30,15,1,1,0.72,12.0,1,1,1,1,138.08140202795374,0.6065318842627384,0.8895970361202441
4,1,3,2,2,1,75,60,1,1,0.86,72.0,1,0,0,1,8.277934435151746,0.6972841907861856,0.21670872960173485
1,4,3,1,7,1,60,20,1,1,0.82,72.0,1,1,1,1,56.74096115864716,0.6590535628743017,0.831693558037897
5,4,2,3,7,1,90,20,1,1,0.72,96.0,1,1,0,1,44.748847670700016,0.8665334572898873,0.569175223103508
4,5,5,5,7,0,75,60,0,0,0.86,1.5,1,1,1,1,137.57214115815555,0.6093427737009358,0.8890607666130382
5,3,3,2,8,0,150,10,0,0,0.72,12.0,0,0,0,1,73.15022484638095,0.6617107040810375,0.26244706727858136
1,2,3,5,6,0,90,0,0,0,0.82,96.0,0,1,1,0,105.00857336683833,0.6617422449817655,0.6736837584291687
1,1,5,3,7,1,180,0,0,0,0.82,3.0,1,1,0,1,13.157134532622578,0.564949115505335,0.569224984936375
5,5,4,4,6,1,180,15,0,0,0.82,4.0,1,1,0,0,57.47674479418691,0.5007839314026229,0.41326295466460766
4,3,3,4,0,1,90,45,0,1,0.72,72.0,1,1,1,1,6.175667506974735,0.7772823536469591,0.7897073469160293
1,3,2,4,8,1,60,10,0,0,0.72,4.0,1,0,0,1,69.41094762435199,0.6331846129998089,0.2619510421729147
4,3,1,5,5,0,60,30,0,0,0.82,96.0,1,0,1,1,31.629131180993884,0.6372523772682558,0.47647842104521804
4,4,2,2,7,1,60,30,0,1,0.82,3.0,1,1,1,1,54.16200400861024,0.618273426739899,0.8328288628006139
1,2,2,2,3,1,75,15,1,0,0.72,12.0,1,0,0,0,44.19155123051677,0.7548628021713703,0.04662063800168193
4,4,4,5,1,0,90,60,0,0,0.82,4.0,1,1,1,0,120.46223317691988,0.6510066382969377,0.6847376907704943
5,3,1,3,6,1,120,45,1,0,0.86,24.0,0,1,0,0,45.72086424953655,0.8607031150414036,0.3802313581134595
3,3,2,5,4,1,150,15,1,0,0.86,48.0,1,1,0,0,95.37329995462481,0.7124506333500171,0.4237106556352487
4,4,2,5,7,1,60,45,0,0,0.72,96.0,1,1,0,1,93.25552218321008,0.6310370024031658,0.6179977579539184
4,3,5,4,7,1,150,10,0,0,0.82,72.0,1,1,0,1,59.44683800069467,0.37199808982479804,0.6135913590460607
5,2,2,3,7,1,75,45,0,0,0.86,8.0,1,1,1,1,80.21946460533151,0.6320507093622272,0.8492360934148652
3,4,3,4,6,0,60,60,0,0,0.86,8.0,1,1,1,1,186.69537568479822,0.527886779030926,0.9275115092577008
1,1,2,1,8,1,180,60,0,0,0.72,24.0,1,0,0,1,61.96481299194696,0.6795997313198398,0.25373789413557585
4,1,4,4,0,0,120,60,0,1,0.82,3.0,1,1,1,0,10.10633323540996,0.6064549639682633,0.6142857080124949
5,3,3,1,6,1,60,10,1,1,0.72,3.0,1,1,1,1,89.22175211954001,0.5071498885398861,0.8639806758819014
5,1,1,4,7,0,180,0,1,0,0.72,48.0,1,1,0,0,57.3706607845926,0.6560345338511973,0.40232468982014463
3,1,2,1,3,0,120,15,1,0,0.72,8.0,1,0,0,0,90.61933329333922,0.8483006810944195,0.07103184118561678
1,3,5,4,7,1,75,0,0,0,0.72,72.0,1,1,0,1,72.1483105128055,0.48609593636210835,0.6140721581298562
3,3,2,5,4,1,90,45,0,0,0.86,8.0,1,1,0,1,83.00057878627703,0.5077783210043348,0.619789236720548
4,3,5,1,3,0,60,30,1,0,0.82,48.0,1,1,1,1,41.33311488197513,0.6621040084771265,0.821208129327918
4,2,5,2,5,0,90,45,0,1,0.72,24.0,1,1,0,1,70.4083621573383,0.47849663285505606,0.6134441438050383
1,5,1,4,1,0,75,30,0,0,0.86,2.0,1,0,1,0,109.80580638562634,0.6890774448817348,0.33496844978202944
5,4,4,5,8,1,30,30,0,0,0.82,48.0,1,1,1,1,72.17830254330056,0.6667852922288922,0.8414438979061779
3,2,3,1,3,0,75,45,0,0,0.82,3.0,0,1,0,0,66.43702837076822,0.7555492663897155,0.4014029035998987
5,5,1,5,6,1,45,30,0,1,0.86,72.0,1,1,0,0,50.23189917326418,0.5319527797563988,0.4062512381992282
3,4,2,3,1,1,180,60,0,0,0.72,3.0,1,1,1,1,85.26928428036214,0.6215115671629878,0.8533403798188324
5,2,3,4,0,0,45,10,0,0,0.86,1.5,1,0,0,0,38.814936585422856,0.7154787617280329,0.0457931110693196
3,5,4,2,5,1,30,15,0,0,0.82,24.0,1,1,0,0,48.01453747594252,0.591948187060645,0.40057331855638323
4,2,5,3,6,1,120,10,0,0,0.72,1.5,0,1,0,0,35.64565062443041,0.55120098265398,0.3951796982971751
4,5,4,5,2,1,45,30,0,0,0.82,2.0,1,1,1,0,87.47403225487801,0.5762253994879227,0.6679802435390975
4,3,1,5,8,1,150,10,0,1,0.82,4.0,1,1,0,0,110.0552373622559,0.6707002846627834,0.43642113831510915
1,5,2,3,1,1,120,10,0,0,0.72,12.0,1,1,0,0,62.36124313433365,0.8737677390612523,0.39041042035526813
2,5,3,4,6,1,120,30,0,1,0.72,72.0,0,1,1,0,57.18718583157033,0.6949164400504392,0.6394806397508496
4,4,5,1,0,0,45,15,0,0,0.72,48.0,1,1,0,0,48.91598424960864,0.5145922802363271,0.40658919654986286
3,5,5,4,4,1,180,15,0,0,0.82,8.0,1,1,0,0,122.03045106027471,0.6384142822584807,0.4466646342820895
3,1,5,3,6,1,45,15,0,0,0.86,96.0,1,0,0,1,38.22680756823959,0.6179983782619163,0.24222465190049225
2,1,2,1,5,0,60,45,0,0,0.82,96.0,0,1,0,0,132.81307548801504,0.698590405946924,0.4496407219090587
3,2,4,1,6,1,150,20,0,1,0.82,24.0,1,0,0,0,21.708871955319026,0.7150544648859809,0.03441876876152736
5,3,2,1,6,1,30,60,0,0,0.72,3.0,1,0,1,1,84.8616243867488,0.7319912973241869,0.5053350254451394
2,3,1,3,2,1,180,10,0,1,0.82,12.0,1,1,0,0,87.71246049732552,0.7035517724958905,0.41922634959017135
2,3,5,5,7,0,90,45,0,0,0.86,1.5,1,1,1,1,72.2241251682743,0.5263592651413922,0.8513042682189521
4,1,1,1,1,0,150,15,1,0,0.72,4.0,1,0,0,0,21.039999228048618,0.8710789905899955,0.02305113681073273
3,1,2,5,6,0,60,10,1,0,0.72,1.5,0,0,0,1,19.48419096935973,0.5803510443093459,0.23236488754458562
4,2,4,4,7,1,30,15,0,0,0.82,72.0,1,0,0,0,53.03765715528693,0.5255589729156934,0.06856930999942608
4,5,1,3,2,1,120,0,0,0,0.82,72.0,0,1,0,1,58.24189798778896,0.6822520894784848,0.5910702857283654
5,1,5,2,4,1,45,0,0,0,0.82,12.0,1,1,1,0,145.14958929016322,0.7681547545684967,0.6929955600403142
5,1,1,5,6,0,150,20,0,1,0.72,12.0,1,1,0,0,131.86235282483474,0.5619398753855708,0.4585724439395666
2,3,4,2,8,1,90,45,0,1,0.72,96.0,1,1,0,0,52.68850899315977,0.5601910382991632,0.4059122999811651
3,1,1,3,1,1,180,45,1,1,0.82,72.0,1,1,0,0,92.34543035912768,0.7455390250789883,0.4193758884838893
1,1,3,3,1,1,45,45,1,1,0.82,1.5,1,1,0,1,38.13694393252591,0.7886705272581759,0.5702176923802784
3,4,2,2,8,1,90,60,1,1,0.72,24.0,1,0,1,1,118.08207357060436,0.5672254044779518,0.5390156040669463
3,1,3,5,4,1,120,15,0,0,0.86,24.0,1,1,1,1,156.4412005627489,0.7774343899578835,0.8898737264114475
2,3,1,2,6,1,120,15,0,1,0.86,2.0,0,0,1,0,70.3422267873622,0.5491650376548591,0.3184532652224013
3,5,1,5,8,0,75,45,0,0,0.86,3.0,1,1,0,1,28.495867331104762,0.5680989379922943,0.5792303192279427
3,3,1,2,1,1,90,45,1,0,0.86,1.5,1,0,0,1,36.40249321616849,0.7247293904763562,0.23353727147743408
1,2,5,4,5,1,30,60,0,1,0.82,72.0,1,1,0,1,82.70637370687928,0.6734141335542257,0.6079985931224571
3,1,4,4,4,1,45,10,0,1,0.86,1.5,1,0,1,1,45.93323272789259,0.604211894058828,0.4883273225678104
2,4,3,2,3,0,90,15,1,0,0.82,96.0,1,1,1,0,61.65978634233995,0.6509185922288507,0.6455422227722071
2,1,3,1,2,0,90,0,0,0,0.72,48.0,1,0,0,0,45.73600436489128,0.7325081720528616,0.04921509753289388
4,1,2,3,2,0,60,20,1,0,0.86,1.5,1,0,1,0,79.23187504512836,0.6662196677570993,0.31618587328708864
4,2,2,2,5,0,90,0,1,0,0.82,8.0,1,1,1,0,54.530274215141056,0.806577296396929,0.6298931053956425
3,3,1,5,5,1,180,0,1,0,0.86,48.0,1,1,1,0,114.41039398011137,0.5491694362803873,0.6878317354471138
2,4,1,2,3,0,180,0,1,0,0.86,72.0,1,1,0,1,35.62784572355335,0.7353491158061424,0.5722774590426056
1,5,1,1,2,1,30,10,0,0,0.86,12.0,1,0,0,0,62.177312543753416,0.5598618719174152,0.07226121066161656
1,1,2,5,8,0,150,0,0,1,0.72,12.0,1,1,0,0,28.13861270396106,0.8343100889491726,0.37035736890953197
2,1,2,4,4,1,180,60,0,1,0.82,3.0,1,1,1,0,104.38171441085868,0.7417897953757079,0.6676625239309396
2,1,2,1,7,0,30,30,0,0,0.82,1.5,1,1,0,0,101.67656072989557,0.8720487798398724,0.4167409592311393
2,1,4,1,3,1,60,45,0,0,0.72,72.0,1,0,0,0,41.74177457715817,0.8957502651440042,0.03512533115802515
1,1,1,3,2,1,150,60,0,0,0.86,12.0,1,0,0,0,190.2962002036397,0.830528782142637,0.13872711871910856
2,1,1,1,1,0,60,15,0,0,0.82,1.5,1,1,0,0,98.172902805718,0.9376675291082753,0.40981187483289944
3,3,2,2,0,0,120,20,0,1,0.72,24.0,1,0,1,0,124.83021264891109,0.798120795007187,0.33735168611543764
5,5,5,4,0,1,45,10,0,0,0.82,12.0,1,1,1,0,73.58788256310953,0.7654841591537469,0.6454746972346441
3,4,3,3,6,1,60,10,0,0,0.82,48.0,1,1,1,0,43.80766900759201,0.5532992032919741,0.6404741684412899
4,1,1,2,5,1,60,60,0,0,0.72,48.0,1,0,0,0,58.25638547748666,0.8107733783177686,0.05208345383608064
5,3,3,5,4,0,30,60,0,1,0.86,48.0,1,1,0,0,102.54723378676636,0.528419770771626,0.4413754385704971
3,1,3,5,1,1,120,15,0,1,0.82,2.0,0,1,0,0,57.31024994848785,0.6992929223603216,0.3992563287337694
3,5,4,5,5,1,60,20,0,0,0.86,48.0,1,1,0,1,118.74112627737813,0.6211468295958611,0.6356804727798753
1,5,5,2,0,1,150,15,0,0,0.86,72.0,1,1,0,1,17.86354674985629,0.7223104709981957,0.5613472981966972
1,5,5,1,0,1,120,30,0,1,0.82,8.0,1,1,0,1,69.83200937594466,0.7148058788282428,0.5965182613993194
4,4,3,5,8,1,30,10,1,1,0.72,2.0,1,1,1,1,37.73749462556998,0.5979560401288896,0.8233014069413578
5,3,5,1,8,0,150,0,0,0,0.72,4.0,0,1,0,1,39.512920142495254,0.774365263289202,0.5721363783314194
5,1,1,3,1,1,90,60,0,0,0.82,24.0,1,0,0,0,12.122896153527073,0.8441315625140228,0.018992721393036455
3,1,5,4,3,1,30,20,1,0,0.86,3.0,1,1,1,1,66.3114661551743,0.6976922341017523,0.835369187716327
4,3,1,1,1,1,30,30,0,0,0.72,48.0,1,0,1,0,70.92187392347154,0.7051429923585626,0.307921239817215
5,1,1,4,3,1,90,15,0,0,0.86,3.0,1,0,0,1,64.72569758526645,0.7618292892749957,0.2498224148075946
3,3,4,4,3,0,60,15,0,1,0.86,96.0,1,1,1,0,113.97492219120382,0.7866179268344674,0.6709200265823899
5,5,1,4,1,1,45,20,0,0,0.72,12.0,1,1,1,1,86.49502512167814,0.6384321344949074,0.8529731006664752
2,3,2,4,8,1,75,45,0,0,0.86,24.0,0,1,0,0,74.24498502154141,0.7011121546622598,0.41041880585466944
5,3,3,4,5,1,180,20,1,0,0.72,72.0,1,0,1,0,56.63140180252583,0.47826840319371533,0.31427547964479047
2,2,4,4,0,0,90,60,0,1,0.86,4.0,1,1,0,0,108.67352229050613,0.7123857003058203,0.4325820158389301
3,5,1,3,2,1,45,10,0,1,0.86,1.5,1,1,0,1,70.1883796120812,0.7651903112694228,0.5932289312858612
5,4,4,3,4,0,180,20,1,1,0.82,4.0,1,1,1,0,80.23523593827568,0.5372112489260189,0.6658853698673625
3,2,3,5,1,0,60,45,0,0,0.82,12.0,1,1,1,1,78.70575733456339,0.685755801831958,0.8444675987614719
5,2,3,3,6,1,60,15,0,0,0.86,12.0,1,0,1,1,102.48727893138816,0.7607020477650344,0.515075709277373
2,1,4,3,2,1,180,45,0,1,0.86,72.0,1,1,1,1,62.62785308903515,0.6097220013307462,0.8390713619662046
2,5,2,1,1,0,75,0,1,0,0.82,1.5,1,0,0,1,32.14921991792694,0.7248429692997135,0.230693805427638
1,4,1,2,5,1,120,20,0,1,0.72,3.0,1,1,0,1,188.2196376095659,0.8281747975533854,0.6675075225776403
4,3,2,3,3,1,120,20,0,1,0.82,72.0,0,0,0,0,39.213253214343055,0.6777454941648929,0.048699984218019535
4,5,2,2,1,1,180,20,0,0,0.86,48.0,1,0,0,0,46.87485083222476,0.7309016967675632,0.05008678178108708
5,3,3,5,8,1,45,15,1,1,0.82,24.0,1,1,1,0,154.83576297422053,0.6615724464699834,0.7069137707299149
1,4,1,3,3,1,30,15,0,0,0.82,96.0,1,0,1,0,60.69398615565459,0.8139704204709831,0.2934847280041343
5,3,3,2,2,0,150,30,1,1,0.72,3.0,1,0,0,0,73.25538642253707,0.7387148160983076,0.06712688715480986
1,2,4,3,8,0,45,30,1,0,0.72,1.5,1,1,0,0,70.64399461300489,0.5495002109695932,0.4186309816407985
4,1,5,3,0,1,120,30,0,1,0.72,12.0,1,1,1,0,148.02803246219494,0.8093381078774163,0.6920316874233775
1,3,1,2,3,1,45,30,1,0,0.86,3.0,1,1,1,0,91.13088597821731,0.7031616370179057,0.6615326093942249
5,5,1,2,1,0,150,30,0,0,0.86,8.0,1,1,1,1,86.63565138764898,0.5977399487336956,0.8559153045137406
3,1,5,5,4,0,120,10,0,1,0.86,8.0,0,0,0,1,61.58197574672927,0.638016800392266,0.2563934744703609
2,2,5,5,0,0,150,60,0,0,0.86,4.0,0,1,0,1,97.66250161813278,0.668169889379974,0.6183364421554903
1,5,2,5,1,0,30,30,0,0,0.86,24.0,1,1,0,0,53.78656543674927,0.8385014557761536,0.38716260838683547
2,3,3,1,3,0,120,45,0,0,0.86,8.0,0,0,0,0,129.26498042407675,0.7864735369452713,0.10112350602988217
5,2,3,3,2,1,75,10,0,0,0.82,1.5,1,0,1,0,30.799575456269267,0.7844696218981162,0.27562017677131134
2,1,2,1,6,1,30,45,1,0,0.86,4.0,1,1,0,1,116.4848819878336,0.7640733131368448,0.6241714560723101
5,3,1,1,8,1,150,20,1,1,0.86,3.0,1,0,1,0,173.62943944779428,0.6225139254894893,0.3821769848475986
3,3,1,1,8,1,90,0,0,0,0.82,48.0,1,1,0,1,158.85973568648473,0.8374722624435845,0.6472834320866057
4,4,1,3,5,1,30,20,0,1,0.72,24.0,1,1,0,0,40.45983633034245,0.8014799377869364,0.3808696285751428
5,4,4,3,7,1,120,60,0,1,0.82,96.0,1,0,1,0,51.153413761302545,0.48103362948836026,0.3104299217766831
1,3,5,4,5,0,75,0,0,1,0.72,24.0,1,1,0,0,156.63632658049954,0.7499360000743399,0.46192869771512923
1,3,2,1,6,0,30,45,0,1,0.72,12.0,1,0,0,1,38.69817482955874,0.762201023766665,0.2324447115560393
1,4,1,1,2,1,120,20,0,0,0.82,72.0,1,0,0,0,64.1479691429767,0.6320507607781769,0.06852175950751209
1,2,3,5,6,0,60,30,0,1,0.82,24.0,1,0,1,1,31.982747560896186,0.5602304080456558,0.48210570314406825
1,2,1,2,2,1,120,15,1,1,0.86,12.0,1,0,0,0,29.657351573224,0.8871654147494715,0.02766998868301966
5,5,2,2,4,1,180,10,0,0,0.82,72.0,1,1,1,0,84.62774016301111,0.7064812476108888,0.6569648061092453
2,3,5,2,5,1,150,30,0,0,0.82,12.0,1,1,0,1,70.68039106245078,0.7966626021230803,0.591353878559685
2,1,2,4,5,1,45,30,0,1,0.72,3.0,1,1,1,0,13.810037410804002,0.7537836503614314,0.6064418360819025
4,4,1,5,3,1,120,10,0,0,0.82,1.5,0,1,1,1,33.69412633629602,0.8086480604840169,0.8058573866569828
3,5,2,1,2,0,120,20,0,1,0.82,72.0,1,1,1,1,154.59329630310867,0.686885948283036,0.8949801811555933
5,1,2,5,0,1,120,60,0,0,0.72,4.0,1,1,1,1,70.03399403865072,0.8177656147939834,0.8294457363235217
1,4,5,2,7,0,90,45,0,1,0.72,3.0,0,1,0,0,131.73103293174006,0.5346111149526149,0.46039791057447704
4,4,4,4,3,0,120,15,0,0,0.86,8.0,1,1,1,1,154.69608374686123,0.5410937980013881,0.9052541566378103
5,2,1,4,0,0,150,0,0,1,0.82,4.0,1,1,1,0,72.48960194020842,0.6972618014336357,0.6495180751931179
1,1,2,1,3,1,180,15,0,0,0.72,1.5,1,0,0,0,37.23898835065294,0.8954987462437515,0.032141079996706026
2,1,4,5,7,1,120,45,0,0,0.72,72.0,1,1,0,0,81.64027694280976,0.6434284639410738,0.4193868588193314
5,4,3,1,6,0,45,60,0,0,0.86,8.0,1,1,0,0,191.2647067724926,0.805649458619516,0.48111434241162904
1,5,1,1,2,0,60,15,1,0,0.82,2.0,1,0,0,1,75.64868656102959,0.7276638123789945,0.2594959908408234
5,2,4,3,2,1,75,30,0,0,0.86,2.0,1,1,1,0,31.519275790307482,0.6688873388609018,0.6241907368066085
2,5,1,3,3,0,30,20,1,0,0.86,72.0,1,0,1,1,91.85572519707779,0.5625125835748611,0.521861269281145
3,2,4,3,3,0,60,15,1,1,0.72,48.0,1,1,0,1,98.74612619727401,0.7846200787776562,0.6109073452837468
5,5,1,5,6,1,60,20,1,0,0.72,12.0,1,1,1,0,23.238776722845053,0.7435729555463609,0.6134424109269849
3,4,4,3,8,0,30,45,0,1,0.72,3.0,1,1,1,1,38.56983710269765,0.750115570209495,0.8132051348204671
1,4,1,3,5,1,45,60,1,1,0.86,2.0,1,0,1,0,109.56103920825761,0.696179780187854,0.3343081081923553
1,4,5,3,1,1,45,20,0,0,0.72,1.5,0,1,0,1,85.79842067588459,0.6735310146964861,0.6100517760885024
2,5,2,5,2,1,75,15,0,0,0.72,12.0,1,1,0,1,78.70551921930124,0.4769533876689297,0.6190836090093758
4,3,4,1,2,0,90,0,1,0,0.72,12.0,1,0,0,0,76.18842633027666,0.5446448919393837,0.08266714178442758
5,5,5,4,3,0,60,10,0,0,0.82,24.0,0,1,0,1,162.5585536359232,0.5214398287892408,0.6718715810753686
2,4,3,5,2,1,90,45,1,0,0.72,24.0,1,1,1,0,60.95652439742263,0.8282281250183502,0.6326617141803307
5,3,2,4,3,1,30,30,0,0,0.82,3.0,1,1,0,0,28.984326978918013,0.8208953030106307,0.37186021344186787
5,5,5,1,2,1,120,10,0,0,0.86,48.0,1,1,0,0,124.0077364283602,0.5604354662999298,0.4534413416445784
1,2,1,2,5,0,75,20,0,0,0.72,3.0,1,0,1,0,33.441170870989964,0.7115559657680418,0.2824851963102304
5,3,1,5,3,1,90,60,0,0,0.82,3.0,0,1,1,1,82.86984744907363,0.6680210793125273,0.8484850894141722
2,3,3,3,5,1,120,60,0,1,0.86,2.0,1,0,0,0,75.14055881442741,0.5919128175583762,0.07865980864719861
5,4,3,1,7,0,60,45,0,1,0.86,4.0,1,1,1,1,66.38065017998974,0.5888954701291176,0.8430310838776216
3,2,5,1,0,1,120,10,0,1,0.86,72.0,1,0,0,1,50.38362099247418,0.8558774532062859,0.23367765893720943
4,2,2,3,7,0,150,45,1,0,0.82,8.0,1,1,0,0,59.15370121396529,0.5206198895014642,0.4129924085442077
5,3,5,5,5,1,150,20,0,0,0.72,24.0,1,1,1,0,48.02959017629294,0.6259324333588883,0.6382044564490732
1,5,4,3,8,0,60,30,0,1,0.82,96.0,1,0,1,1,30.562052661355686,0.5205849709503771,0.4839337538077107
4,5,1,2,3,1,120,15,0,0,0.86,48.0,0,0,0,1,91.02476452388868,0.6251404090281495,0.27692334771728866
5,2,1,1,7,1,30,0,0,0,0.86,48.0,1,1,1,0,84.69641234876212,0.7257386232447111,0.655662571272045
2,3,5,4,7,1,30,45,0,1,0.82,72.0,1,0,1,1,39.72075893124908,0.625720541404259,0.48268006805586794
1,3,4,3,1,0,180,0,0,0,0.82,12.0,1,0,0,1,67.20222586020155,0.5373658161682584,0.2671858767750229
5,5,5,2,1,0,90,30,0,0,0.72,96.0,1,1,0,0,61.17600322602894,0.627239794962576,0.40687721650330566
5,4,2,4,2,0,60,15,0,1,0.86,4.0,0,0,0,0,47.0648290013409,0.6693213784848762,0.05452405617361927
4,5,1,1,1,0,120,20,0,0,0.82,2.0,1,0,0,0,189.70274274490154,0.7996261060924953,0.14049466773679303
1,4,2,3,3,0,75,60,0,0,0.72,1.5,1,1,0,0,112.78960853596018,0.6280358387559074,0.44123056364439334
5,4,3,1,6,1,75,45,0,0,0.82,3.0,1,1,0,1,240.0,0.6147427986621486,0.7169680040936497
3,4,1,5,7,1,180,15,1,0,0.86,3.0,1,0,1,0,175.5235092677815,0.7149336424425355,0.37697031787421015
1,2,5,1,1,1,150,20,0,0,0.86,48.0,0,1,0,0,40.955917009719855,0.7939322627250514,0.381728686282393
1,2,2,5,6,1,180,60,0,0,0.86,1.5,1,1,1,1,42.09887359264697,0.7725351308457284,0.8139884565692304
1,4,5,4,2,0,120,20,0,0,0.86,96.0,1,1,0,0,48.19345891371287,0.7721573054635207,0.38807796122669547
1,1,4,2,0,1,90,45,1,0,0.86,96.0,1,1,0,0,31.551260568966065,0.7943666440791193,0.3754285086271057
1,1,3,2,3,0,90,30,1,0,0.72,72.0,0,0,0,0,62.06714757069947,0.7643346486515529,0.05787467297485761
1,2,1,5,5,0,150,60,0,0,0.72,96.0,1,0,0,1,60.39519364121419,0.7291382092140793,0.2492237877824906
4,5,4,2,6,1,150,10,0,0,0.82,2.0,1,1,0,1,84.18258416318535,0.6635113828141911,0.6096759259784635
4,2,3,3,4,1,120,30,0,0,0.86,96.0,0,1,0,1,61.12476844453775,0.656782730251838,0.5947750545120633
3,1,5,2,0,1,90,0,1,1,0.82,48.0,1,1,0,0,81.05995806615694,0.7339891177970332,0.4126607337983123
2,4,4,3,2,0,30,0,1,0,0.82,8.0,1,1,1,0,52.91553404400703,0.5120969671040568,0.6494302349987208
2,3,1,1,7,1,75,45,0,1,0.82,2.0,0,0,0,0,20.244654041094975,0.6970932667507328,0.03469990735484536
5,2,5,1,2,1,180,45,0,0,0.82,2.0,1,1,0,1,29.546925550802918,0.7337930923882776,0.5683324339000225
1,5,1,2,5,1,150,45,0,0,0.72,1.5,0,0,0,1,51.84614943782735,0.7373037863941656,0.24295283457762665
4,5,3,3,7,1,30,45,0,0,0.82,72.0,1,1,1,0,39.624647512122266,0.6895190968431433,0.6281500948957283
3,2,3,5,0,1,60,15,1,0,0.72,3.0,1,0,1,0,54.66171231731853,0.6797857626062008,0.298856138162445
1,5,1,2,8,1,150,20,0,1,0.86,8.0,1,1,0,1,123.64230703214878,0.6232384836024933,0.6388015108359247
4,1,2,3,4,0,45,45,0,0,0.72,24.0,1,0,1,0,31.091811950943537,0.7613205359163335,0.277435437119819
1,3,4,5,1,0,180,15,0,0,0.86,3.0,0,1,1,1,20.807506169913466,0.6275542568142252,0.8099428728029466
5,1,1,5,1,0,120,60,0,1,0.86,1.5,1,0,1,0,83.8786839806523,0.8765067756671647,0.3045636483570667
4,3,2,3,0,0,75,15,0,0,0.82,2.0,1,1,1,0,31.28940678487013,0.6012239631234014,0.6287739271046088
1,3,2,5,8,0,150,15,0,0,0.82,48.0,1,1,0,1,58.563894634777384,0.5483128174137082,0.6006606992042254
3,5,1,2,8,1,75,10,0,0,0.82,4.0,1,1,0,1,80.25739750270836,0.6585564646085601,0.607405979145873
3,3,4,1,0,1,75,30,0,0,0.72,2.0,1,0,0,0,14.973973727876317,0.8231307859337752,0.02236349413655328
1,4,5,3,2,1,75,15,0,0,0.72,48.0,1,1,0,1,27.895289652111284,0.6554597977221212,0.5727146739275257
1,2,1,5,0,0,90,30,0,0,0.82,4.0,1,1,0,0,18.009623296950814,0.7052428339735561,0.37263941715315163
2,5,1,4,0,1,60,0,0,0,0.86,72.0,0,1,0,1,92.6007682878242,0.6237234046449376,0.6180732072000705
4,2,5,2,4,0,90,45,1,0,0.82,8.0,1,1,0,0,18.987515854449818,0.7147156434904074,0.37262824885863804
3,1,3,5,4,0,45,60,0,1,0.82,96.0,1,1,1,0,90.2589533175944,0.7285925530582669,0.6591711568309843
2,3,5,5,3,0,150,10,1,1,0.82,2.0,1,1,1,0,17.604203850060568,0.6761567371010755,0.6144051643029652
4,2,1,4,3,0,60,30,0,0,0.72,48.0,1,0,1,0,86.78994765362162,0.7129124345816621,0.31795609468169805
3,5,3,5,1,0,180,10,1,1,0.82,2.0,1,1,0,1,131.4417591600378,0.5765327996420883,0.6472705434650791
1,5,2,3,4,1,60,30,0,0,0.72,1.5,1,1,0,0,66.00785892800778,0.6016582382138299,0.41188916261037045
3,2,3,5,2,1,180,10,0,1,0.86,4.0,1,1,1,1,78.81278824233962,0.7140391718739154,0.8425591167970523
5,5,5,5,5,1,60,45,1,0,0.86,1.5,0,1,1,0,27.52950519889969,0.503257260812379,0.6331249952090667
3,2,5,4,6,1,45,15,0,0,0.86,12.0,1,1,0,1,22.198104475532567,0.8228601041225126,0.5571985290284458
1,4,2,5,8,0,120,60,0,0,0.82,1.5,1,1,0,1,100.37870722500112,0.5490264856990781,0.6284872841510653
2,4,1,4,3,0,150,60,0,0,0.82,4.0,1,1,0,1,201.4558082556468,0.8024982559839703,0.6781289942515533
1,5,5,4,0,1,180,10,0,1,0.72,12.0,1,1,1,1,64.39056519250386,0.656200307835287,0.8369930219131991
2,2,2,3,6,1,150,10,0,0,0.86,72.0,1,1,1,0,118.34716001582353,0.7129445363680643,0.6789919891314512
1,4,2,2,6,0,75,60,0,0,0.72,72.0,0,1,0,0,93.59237122495787,0.6139556069842498,0.42941802166107446
4,1,2,1,3,0,60,45,1,0,0.72,96.0,1,1,0,0,57.63969572010818,0.712051947004802,0.39858282752306934
4,4,1,5,2,1,60,20,1,0,0.82,72.0,0,0,1,1,34.57284310662234,0.5270167508283965,0.48615738951309384
2,4,5,2,6,0,180,20,0,0,0.82,8.0,1,1,0,0,131.0089558295053,0.5419441736545141,0.4594032117305209
2,1,3,1,7,0,150,45,0,0,0.82,8.0,1,0,0,0,132.5837117879626,0.7186075482802943,0.10808661281235449
1,4,5,5,6,0,150,45,0,0,0.72,24.0,1,1,1,0,143.59112762854087,0.476200210243932,0.712393403701952
2,1,3,5,6,0,60,15,0,1,0.86,4.0,1,0,1,0,41.47046799384255,0.6602405343530912,0.29143014125784533
4,4,1,5,3,0,60,60,1,0,0.72,3.0,1,1,0,1,110.49340831652611,0.789058296472601,0.6184281914579354
1,1,3,4,3,1,30,0,0,1,0.72,48.0,1,1,0,1,50.48056223951353,0.73490194450546,0.5822105720442936
2,2,3,3,3,1,90,10,0,1,0.82,2.0,1,1,0,0,37.36271094207604,0.7902701622699848,0.3795895626024851
2,1,4,1,5,1,90,45,0,0,0.86,2.0,1,0,0,0,105.76734338046606,0.822595842460375,0.0829298532814178
5,3,4,5,7,0,180,20,0,0,0.72,48.0,1,1,0,0,214.0941788334003,0.5566517605606435,0.5137638293163551
4,3,1,1,6,1,45,0,0,1,0.72,72.0,1,0,0,0,49.4997279104097,0.8641888396539993,0.042506599831159855
3,4,5,4,6,1,90,45,0,1,0.72,3.0,1,1,0,1,73.76147746008284,0.7579285575991977,0.5961193192747781
2,2,4,2,3,1,90,30,0,0,0.86,2.0,0,1,0,0,40.38414724434975,0.691030049165621,0.38855066138797306
5,1,1,2,3,0,180,15,0,0,0.72,2.0,1,0,1,0,55.13154234857768,0.7641047358474976,0.2932670300563936
1,5,2,5,8,1,45,30,1,1,0.82,4.0,1,1,0,0,134.60763722503108,0.56281627691076,0.4603412854329342
5,5,1,1,3,1,150,30,0,0,0.72,4.0,1,1,0,1,32.91785905874495,0.712622654918855,0.5720616535281767
5,3,2,2,4,0,30,0,0,1,0.72,12.0,0,0,0,0,85.22749930827871,0.759839065192104,0.07362959830873853
3,2,3,4,5,1,120,15,0,0,0.82,48.0,1,0,0,1,28.208375818620745,0.7319547372756895,0.22756875226978224
3,1,2,2,4,0,150,45,0,0,0.72,96.0,1,1,0,1,3.601211935961871,0.7671740347714187,0.5486986255233086
4,5,2,5,7,0,180,60,0,1,0.86,8.0,1,1,1,0,39.39303043804981,0.6043759770393287,0.6339557018992802
3,4,1,3,0,1,30,10,0,0,0.82,1.5,1,1,0,0,13.918737118933224,0.6422229124438406,0.37432355420822
3,1,5,4,8,0,45,15,0,0,0.72,3.0,1,1,1,0,170.21944544331313,0.6675017880757728,0.7167545051302381
3,4,4,5,0,1,180,20,0,1,0.86,48.0,1,1,0,0,93.65250580951891,0.5533174609249365,0.4337027816082671
2,3,4,2,7,1,60,15,0,1,0.86,72.0,1,1,0,1,110.74809869687789,0.5090611331855264,0.6381977864749317
2,2,1,2,0,0,45,10,1,0,0.72,48.0,1,0,1,1,67.10588239993265,0.8722424394871533,0.48368028416918774
4,2,2,3,8,1,60,60,0,1,0.86,3.0,1,1,1,0,92.6463640143547,0.7788153311317026,0.6572471694970173
2,5,1,4,8,1,75,0,0,1,0.86,24.0,0,1,0,0,81.90678579170435,0.5922280830245987,0.42314855804941437
1,2,5,3,1,1,45,60,0,0,0.82,8.0,1,1,0,0,7.456813451342994,0.4856287428903049,0.3809771969652407
5,4,5,2,1,0,150,60,0,0,0.82,8.0,1,1,1,0,25.241148496442136,0.5400862246147562,0.6290213966079286
3,4,1,2,2,1,45,45,0,1,0.82,96.0,1,1,0,0,89.05339303844057,0.7384613425404142,0.41767663471446476
1,5,1,4,7,0,90,0,0,0,0.72,1.5,0,1,1,0,38.43432678870181,0.6729227677917716,0.6285182907803772
3,4,2,1,2,1,120,20,1,0,0.82,3.0,1,1,0,1,83.5654202139069,0.5676458467101932,0.615975070872891
5,2,4,2,0,0,180,20,0,1,0.86,1.5,1,0,1,1,46.82900999064596,0.889991056173569,0.4689199660616141
2,2,3,4,1,1,60,60,0,1,0.72,8.0,1,1,0,1,44.9884688256455,0.479731534824324,0.5964111051127277
4,1,4,3,6,1,90,15,0,1,0.86,2.0,1,1,1,0,64.82171389503178,0.8228396747645701,0.6356156986965014
1,3,2,3,2,1,30,15,1,0,0.72,96.0,1,0,0,1,79.12671223862884,0.9054759123783768,0.24936782762593285
1,3,3,2,6,1,60,10,1,0,0.82,72.0,1,1,0,0,36.915430517859406,0.5816674907440403,0.39389356265982345
3,5,5,4,3,1,75,60,1,0,0.82,12.0,1,1,1,0,86.13215365663926,0.590198897880952,0.6661075129194263
1,4,5,2,3,1,120,60,0,1,0.72,8.0,1,1,0,1,48.213831544314644,0.8181659556481343,0.5748709374675071
5,5,1,3,2,1,30,60,1,0,0.72,24.0,1,0,1,1,64.12682939554448,0.6297202186517583,0.4986708042914066
2,4,5,1,3,1,150,10,0,0,0.72,4.0,0,1,0,1,48.42572665957546,0.7127045451783971,0.5823944996105626
4,5,3,3,7,1,30,10,0,0,0.86,12.0,1,1,0,1,78.64752800972181,0.5822663181990578,0.6116730430658806
3,1,3,4,5,1,75,15,0,0,0.82,24.0,1,1,0,0,16.486597651148045,0.6515339668979391,0.3753836874179097
3,4,5,4,4,1,90,10,1,1,0.82,2.0,1,1,0,1,45.48707561874107,0.6831389748050039,0.5825049888428105
4,3,3,1,6,1,75,60,0,0,0.86,48.0,1,1,1,1,86.585314169288,0.6420605923580164,0.8527793013144642
3,1,4,1,5,1,60,45,1,0,0.86,48.0,1,0,0,1,57.44412630020985,0.8463368334542479,0.23905250585834256
4,2,5,5,6,1,150,20,1,1,0.86,96.0,0,1,0,1,27.159795056022226,0.5079265277765895,0.5825516730929869
1,3,2,3,7,0,30,60,0,1,0.72,2.0,0,1,0,1,124.0358581278816,0.5909067773988875,0.6413270976673323
1,3,3,4,7,1,180,45,0,0,0.72,2.0,1,1,0,1,32.69587972338897,0.5423896476712834,0.5838299778119362
4,4,4,5,3,1,45,60,0,0,0.82,2.0,1,1,1,1,26.552587354877858,0.5136642697343718,0.821745226021846
4,2,5,1,2,0,30,30,0,0,0.82,2.0,0,1,0,0,31.344320142082353,0.6207981105510995,0.387440345689478
1,5,4,5,3,0,90,30,0,0,0.82,2.0,1,1,1,0,27.98003712461849,0.6255300666178635,0.6248662534198286
3,4,1,5,1,1,90,30,0,0,0.72,48.0,0,0,0,0,114.01083916715828,0.6589019568637706,0.0998840891309749
5,1,3,4,6,0,45,60,0,0,0.82,3.0,1,1,0,1,30.546558335174673,0.5868945879837373,0.5792817510645882
4,3,4,4,0,1,180,0,0,0,0.72,2.0,0,1,0,1,7.737738345745871,0.6730663625945584,0.5580438468488782
4,2,2,4,6,1,30,10,0,1,0.72,3.0,0,0,0,0,88.30654874370398,0.624840681740064,0.08513218477399818
4,1,2,5,4,1,45,20,0,0,0.82,96.0,1,0,1,0,144.32181089476535,0.784196109486278,0.35132081293247075
1,1,4,3,8,0,30,30,0,1,0.72,48.0,1,1,1,0,79.89005991018227,0.5059095971615108,0.6678463681388158
1,5,2,5,8,1,45,15,0,0,0.72,4.0,1,1,0,1,71.59217159398096,0.5382877675767168,0.6100479706656172
1,3,5,3,8,1,45,20,0,0,0.82,96.0,1,1,1,0,142.13268569017532,0.5540450289055955,0.7059719717700585
1,4,3,4,8,1,150,10,0,0,0.82,2.0,0,1,0,0,87.25533399624318,0.6119424476442039,0.4253342513290679
1,2,3,2,8,0,75,45,1,0,0.82,4.0,1,0,0,0,96.32923267955002,0.6741350528757569,0.08703003475173036
5,4,4,5,0,1,150,60,0,0,0.86,3.0,0,1,0,0,58.327940868665365,0.7568439214961978,0.39590621940770976
3,4,5,4,5,0,150,30,0,0,0.86,4.0,0,1,0,0,62.32568595058222,0.6905228166965928,0.4032138601316267
5,3,5,2,0,0,30,30,0,0,0.82,48.0,1,1,0,0,109.7580548933348,0.7066083255602053,0.4337094538063422
2,1,4,5,4,0,150,15,1,0,0.86,3.0,1,1,0,0,139.84310947009544,0.6459736605568315,0.45801058340775214
1,1,1,4,2,0,75,0,0,1,0.82,2.0,1,0,1,1,25.08382422314937,0.7262585308162732,0.46588445232496045
3,2,5,2,1,1,75,60,0,0,0.72,48.0,0,1,1,1,19.865355485005647,0.697938915594384,0.8043878462317302
3,2,5,1,3,0,75,30,0,0,0.86,4.0,1,0,0,1,39.53928464791473,0.6373981610252354,0.24174165182684335
5,3,2,5,7,0,120,20,1,1,0.86,2.0,1,1,1,1,99.64933402593896,0.6493976638216233,0.8609750528831124
1,4,5,3,1,0,150,15,0,0,0.86,48.0,1,1,0,0,43.42891178497828,0.7197003952889058,0.38857358018642885
2,2,1,2,8,1,30,0,0,0,0.72,2.0,1,0,0,0,36.60669888544882,0.6928842717637117,0.045902566900172734
2,1,5,1,0,1,120,10,0,0,0.82,12.0,1,0,0,1,45.95922362549455,0.873608723305629,0.22948687178560234
4,2,5,1,4,0,180,0,0,0,0.82,4.0,1,1,0,1,76.79137607551101,0.7696397772731305,0.5973194663078882
2,5,3,3,4,1,75,20,1,0,0.72,24.0,1,1,0,1,28.894375630972633,0.5598391620555645,0.5800741757434256
1,2,3,3,5,1,90,15,0,0,0.86,8.0,1,0,1,1,64.56411992553073,0.6978386416476164,0.49419404170168735
4,1,1,4,0,0,30,0,1,0,0.86,1.5,1,1,0,1,44.068618151642525,0.7590072931762922,0.5762485682454213
5,5,3,5,8,1,60,20,0,1,0.82,2.0,1,1,0,0,109.88001293144012,0.5434473632075723,0.4452120265297634
3,5,4,4,4,0,120,60,0,1,0.82,12.0,1,1,1,1,127.35971369911695,0.7178665363415263,0.8746558182555045
5,5,1,3,6,0,75,45,0,0,0.86,96.0,1,1,1,0,39.88248256211022,0.8022720894258349,0.6204292754482651
1,1,5,1,4,0,120,10,0,1,0.72,3.0,1,1,0,0,58.38527013044029,0.6044631769802419,0.40661109103167664
1,4,1,4,5,0,120,60,0,1,0.72,96.0,0,0,0,1,43.25695472740835,0.7184223895815514,0.23854840254756365
4,2,3,3,7,1,90,0,1,0,0.86,3.0,1,1,1,0,14.89370805409733,0.6428500578000789,0.6149296346567261
5,4,1,3,1,1,120,10,0,1,0.72,72.0,1,0,0,0,36.65737812081197,0.7420348450444851,0.04249581292742735
3,1,4,5,0,1,45,10,0,0,0.86,4.0,1,0,0,0,22.229447501126316,0.8244630373512354,0.027107219052831068
5,1,1,3,4,1,120,45,0,0,0.82,8.0,1,1,0,1,39.8920580253656,0.7597129596204248,0.5734147981768141
3,5,4,4,5,1,30,60,1,0,0.86,24.0,1,1,1,0,66.94886255125292,0.8153109636610725,0.6375608075778936
3,3,3,3,8,0,30,0,1,0,0.72,4.0,1,1,1,0,135.8566226561875,0.4225779907429827,0.710990622418783
4,1,2,5,3,1,45,0,1,0,0.86,48.0,1,1,1,0,139.57206524863224,0.8762117992991272,0.6817132175481493
4,1,4,2,6,1,30,30,0,1,0.72,96.0,1,0,0,0,98.32174143870219,0.8860145123113552,0.07352681176400659
1,3,4,3,1,0,75,30,1,1,0.72,3.0,1,0,1,1,122.93067128724408,0.7386690641134648,0.5302469463702202
1,5,5,3,2,0,30,0,1,0,0.82,2.0,1,1,0,1,21.23913120193634,0.7173509870293509,0.5639448517092364
5,4,5,1,5,1,90,20,1,0,0.72,1.5,1,0,1,1,105.50761284757024,0.6475161179731266,0.525012280306928
3,5,4,2,6,1,45,30,0,1,0.72,12.0,1,0,1,1,39.096605081334275,0.5842123366909605,0.4851695398191889
2,5,5,3,5,1,30,0,0,0,0.82,1.5,1,1,0,1,57.77694445694374,0.6799273275470246,0.5909230500430042
5,4,1,1,7,1,90,15,0,1,0.82,1.5,0,1,0,1,131.88721007922862,0.6324796403224097,0.6436512318969171
5,5,1,4,3,0,90,30,0,0,0.72,8.0,1,1,1,1,115.20506137444949,0.7126879819813479,0.8669152155109386
2,2,1,2,4,0,75,0,0,1,0.86,4.0,0,0,0,0,40.45875475442171,0.6180268691783656,0.053710622327128886
2,4,1,1,8,1,60,20,0,1,0.82,8.0,1,0,0,1,63.95244274565803,0.6296096133655128,0.2585622888948528
4,3,4,5,0,1,45,10,0,1,0.82,96.0,1,1,1,1,80.10978549833798,0.6247069847397062,0.8496770347337792
4,3,2,3,8,1,180,60,1,0,0.86,8.0,0,1,0,1,65.29012635814672,0.6115210026764852,0.6007202807180771
4,2,5,4,8,1,150,45,0,0,0.82,4.0,1,1,0,0,187.70228044929104,0.6363395228103346,0.4905910870361373
4,4,3,2,8,0,60,60,0,0,0.86,24.0,0,1,0,1,136.99913211535355,0.5502879611607313,0.6528125974623179
4,1,5,1,5,1,120,10,1,1,0.82,3.0,0,1,0,1,70.07207489926716,0.8368905282943125,0.5881323796189096
2,4,1,3,2,0,180,20,0,1,0.86,24.0,1,0,1,1,52.619210537378834,0.8638814304358411,0.474607773561077
1,3,5,2,4,1,120,30,0,1,0.72,8.0,0,1,0,1,94.17845033398076,0.6103586528162626,0.6200605278588489
4,3,4,2,3,1,120,45,0,0,0.86,24.0,0,0,0,0,47.954151257282064,0.7748734050648259,0.047728295816983554
1,2,5,4,3,0,120,60,0,0,0.86,8.0,1,0,0,0,125.67406053327849,0.547816129152831,0.11543557798148751
3,5,1,2,2,1,45,45,1,1,0.72,48.0,0,1,0,0,31.988738517574284,0.8101040015604437,0.37461854556915186
2,4,2,1,8,0,90,0,0,1,0.86,2.0,1,0,0,1,25.195518165991636,0.633813660265849,0.23243005589205168
3,4,2,2,6,0,75,45,1,0,0.86,96.0,1,0,1,1,62.91757015888876,0.7028605019351175,0.4927448116371343
3,2,4,2,1,0,90,20,0,0,0.72,3.0,1,0,0,0,59.97050160858062,0.6760752165367204,0.06265506924814998
2,2,5,1,2,1,75,30,0,0,0.82,24.0,1,1,0,0,87.02068246331304,0.7124480963390695,0.4181424215651405
5,2,2,3,4,1,45,15,0,0,0.72,72.0,1,1,1,0,43.77757156316417,0.6235640402240465,0.6355355648930929
5,5,2,2,5,1,120,45,0,0,0.82,3.0,1,1,0,1,81.68173996385711,0.6125272846486535,0.6115775833838324
3,1,4,2,3,1,180,60,1,0,0.72,12.0,1,1,0,0,58.407066354698344,0.7705937999532556,0.3949964782397377
1,5,4,1,0,0,60,10,0,0,0.82,96.0,1,0,0,1,146.6984292810624,0.7503938940885754,0.30527138026784134
2,2,2,3,4,1,180,10,0,0,0.72,3.0,1,0,0,1,14.415510719052794,0.7666973550819897,0.21594152562362928
5,1,5,3,0,0,150,45,0,0,0.72,48.0,0,1,0,1,86.05642411089362,0.7259372190114263,0.6065553440764626
5,3,3,1,7,0,60,45,0,1,0.82,1.5,1,1,0,1,122.75844967322476,0.6276530441483051,0.6379032533584351
1,5,2,2,1,0,180,10,1,0,0.82,72.0,1,0,0,1,48.98652459333154,0.7564626497829381,0.23970529757741538
4,5,3,1,5,1,75,15,0,1,0.72,2.0,0,1,0,0,54.95184372794911,0.5757396627654893,0.4063327860917152
3,3,1,3,1,0,30,15,0,1,0.72,8.0,1,0,0,0,24.92842476903922,0.6541285757444322,0.0408299495439159
5,5,1,4,3,1,120,10,0,0,0.82,3.0,1,1,1,1,156.58386426830276,0.5269957964782941,0.9074995370920547
4,2,3,3,2,1,45,45,0,1,0.72,8.0,1,0,1,1,119.1162863270622,0.7740306404769327,0.5252287127179895
1,3,3,2,1,1,180,10,0,0,0.82,8.0,1,1,0,0,70.12330883649027,0.8741882400182427,0.3955556957563832
2,5,2,2,0,1,60,20,0,0,0.82,12.0,1,1,0,1,69.31185342898385,0.834192631146977,0.5878144181057009
4,4,2,4,4,1,45,0,0,0,0.82,72.0,1,1,1,0,215.66974234081255,0.6548934210772878,0.7479372887517983
4,2,5,5,0,1,45,0,0,1,0.82,72.0,1,1,1,0,71.6681671566823,0.5692630924907807,0.6579303616301003
2,3,1,5,6,0,90,45,1,1,0.86,1.5,0,1,1,0,42.23441309942082,0.623772829628939,0.6344921773255882
3,1,1,3,7,0,30,45,1,0,0.86,96.0,1,1,1,1,9.211288474038515,0.7523915533119044,0.793473450250859
3,2,1,3,8,0,60,45,0,1,0.72,96.0,1,1,0,0,69.97558715247804,0.574834159261118,0.4164120002867071
2,1,2,2,5,0,150,60,1,0,0.72,72.0,1,1,1,1,81.19463346425665,0.7913065681822974,0.838738295870077
5,2,4,4,2,0,90,20,1,0,0.86,8.0,1,0,1,1,84.23247016832065,0.7074960762977078,0.5066302547713742
3,5,3,4,0,1,30,10,0,0,0.82,72.0,0,1,0,1,35.0951955264124,0.7168981220018644,0.5732139284774778
5,5,1,3,1,0,45,15,1,0,0.72,8.0,1,1,1,1,62.30275915799476,0.7769739435611289,0.8271469967227175
2,3,5,1,5,0,120,0,1,0,0.72,12.0,1,0,0,0,48.74262382511842,0.6844294654710117,0.05458501996710813
5,3,3,5,2,0,180,20,1,0,0.82,24.0,1,1,1,1,43.23892189671831,0.6581033783273507,0.8227587114482311
1,4,1,2,2,0,180,30,0,1,0.82,3.0,0,1,0,0,129.41415340773918,0.8075380343733891,0.43974843986568884
2,2,5,1,7,1,120,0,0,0,0.82,3.0,1,1,0,1,32.417403845687744,0.5580834701628811,0.5825457596523902
4,1,2,3,8,1,30,30,1,0,0.86,96.0,1,1,0,0,135.85143920306376,0.5926687719106903,0.45908081210162754
2,1,2,1,5,1,45,10,1,0,0.86,96.0,1,0,0,0,17.87581320277511,0.7654926374824447,0.028332724178078944
2,3,4,5,4,0,30,10,0,1,0.82,1.5,1,1,1,1,91.10801779361348,0.6504368048618033,0.8552081021887494
4,4,2,4,8,1,30,60,0,0,0.82,96.0,0,1,0,1,7.9948635023842884,0.4913199494892528,0.5709375125373418
5,1,2,3,1,1,60,60,0,0,0.72,1.5,1,0,1,0,87.30083263352853,0.6461110001969539,0.3229727850752322
2,3,5,5,4,1,180,15,0,1,0.82,72.0,1,1,0,0,124.15620679342075,0.6067316860851913,0.45029958650298385
1,3,2,2,4,1,180,30,0,1,0.86,4.0,0,1,0,0,23.224570122057976,0.49418283610212393,0.39089024822088997
2,5,5,4,0,0,90,15,1,0,0.72,96.0,1,0,1,1,105.2513224091932,0.5613847287677988,0.5308706172590495
5,1,4,4,6,0,90,0,0,0,0.86,48.0,1,1,1,0,65.09998909449331,0.717729558963297,0.6431589236022315
5,5,4,3,2,0,30,15,1,1,0.72,3.0,1,1,1,0,73.36321455590762,0.5962581184027125,0.6571707414157486
3,5,4,4,8,0,45,10,0,0,0.72,1.5,1,1,0,1,75.67125798087152,0.45795865632908667,0.618390399377545
5,1,3,3,4,0,120,0,0,0,0.82,12.0,1,0,0,1,63.89125513806421,0.7292601879968209,0.25154595693226534
5,4,2,4,1,0,75,20,0,0,0.72,96.0,1,0,0,0,64.28564579705365,0.8131045070522592,0.05593978170437762
5,2,5,3,7,0,150,15,1,0,0.72,96.0,1,1,0,1,79.71868888687827,0.622122169231195,0.6095972407450686
3,3,4,4,1,1,120,45,0,1,0.82,12.0,1,1,0,1,102.31472115996908,0.616044128121161,0.6250867251381648
5,2,3,4,1,0,30,60,0,0,0.72,12.0,1,1,1,0,115.25400468247318,0.6107528570969684,0.6840833031248611
3,2,4,1,4,1,30,15,0,0,0.86,4.0,0,0,0,0,61.60678455535837,0.7802284810011082,0.05645519603349468
4,5,3,1,2,0,60,15,1,0,0.86,96.0,0,0,1,0,62.80915602466565,0.7919998225754571,0.29643278310282845
3,3,5,3,8,1,120,20,0,0,0.82,72.0,0,0,0,1,89.8922167478618,0.5698376214282264,0.2800395109985987
2,5,1,4,2,1,180,10,1,0,0.82,96.0,1,1,1,0,80.76523112250634,0.7351183146605272,0.6523852053887674
1,4,2,1,3,0,180,15,0,0,0.82,4.0,0,1,0,1,29.61118558654576,0.6067763911333425,0.5772664430116965
4,1,5,1,6,0,120,45,0,0,0.82,12.0,1,0,0,1,26.370675911658534,0.7370165314761626,0.225989293404441
3,5,1,2,4,1,60,30,1,0,0.86,2.0,1,1,0,1,48.287370251941184,0.5298880323791835,0.595099417901418
4,2,1,3,5,0,60,60,1,1,0.72,4.0,1,1,0,0,23.497639851776455,0.7261435520815468,0.3748350445888094
5,4,5,4,8,1,150,45,0,0,0.82,1.5,0,1,0,1,52.23618193643168,0.6629867952357578,0.5884150456244515
5,4,3,1,1,1,45,0,1,0,0.72,72.0,1,0,0,0,88.69200176271569,0.6534153350353934,0.08338892772266626
4,3,5,5,8,1,180,10,0,0,0.82,72.0,1,1,0,0,55.37605888691972,0.6082665372199899,0.40433871498588053
5,5,5,4,6,1,120,0,0,0,0.72,1.5,1,0,0,1,95.93845694139279,0.6717080800640314,0.2769394056897797
1,4,5,3,0,1,90,20,0,0,0.82,8.0,1,0,0,0,105.1545826573614,0.6034574508722532,0.09786103354384988
1,4,2,4,3,0,60,30,1,1,0.86,48.0,1,1,0,0,63.325275677309406,0.43883050330575385,0.4214987152201369
2,5,1,5,5,0,150,0,0,0,0.72,72.0,1,1,0,1,12.303329490622666,0.5741194829824274,0.5680138558516452
3,3,2,2,2,0,45,15,1,0,0.86,2.0,1,0,0,0,32.488805056944,0.805136455353189,0.03529965149657277
2,2,4,5,4,1,45,0,1,0,0.86,96.0,1,1,1,0,24.952433081394673,0.729582967197961,0.6155641476837392
3,5,3,1,6,1,45,20,0,0,0.86,4.0,1,0,1,0,108.27547922934994,0.5749096962317292,0.3419399740833456
3,2,2,1,5,1,45,30,0,1,0.86,96.0,0,0,1,0,15.29991986885312,0.7134063361561077,0.27026150304830787
1,5,5,5,4,0,180,15,0,0,0.82,3.0,1,1,0,1,90.0977316935229,0.590435799644572,0.6187346484872286
2,1,5,4,0,1,120,20,0,1,0.86,12.0,1,0,0,1,46.94651705148173,0.8522489138760603,0.23164025406299693
2,5,1,2,5,1,45,0,0,0,0.82,8.0,1,1,0,0,95.39311172049071,0.5553800058827056,0.4347188074018711
3,4,5,5,6,0,90,10,1,1,0.86,3.0,0,1,1,0,15.399608871001458,0.3852641350149166,0.6332979164629569
1,3,5,3,8,1,90,60,0,1,0.72,72.0,1,1,0,0,59.135817073183404,0.6374730798345463,0.4048007624603707
1,4,3,4,2,0,60,20,0,0,0.82,96.0,1,0,0,0,107.4755366047313,0.47779580386910264,0.10820465146565036
2,4,1,2,2,0,180,10,0,0,0.82,2.0,1,0,0,1,38.75662065730491,0.8831273171256111,0.22401883490607716
2,5,4,5,2,1,60,10,0,1,0.86,8.0,0,1,1,1,87.68088494347363,0.6224078387656446,0.854885374582054
1,4,1,5,5,0,75,0,0,1,0.72,8.0,1,1,1,0,40.982418969389634,0.7640171011482002,0.6238404155658859
1,2,2,4,1,0,60,20,0,0,0.72,3.0,1,0,0,0,78.71081399030868,0.9472493321221601,0.05616642274498791
1,4,2,1,0,1,60,15,0,0,0.82,72.0,1,0,0,0,52.90050076209599,0.6200177866890613,0.06186575543982971
5,1,1,3,7,1,30,60,0,0,0.82,72.0,0,0,0,0,10.008291787372126,0.8335592619545494,0.01832304618809629
2,4,3,1,2,1,120,15,0,0,0.82,4.0,1,0,0,1,119.56130036560361,0.5235822566396925,0.30305677561229066
4,1,5,2,3,0,120,30,0,0,0.82,8.0,1,0,0,0,43.79511163260134,0.5657398710216991,0.05959495011688196
2,5,3,2,5,1,45,0,0,1,0.86,2.0,1,1,0,1,52.45435352839522,0.6501645698708126,0.5894580491279733
5,2,1,4,4,1,30,20,0,0,0.82,4.0,0,0,1,0,61.042990176887045,0.5948105645871604,0.3090585872634901
4,5,5,3,6,0,30,45,0,1,0.86,1.5,1,1,0,1,45.301274323573395,0.5410524527781607,0.5923271778545777
2,2,3,5,4,0,180,0,0,0,0.86,48.0,1,1,0,1,28.690557142978093,0.6437647528006433,0.5740635053992736
3,1,3,4,3,1,90,30,1,0,0.86,96.0,1,0,1,0,167.36577472384508,0.8651413099624934,0.3610172914518555
2,2,4,1,3,1,30,30,1,0,0.72,8.0,1,0,1,0,36.84199755433141,0.7221904839227351,0.2840079978282961
4,5,1,5,0,0,60,20,0,0,0.82,8.0,1,1,1,1,46.31367631146676,0.6716716496465565,0.8238587687323855
4,3,4,5,0,0,180,45,0,1,0.72,72.0,1,1,0,0,25.257196622004273,0.7811994775333906,0.3721541676539989
1,5,3,3,6,1,75,20,0,0,0.72,8.0,1,1,0,1,69.44779239173468,0.5911138972390763,0.6049205554544211
3,5,5,1,3,1,180,45,0,1,0.82,2.0,1,0,0,1,105.69347117359634,0.5995501096263329,0.2884938064418876
1,3,3,1,6,1,90,30,0,0,0.86,72.0,1,0,0,1,76.22836430712522,0.6690335683990126,0.2639865597501526
3,2,1,2,8,1,75,20,0,1,0.72,2.0,0,1,0,0,64.31467679567234,0.6678185325545906,0.4061291539182936
1,1,3,5,0,1,45,0,1,1,0.86,4.0,1,0,1,0,89.39143023350366,0.7486653828825943,0.3171877100205541
3,5,4,4,0,1,180,15,0,0,0.72,1.5,1,1,0,1,60.29807293841057,0.5986051267710698,0.5982963564182988
5,1,3,3,4,0,60,0,0,0,0.82,48.0,0,0,0,0,60.980490366984256,0.7901642159563287,0.055342165127713165
3,4,2,4,8,1,45,10,0,0,0.86,48.0,1,1,1,1,60.79908341202535,0.5861008702899282,0.8395056613543885
1,1,4,2,7,1,150,45,0,0,0.86,4.0,1,1,0,1,26.71525069126897,0.6367478424293912,0.5732378181574552
3,4,3,4,1,1,75,15,0,0,0.86,8.0,1,0,0,1,23.26085857494408,0.6114564241847794,0.23270528935702817
3,1,5,2,6,1,90,15,0,1,0.72,4.0,0,1,0,0,99.1312188021132,0.7343264980705485,0.4246846243364704
2,2,4,4,3,0,30,60,0,0,0.72,96.0,0,0,1,1,87.01246798422409,0.5127409070156508,0.5221164484983871
5,3,1,3,1,1,180,10,0,0,0.86,96.0,1,1,1,0,51.279100027556424,0.8222096372653565,0.6266313920764628
4,3,5,5,1,0,150,60,1,0,0.82,4.0,0,1,1,0,30.330465280413822,0.648226085853902,0.6248444841771695
1,5,2,1,3,0,90,60,1,0,0.82,3.0,1,1,0,0,158.21648431663613,0.533325993083451,0.47814483669524926
4,2,1,5,4,1,60,60,0,0,0.86,96.0,1,1,0,1,59.48617181991392,0.7121618611683969,0.5898061175981549
1,4,2,4,6,0,90,60,0,0,0.72,96.0,1,1,0,1,144.50967974924612,0.706254055903553,0.6469020025862486
3,1,1,3,2,1,120,15,0,0,0.72,96.0,1,0,0,0,71.34065580617474,0.7611897186021594,0.06427715690196534
5,1,2,5,5,1,30,0,0,1,0.82,96.0,0,0,1,0,21.85711398170498,0.6381849736374661,0.279898461166514
3,4,4,3,4,1,180,10,0,0,0.82,12.0,1,0,0,1,77.59107305570394,0.7525529830154392,0.25904867322605524
2,4,3,5,2,1,60,60,0,0,0.72,72.0,1,1,0,1,89.40339306752182,0.7902366053334055,0.6042856996716761
3,3,4,5,4,1,75,60,0,0,0.72,8.0,0,0,1,0,74.31792760589424,0.6427124834709147,0.31455541122763214
5,4,3,3,3,1,30,60,0,1,0.72,12.0,1,1,1,1,31.96699798540228,0.7475908785709269,0.8089799704903032
2,1,1,2,2,0,120,45,1,0,0.82,96.0,1,1,0,0,44.93439117523652,0.8443370038811638,0.38085267051180954
4,4,4,3,8,0,75,60,1,0,0.86,72.0,1,0,1,1,52.93914727282576,0.5185648018499448,0.4989932287190543
3,3,3,3,5,0,90,30,0,0,0.72,12.0,1,1,0,0,120.01360290003586,0.7330315294224536,0.43869686154045223
4,2,5,5,8,0,75,15,0,0,0.72,96.0,0,1,1,0,50.90100900066365,0.5789805330199368,0.6434053686890469
2,1,1,2,7,0,30,0,1,0,0.72,3.0,1,0,0,1,162.28665512973262,0.7619334329270683,0.31485576311492697
2,4,5,5,1,1,75,0,0,0,0.86,3.0,0,1,0,1,25.847030153644496,0.5761987900223116,0.5768974381342012
5,2,4,4,8,0,30,30,0,0,0.86,24.0,0,1,1,1,51.38037179584225,0.5941412078179098,0.8326636966499745
5,1,2,2,5,0,75,45,0,1,0.86,1.5,1,0,1,1,22.193038816234633,0.8186117905427577,0.45749253387283007
1,2,2,2,4,1,150,10,0,0,0.72,72.0,0,0,0,0,12.98549865392243,0.6321665492369746,0.03440534065602674
4,5,4,1,7,1,30,45,0,0,0.86,72.0,1,1,0,0,110.07201854299004,0.5364058834433676,0.44583293385429096
5,1,4,1,0,0,75,0,0,0,0.72,2.0,1,1,0,0,90.04849419152009,0.7618420370094252,0.41670338687035363
2,2,3,2,1,1,75,20,1,1,0.86,72.0,0,1,1,0,43.51575976660874,0.8175879774671609,0.6217793480883713
5,2,3,4,8,0,60,10,0,1,0.72,3.0,0,1,1,0,21.555413439424704,0.4311984879029313,0.634186381473078
5,1,1,1,3,0,120,10,0,0,0.86,24.0,1,0,1,0,23.197709351004818,0.7672515324908603,0.2717575322929763
1,3,5,1,7,0,90,20,0,1,0.82,8.0,1,1,0,0,47.33708254510352,0.6581645556447766,0.3954865361349347
5,3,5,1,0,0,180,60,0,0,0.82,1.5,1,0,0,0,93.9424868685197,0.7964550629510934,0.0768764701724366
4,3,2,2,4,0,30,60,1,0,0.72,96.0,0,1,0,0,57.361675576380605,0.7834835709673049,0.3933972670832091
3,1,1,2,7,1,120,30,0,0,0.72,24.0,1,0,0,0,97.51500538984988,0.6230220870537535,0.09139845749947051
1,2,4,3,5,1,180,30,1,0,0.82,2.0,0,1,1,0,56.725886997511914,0.5889871771111315,0.6465881556005622
5,4,1,2,3,0,90,20,0,1,0.86,3.0,1,1,0,1,40.708563937321244,0.6799650348041841,0.579541490188588
3,3,3,2,8,0,75,0,0,0,0.72,48.0,1,1,0,0,183.25372552547415,0.8002639016080786,0.4761506772377506
3,5,4,1,5,1,180,20,0,0,0.86,12.0,1,1,0,1,183.361404212534,0.6144928390996676,0.6792264374047127
3,5,5,4,6,0,45,15,0,1,0.72,72.0,1,1,0,0,75.45292764020274,0.6461156262165075,0.4150738579249797
5,5,4,2,3,0,45,20,1,0,0.82,72.0,1,1,1,1,69.14805732377427,0.7100193492286748,0.836397350436509
2,2,4,4,1,0,120,30,0,0,0.82,96.0,0,1,0,0,37.752293712397275,0.781501431199747,0.3804630956242826
4,4,4,4,8,1,45,30,0,0,0.86,8.0,1,1,0,0,149.81306759342047,0.5673557020861028,0.4701604792495864
3,5,4,3,0,1,180,45,0,0,0.72,12.0,1,1,0,0,45.733394778690204,0.6004379165061722,0.39845827569702813
5,4,3,4,4,1,45,30,1,1,0.82,8.0,0,1,1,0,18.832471423094447,0.6299014343331621,0.6184618805454084
4,2,4,3,2,0,75,0,0,0,0.82,3.0,1,1,1,1,82.89782858105374,0.6683520121784782,0.8484805782015423
1,5,4,1,3,0,120,10,0,1,0.86,1.5,1,1,0,0,67.70167660839545,0.6934117884701023,0.4065956258793565
3,3,1,5,5,1,75,30,0,0,0.82,72.0,1,1,0,0,60.88399917118785,0.6339045755462437,0.4062160124925549
4,5,5,3,2,1,150,15,1,0,0.86,8.0,0,1,0,1,106.95042631193387,0.5856608346429263,0.6303040257829512
1,5,3,5,2,0,60,30,1,0,0.82,8.0,1,1,0,0,60.03448612057528,0.6781322744126355,0.4025537315381657
2,1,5,1,5,0,75,45,1,0,0.72,4.0,1,1,0,0,73.58605494492622,0.7379248129438296,0.4074026330572161
5,5,1,3,5,1,45,60,1,0,0.72,8.0,1,1,0,1,84.68127746668728,0.6790412317067277,0.6089212987583206
3,2,5,4,5,1,30,15,1,0,0.86,96.0,1,1,0,0,87.22199568388406,0.5890652786040096,0.42691342762030876
5,1,4,4,1,0,150,45,1,1,0.86,4.0,1,0,1,1,134.70811815088211,0.7893012167675654,0.5345543269268584
3,1,5,1,4,0,90,45,0,0,0.82,8.0,0,0,0,0,6.588710610560003,0.7896455981027909,0.019117281873177974
5,1,4,3,3,0,30,30,0,0,0.82,1.5,1,1,1,0,143.25753895443512,0.7836540833749966,0.6906492401333737
2,3,4,1,2,1,120,0,0,0,0.86,4.0,0,0,0,0,48.47103279645864,0.7430671841656227,0.05029931897271217
2,1,1,2,1,1,150,0,0,1,0.82,8.0,1,0,0,0,81.9680947654647,0.7488527280421519,0.07222570554735917
2,1,1,3,5,1,120,0,0,1,0.86,96.0,1,1,1,0,86.04723266762292,0.778863830519587,0.6528443536420443
2,5,1,2,2,0,180,0,0,0,0.86,72.0,0,1,0,0,88.64130579679443,0.7468838587802127,0.4168123337499148
4,5,4,4,5,0,30,15,0,0,0.82,2.0,1,1,0,0,62.63616413683293,0.6683280406038365,0.4049744799156201
1,1,5,3,1,1,150,10,0,0,0.72,24.0,1,1,1,1,118.90348587708598,0.7068543565597806,0.8697891856255394
3,4,3,3,6,1,90,60,0,1,0.82,8.0,1,0,0,1,102.98196241126226,0.6979434158230144,0.2797986024998972
4,2,5,1,2,0,45,0,1,1,0.72,12.0,1,0,0,0,62.72773218169579,0.7477357894802924,0.05947698285751006
5,5,2,3,7,1,30,10,1,0,0.82,4.0,0,1,1,0,105.99216693603118,0.6127401793931498,0.6777696320665004
4,2,3,2,2,1,180,20,0,0,0.82,48.0,1,0,0,0,119.99405739383576,0.7943268605219953,0.0943931580260175
5,3,3,5,7,0,60,15,1,0,0.72,3.0,1,1,0,0,31.196118744640984,0.4818769645595254,0.39706602497726057
1,5,2,4,4,0,180,30,1,0,0.86,3.0,0,1,1,0,93.55427189652065,0.7834539290262017,0.6575277395658464
2,1,3,4,8,1,120,45,0,0,0.86,3.0,1,1,0,0,130.1802721399112,0.6626235177622765,0.45040320184991484
5,3,3,5,0,1,30,0,0,1,0.82,2.0,0,1,1,0,7.607101841214552,0.6813568013287687,0.6073764251344627
3,3,5,2,2,1,180,45,1,1,0.82,4.0,1,0,0,1,55.20863110542152,0.6869739374309307,0.24871757845011588
1,3,3,1,8,1,45,60,0,0,0.86,24.0,1,1,0,1,53.79495715488541,0.7190036757645648,0.5855330474664041
1,2,3,4,0,1,30,15,0,0,0.86,1.5,1,0,0,1,57.36232525681666,0.5059186701956842,0.2628272432575132
5,3,5,2,8,0,30,30,0,0,0.86,12.0,1,1,1,1,116.36273828532964,0.5455812624309244,0.8793844704867217
4,2,5,2,6,0,45,30,0,1,0.86,1.5,1,1,0,0,25.711756766549577,0.5763690272023654,0.38679533927353416
5,5,1,3,6,1,150,0,0,1,0.86,12.0,0,1,0,1,33.296759420771224,0.5641637371722489,0.58270637801179
5,4,3,1,8,0,120,45,1,0,0.86,24.0,1,1,0,1,51.021406610651276,0.5277070430840096,0.5970747780578869
4,1,2,3,8,0,75,60,0,0,0.82,3.0,1,1,0,0,102.590642856073,0.8539591351200929,0.4186166224456422
2,1,2,5,3,0,60,0,0,0,0.72,1.5,0,1,0,0,5.242142704120309,0.6998738468489586,0.3645035925233198
3,1,1,5,5,1,30,30,1,1,0.72,3.0,1,0,0,0,13.132065527048367,0.7217045642288392,0.028235390855346834
3,1,4,2,8,0,30,0,0,1,0.72,96.0,1,1,1,0,106.02661925981295,0.8761121885145237,0.6593565596438586
1,5,5,5,3,0,180,0,0,1,0.86,24.0,1,1,0,1,165.56188194130596,0.5624621862245982,0.6710022349251488
1,4,1,5,0,1,75,0,0,0,0.72,96.0,1,1,0,1,26.701191360520177,0.7511802295861066,0.5652181781693193
3,3,3,3,3,0,180,20,0,1,0.72,4.0,1,1,0,0,16.654707720552693,0.7848633864942661,0.3661627014257699
2,4,2,2,0,1,75,45,0,0,0.72,48.0,0,0,1,0,30.408732168987783,0.6285263849784293,0.2862756411641685
3,5,3,3,5,1,30,45,1,0,0.86,48.0,1,1,1,0,60.25797003080821,0.4931138679574779,0.6556540092635154
3,2,2,5,6,1,30,30,0,1,0.72,1.5,1,1,0,0,35.71811914019146,0.651937916384565,0.3881764252798748
2,1,4,3,6,0,120,60,0,1,0.72,48.0,0,0,1,0,81.49424859778229,0.6425813564758002,0.31934880411188216
2,1,1,3,6,0,60,10,1,1,0.82,24.0,1,0,1,1,142.9450933826344,0.7349119287548762,0.5438528939089149
3,4,2,4,4,1,150,60,0,1,0.82,4.0,1,1,0,1,50.32132302420112,0.8096761625650905,0.5768702173032444
1,5,5,2,0,1,120,45,0,0,0.72,4.0,1,1,0,0,62.12537905636425,0.5900199040736961,0.4101155260857508
1,5,2,4,3,1,30,0,1,1,0.86,4.0,1,1,1,1,93.26729092895043,0.7075955576534635,0.8526465049168912
2,3,4,4,3,0,120,20,1,0,0.86,24.0,1,0,1,0,105.64615142058832,0.6492313270161414,0.3349845747225957
3,3,1,1,2,1,30,20,0,1,0.82,3.0,1,1,1,0,53.46625686864998,0.8427317064033744,0.6266529517975306
5,1,3,2,1,0,90,20,0,0,0.82,2.0,1,1,0,0,46.13837763792347,0.8177005190025614,0.38351988209510307
4,2,1,1,2,1,60,15,0,1,0.82,2.0,1,1,0,0,2.2967929311270083,0.9029401969406652,0.3483253815015715
3,2,5,4,5,1,120,45,0,0,0.82,12.0,0,1,0,0,94.79965559079466,0.541478788280175,0.43529625521425086
4,4,2,4,2,1,180,0,0,1,0.82,96.0,0,0,0,0,46.9725141148579,0.6024165888780613,0.059145848188440986
1,5,4,2,3,1,90,30,0,0,0.86,2.0,1,1,0,1,97.18180310017259,0.6319790988780765,0.6205493318119831
1,3,4,4,5,0,90,20,0,0,0.86,72.0,1,1,1,0,74.80176023010185,0.5350535332483651,0.6624140928260157
5,4,1,5,6,0,90,0,0,1,0.82,2.0,0,1,1,0,32.98189983322763,0.5592024569082922,0.6328437612385713
4,3,5,2,6,1,75,30,0,0,0.86,96.0,0,0,1,0,129.75279281942863,0.7087197893831935,0.3468914766227955
5,3,2,3,0,1,180,60,0,1,0.82,72.0,1,1,0,0,109.53797084205182,0.8441410130851231,0.4239354429787426
5,5,4,5,0,0,90,30,0,1,0.72,2.0,0,1,0,1,57.22783040008407,0.43098963010944447,0.6079826128257283
4,4,1,1,4,1,75,10,0,1,0.72,3.0,1,0,0,1,11.05256698171343,0.818841473885908,0.2100494748157954
1,3,3,5,0,0,180,30,1,1,0.82,96.0,0,1,0,1,119.03443842850706,0.4765946073634063,0.645994669770233
1,2,3,1,8,0,180,30,1,1,0.86,4.0,1,1,0,0,83.59602196347599,0.5895422110598301,0.42446272653479594
2,1,2,1,3,0,150,60,0,0,0.82,4.0,0,0,1,0,14.142936873917925,0.8460319081825229,0.26020639100983534
4,1,4,1,6,1,45,30,1,0,0.86,48.0,1,0,1,0,12.330003313606001,0.7407475664046232,0.266367672560747
2,3,4,3,8,1,45,60,0,1,0.82,8.0,0,1,1,1,56.28175490812842,0.7821018963716151,0.8227740371927392
5,5,2,2,1,0,45,20,0,0,0.82,12.0,1,0,0,0,114.1645072494768,0.526435876952663,0.1092591601129648
5,1,5,2,3,1,30,20,0,0,0.82,4.0,1,1,0,0,23.967584996167204,0.6460777563074916,0.3807529470559204
1,3,1,2,5,0,90,20,1,0,0.72,12.0,1,1,1,0,12.713694355625517,0.6555261157333366,0.6125889681357503
4,3,5,2,0,0,60,15,0,0,0.72,8.0,0,1,0,1,20.752680833296242,0.6391802969963278,0.5690924997657879
3,3,5,1,3,1,150,20,0,1,0.86,1.5,0,1,0,1,20.408746193672616,0.7148234616105948,0.5635681884830401
5,1,4,4,8,1,75,15,0,0,0.86,12.0,1,0,1,1,69.34870368181461,0.7274153892080786,0.49531339187664425
1,1,3,4,7,0,75,0,1,0,0.86,4.0,1,1,1,1,76.61349690975445,0.7010612434270126,0.8420013775666121
3,1,1,3,3,1,45,0,1,0,0.72,96.0,1,1,0,0,98.26759860895132,0.8257948356302125,0.41770609391185265
4,4,5,3,7,1,120,20,1,0,0.72,48.0,1,1,0,1,174.96289747221314,0.6336379347607689,0.6722872762148883
5,5,1,4,7,0,90,10,0,1,0.82,2.0,1,1,0,1,61.24927847938899,0.6946441447331955,0.592207762188269
2,2,5,4,3,1,75,10,0,0,0.86,48.0,1,1,0,0,21.989653709465358,0.645841696713485,0.3794508503696996
3,2,3,1,5,1,75,0,0,1,0.86,48.0,1,1,1,0,95.37996490229008,0.8023253212833064,0.6574238707783621
4,5,5,5,5,0,75,20,0,0,0.86,72.0,1,1,0,1,52.16943298458109,0.6329707680537263,0.5904716682259599
3,2,3,3,6,1,120,30,0,0,0.82,72.0,1,1,0,1,105.42219586302531,0.6428618508648593,0.6252811343481434
4,4,4,2,6,1,45,15,0,0,0.82,3.0,1,1,0,0,46.857731854373675,0.4263858339425043,0.4113914795269405
1,5,3,3,4,0,30,10,1,0,0.72,48.0,1,1,0,0,55.21704918765886,0.7425259504624899,0.3948345495927316
4,5,3,4,3,0,120,20,0,0,0.82,24.0,1,1,0,1,155.42604946582694,0.6977391733678932,0.6547756241747988
4,3,3,3,1,1,180,20,0,0,0.86,3.0,0,1,1,1,108.47402030762944,0.8611953999538733,0.8520323355416486
5,1,5,2,1,1,45,0,1,0,0.72,8.0,1,0,1,0,62.56565570807381,0.7215774176166136,0.3012000179055529
1,5,2,2,6,1,60,45,0,0,0.86,4.0,1,0,0,0,84.99285092284984,0.7234856312118804,0.0760179064304016
5,1,4,2,0,1,75,10,1,1,0.86,24.0,1,0,1,0,61.913056923596116,0.7015950638255067,0.3021637168146119
5,4,3,2,3,1,45,15,0,0,0.86,8.0,1,0,0,1,78.90506589298701,0.852103392310747,0.25295613980023907
1,4,4,3,1,1,45,10,1,0,0.82,72.0,0,1,1,0,54.30078515803387,0.6621354185451486,0.639851044140529
3,3,3,1,5,1,180,20,0,0,0.86,3.0,1,1,0,0,42.296230607709894,0.5457498886965153,0.39999499486305057
4,2,2,2,1,0,90,45,1,1,0.72,3.0,1,1,1,0,68.86130618631414,0.8327030717589766,0.6376183224344144
1,1,3,4,2,1,30,60,0,1,0.72,3.0,1,1,1,0,166.50334228712552,0.7464906060523726,0.708747885767751
1,4,1,5,5,0,45,45,0,0,0.82,96.0,0,1,0,0,14.405222810017053,0.6134956628177164,0.3766587854761046
5,5,3,5,5,0,120,45,1,0,0.82,48.0,1,1,1,0,68.0314187930763,0.640101389095067,0.6505471819587295
1,2,4,3,3,0,30,15,0,1,0.72,12.0,1,0,1,0,14.806169904982966,0.7071019575609045,0.27037364290739196
4,4,3,4,1,1,150,45,1,0,0.72,48.0,1,1,1,0,62.27590507613363,0.7363397260097062,0.6399734892300765
1,3,5,5,0,0,180,20,0,0,0.82,8.0,1,1,0,0,28.637432220907463,0.6786993879620953,0.3815826643232584
4,2,2,2,5,0,180,0,1,1,0.82,24.0,1,1,1,0,71.70048988768016,0.7896506581021078,0.6425247805246393
1,3,2,4,8,1,30,30,0,0,0.82,12.0,1,1,0,1,25.122780794829367,0.5698831986554898,0.5768566966240021
3,2,3,3,7,1,180,30,1,1,0.82,12.0,1,0,1,0,75.72484903418052,0.6815132858121216,0.3127773026826052
3,5,4,1,4,1,60,0,0,1,0.82,12.0,1,1,0,1,123.11740323800304,0.6445410220212018,0.6369603972838512
4,3,3,3,8,0,180,45,1,0,0.86,72.0,1,1,0,0,105.7171012286698,0.5120136861268705,0.44463710945689894
2,1,3,3,3,1,150,15,0,1,0.86,1.5,1,1,0,1,28.97689269115112,0.7340467017302706,0.5679346593396485
4,3,2,3,1,0,30,10,1,0,0.86,24.0,1,0,0,0,103.85039032746074,0.8097279090760192,0.08255263991631914
2,2,4,1,2,0,120,30,1,0,0.72,1.5,0,1,0,0,22.965986255102436,0.7848877261978171,0.37036851666955445
1,5,3,2,0,0,45,0,0,0,0.82,8.0,1,1,1,0,63.67031669295155,0.5649643336082628,0.6528993744427226
5,2,1,1,6,1,180,20,1,1,0.86,3.0,1,1,1,0,58.89331880141123,0.6938426606051524,0.6406932262919136
4,3,1,2,2,1,60,45,1,0,0.72,24.0,0,1,0,0,21.560685574465715,0.8006209115078697,0.3683303265774263
1,3,4,4,2,0,150,15,0,0,0.86,3.0,1,1,0,0,82.04580089463111,0.637222751359312,0.42009160800126893
1,4,2,4,8,0,150,30,1,1,0.82,12.0,1,1,1,0,98.39370804894412,0.5782558354815307,0.6751178968822557
2,3,1,1,5,0,30,0,0,0,0.86,12.0,1,1,0,1,92.85098763423613,0.8514643920686429,0.6022981509780191
5,2,1,1,8,0,180,60,0,0,0.86,8.0,1,0,1,1,55.948350031473595,0.715740443533328,0.48719706897364945
4,1,2,2,3,1,45,45,0,1,0.82,3.0,1,0,0,0,27.85652936651809,0.9393996114176574,0.022813046778442713
3,2,3,1,4,1,75,15,0,0,0.72,48.0,1,1,1,0,78.72112646439564,0.7622217015031019,0.6491252318710466
1,1,3,4,6,0,180,30,0,0,0.82,24.0,0,1,1,0,59.45212429589534,0.638207194097615,0.6449602459437639
1,2,3,3,3,1,120,20,0,1,0.72,2.0,1,1,0,0,42.845263519966565,0.6242126267581717,0.39486862514023907
2,1,1,3,0,0,90,0,0,1,0.86,1.5,1,0,1,1,20.62083921131761,0.7551923745600437,0.46088375992167535
5,2,5,3,6,0,90,10,0,0,0.82,2.0,1,0,0,0,77.13335087091052,0.5606690709329188,0.08217539894863604
3,5,5,4,2,0,150,20,0,0,0.72,1.5,1,1,0,0,40.95703438180634,0.530876428517942,0.40014333959161497
2,2,3,2,6,0,60,10,0,0,0.82,8.0,1,1,0,0,116.41002261424931,0.6465701988709163,0.44234676782186877
5,1,4,1,4,1,45,20,1,0,0.82,48.0,1,0,0,0,112.69533250132116,0.8346461737408715,0.08670498950568645
1,1,3,4,1,0,75,0,0,0,0.72,1.5,1,0,0,0,52.464937643191405,0.642435250402669,0.060006157567274114
2,1,5,3,1,1,45,60,0,0,0.72,72.0,1,1,0,0,51.876496547612874,0.6483239952691829,0.39920165136289915
1,1,3,1,3,1,120,15,1,1,0.82,72.0,1,1,1,0,32.555889540567705,0.7996107823546542,0.6157311715955527
1,2,1,2,7,1,150,20,0,1,0.82,4.0,1,1,0,0,131.89256434985822,0.49184095935999406,0.4634995090780393
1,4,3,2,3,0,45,20,0,0,0.86,12.0,1,1,1,0,47.77484527248593,0.7454669027717612,0.6296672136543008
3,4,5,2,5,0,45,0,1,0,0.86,2.0,1,1,1,0,73.23682303952424,0.723216726593954,0.6481993778314394
1,2,1,2,3,1,180,15,0,0,0.82,2.0,1,1,0,0,34.603735275609864,0.8722960729682826,0.3720084317426268
3,2,2,3,0,0,75,45,0,1,0.82,4.0,0,0,0,0,81.94001819322868,0.7954343570266483,0.06894627380362041
1,5,4,4,6,1,180,30,0,0,0.82,96.0,1,1,0,1,99.51713675855062,0.562789761624803,0.6269494745252975
1,1,2,4,2,1,180,15,0,0,0.86,96.0,1,0,1,0,59.20227162595042,0.8331637933304351,0.2911467155508365
3,4,4,3,7,1,90,30,0,1,0.72,8.0,1,1,1,1,78.67271567256611,0.5686768950958282,0.8526410944583361
2,2,1,4,0,1,60,15,0,0,0.86,8.0,0,1,0,0,114.63780970450378,0.8128725668747558,0.42952412678843627
5,4,5,2,8,0,60,30,0,0,0.86,8.0,1,1,0,0,64.31194416153326,0.6185945550265395,0.4095730105891644
5,2,2,4,2,1,90,0,1,0,0.82,96.0,1,1,1,0,43.941654354084854,0.5991268909815801,0.637355553867346
3,5,1,2,8,1,45,60,0,0,0.82,8.0,1,1,0,0,131.24989815696017,0.629485515499377,0.45343594601968373
5,2,4,3,3,1,120,0,0,0,0.82,48.0,1,0,0,1,107.05080952160048,0.787964988698183,0.27620965713886086
2,3,5,3,7,0,30,10,0,0,0.82,1.5,1,0,0,1,81.93816445301465,0.5163504472039542,0.27848091166439964
5,1,1,3,0,1,120,45,0,0,0.86,3.0,1,0,1,0,19.970448665835328,0.8509416372208992,0.26374771783842726
2,3,4,5,1,1,30,60,0,0,0.86,72.0,0,1,0,1,30.729095048626203,0.7091179578165878,0.5708478063185897
3,3,3,5,0,0,30,10,0,0,0.86,12.0,0,1,0,0,61.32490210935579,0.6354308101166531,0.40640311136473817
3,3,4,3,5,1,45,45,0,0,0.82,48.0,1,1,0,1,28.204591816451185,0.42175360942794526,0.5892803085510113
5,4,1,3,3,0,30,10,1,0,0.82,48.0,1,0,1,1,97.37222128522926,0.5123265347948455,0.5290519567545137
3,4,1,5,0,0,45,10,1,0,0.86,12.0,1,1,0,0,46.1727529218351,0.5956254364931903,0.3990880547267001
5,4,3,1,2,0,75,10,0,0,0.86,72.0,1,0,1,0,58.48893385686444,0.7369220748455603,0.29740807733205377
5,1,5,5,1,1,45,60,0,1,0.72,4.0,1,1,0,0,31.205296160739458,0.6267384261344411,0.38693184094441546
3,2,1,3,7,0,120,0,0,0,0.82,2.0,1,0,0,1,85.97257212632456,0.6268878293167408,0.27343290003204457
5,5,5,3,3,1,150,45,0,1,0.86,72.0,1,1,0,0,46.19166566424428,0.6802597998196545,0.39317625778878706
2,2,3,1,5,0,60,20,0,0,0.86,96.0,0,0,0,1,34.1533418038002,0.7315991266820626,0.23155695566812243
3,1,3,3,1,0,120,60,0,0,0.86,4.0,1,1,0,0,93.69145922855239,0.8133452503805422,0.415526805292397
2,4,5,3,2,1,150,45,0,0,0.86,12.0,1,0,0,0,80.48882131299621,0.6293831354025112,0.07960239473048836
1,3,3,5,4,0,120,20,1,0,0.82,48.0,1,1,0,0,42.26480948674943,0.5135858603319785,0.4022255294345945
1,4,5,5,2,1,180,60,0,0,0.86,8.0,1,1,0,0,98.69690656177121,0.604811969431507,0.43346109984764203
1,2,1,2,2,1,120,10,0,1,0.86,2.0,1,1,0,1,38.866772748966476,0.8321097384665495,0.5676635001399859
1,5,3,3,4,1,75,45,0,1,0.86,3.0,1,1,0,1,36.02273268732456,0.6717452688089268,0.5769929863082582
5,3,2,1,7,1,90,30,1,1,0.72,4.0,0,1,1,0,100.00612488940622,0.6860586760999601,0.6686466425992738
1,3,2,5,3,1,30,60,1,0,0.82,1.5,1,1,1,0,48.41695007448607,0.7824091370618562,0.6275093271219941
5,3,5,1,6,1,90,10,1,0,0.86,4.0,1,1,1,1,44.929731475895444,0.574257588795645,0.8297551231015685
3,5,1,2,7,0,75,60,0,0,0.86,1.5,1,0,0,0,64.63392428673212,0.6530910222927007,0.06737291129733237
2,3,2,4,0,1,30,20,0,0,0.72,48.0,0,0,1,1,58.67742636687933,0.6896085286438127,0.4908456872395193
2,2,4,1,7,0,60,10,0,0,0.72,96.0,1,1,1,0,40.404236521748466,0.7218233638401632,0.6264085222123543
4,1,4,4,8,0,180,10,0,0,0.86,2.0,1,0,1,1,66.64782980555813,0.675692814070308,0.49713338955211717
3,2,3,3,4,1,30,10,0,1,0.82,72.0,0,1,0,1,30.328423726224237,0.7339905790444414,0.5688396086177052
1,5,2,2,1,0,60,10,0,0,0.72,72.0,1,1,1,0,44.899514524473396,0.8147738902011926,0.6228988373688988
1,5,5,4,5,0,45,45,0,1,0.86,4.0,0,1,0,1,147.99949183461172,0.442484931738937,0.6676923826680156
2,2,1,4,8,0,60,20,0,0,0.86,4.0,0,0,0,0,111.17777359296494,0.633590449723352,0.09976718424800865
2,1,5,5,3,1,150,10,1,0,0.72,8.0,1,1,0,1,75.72911296279868,0.6965777878615594,0.6017256301582233
1,2,5,2,7,1,60,20,0,1,0.72,48.0,0,1,1,0,118.27480645609636,0.7755508204272167,0.6745613135408258
3,5,1,2,3,1,75,10,0,1,0.82,4.0,1,1,1,0,26.178499947489943,0.7286417178716743,0.6164474130473095
3,2,5,5,6,1,90,10,0,0,0.82,4.0,1,1,1,1,76.33177878255503,0.7310195637330377,0.8397164830603907
5,2,5,4,4,1,60,45,1,0,0.72,1.5,1,1,0,1,86.6369254952898,0.663721867791987,0.611297419584754
5,5,1,1,1,0,150,30,0,0,0.82,96.0,1,0,0,0,6.124151671039414,0.714007469504195,0.024102244915399293
3,5,1,3,0,0,120,0,0,0,0.72,3.0,0,1,0,0,22.822620074178985,0.6482301642131612,0.3798389685545314
3,4,3,3,6,1,90,45,0,0,0.86,96.0,0,1,0,0,89.54761284005835,0.6449812722059578,0.42454971950562187
2,3,1,5,2,0,90,30,0,1,0.72,8.0,1,1,1,0,127.73990291534832,0.6480140167567848,0.689798954103924
3,3,2,5,8,0,120,10,0,0,0.86,96.0,1,1,1,1,35.380312256766956,0.5026443388610088,0.828401771117574
4,5,5,4,0,1,150,15,0,0,0.72,12.0,1,1,1,1,51.55063025656153,0.48358807126964465,0.8405159218488326
4,2,3,2,1,0,45,0,0,0,0.82,2.0,1,1,0,0,21.74644192645149,0.8373490825568912,0.3658831921719853
4,2,4,5,1,0,150,15,1,0,0.86,3.0,0,1,1,1,66.92005197428928,0.6743275440845067,0.8374104398969441
4,5,5,1,8,1,60,15,0,1,0.86,12.0,0,1,0,0,60.90881051390592,0.5743691131755344,0.41040003575364986
5,1,2,2,3,1,150,30,0,0,0.86,1.5,1,0,0,0,67.90393966238923,0.7425318369967555,0.06329206451848661
5,1,4,3,8,1,90,30,0,1,0.86,3.0,0,1,0,0,34.23750403333502,0.7449331531470723,0.38067968196859503
4,3,2,3,2,1,60,15,0,0,0.82,8.0,0,1,0,0,63.86706242940335,0.6750038856263606,0.405327769625757
4,3,3,2,1,1,120,60,1,0,0.82,4.0,0,1,1,1,40.551062626804395,0.789291587820768,0.8117836306037493
4,1,4,1,2,1,45,60,0,1,0.86,4.0,1,0,0,1,111.31890797950206,0.9445385326455744,0.26809490803447783
3,5,3,2,8,1,30,60,1,0,0.72,3.0,1,1,0,1,158.00143092682902,0.5096066767091076,0.6696618199149151
5,5,1,5,6,1,45,30,0,0,0.82,8.0,1,1,1,0,117.2225559854504,0.7455144913421473,0.6759623562630167
2,5,3,2,7,0,180,60,0,0,0.82,96.0,1,1,0,0,43.020050056650916,0.5118414835837191,0.40285112952024027
3,1,3,5,4,0,90,10,0,0,0.72,24.0,1,0,1,0,44.89574677037826,0.7372004779045298,0.2883264643936017
1,5,2,1,0,1,90,60,0,0,0.72,72.0,1,1,0,0,82.53039066453653,0.7892613737165568,0.40977196428286544
4,3,2,2,8,0,90,15,0,1,0.72,4.0,1,1,0,1,107.55549857443944,0.6867206505406328,0.6236332201784487
4,3,5,1,3,1,45,15,0,0,0.72,24.0,1,1,0,1,41.289790703962026,0.5972211991314498,0.5857210431967732
4,3,4,1,2,1,150,20,0,1,0.72,3.0,1,0,1,0,44.07571033874613,0.6994971761724541,0.29041900456042563
5,2,2,3,1,0,30,0,0,0,0.82,24.0,1,0,0,1,91.45853254127115,0.49363687102464604,0.28641777405578894
4,3,2,1,8,1,90,10,0,1,0.82,12.0,0,1,1,1,131.74258605346984,0.7116208081896558,0.8780149341290373
1,4,4,2,5,0,30,20,0,1,0.86,72.0,1,1,0,1,119.49978479773287,0.7025535473451301,0.6304877748843295
3,3,5,4,3,1,60,60,1,0,0.86,4.0,0,0,0,1,56.78333151007348,0.5513896602977054,0.25925827811920965
1,4,4,5,5,0,90,0,0,1,0.72,3.0,0,1,1,0,40.30041203534694,0.567699307326014,0.637127989844077
2,5,2,4,2,1,60,60,0,1,0.82,2.0,1,1,1,1,63.77555769111996,0.5969122953447216,0.8407331777866162
5,5,1,5,1,0,150,30,0,1,0.86,3.0,1,1,1,1,79.64482647785978,0.66851452698598,0.8463005340962213
1,5,5,5,1,1,45,20,0,1,0.72,12.0,1,1,0,1,12.80481475062418,0.6501410224418426,0.5630266715961538
4,5,2,2,2,1,120,15,0,0,0.82,48.0,1,0,0,0,123.86970369835845,0.8882684543539028,0.0904010106607991
2,3,3,3,2,0,180,0,0,1,0.82,72.0,1,1,0,0,46.37088628876349,0.8041470730127358,0.3846236290816175
2,3,5,3,6,1,120,10,0,0,0.86,3.0,1,0,0,1,43.90613570925775,0.5410558202360379,0.2513968497229825
2,1,3,1,1,1,30,60,1,0,0.82,12.0,1,0,0,0,90.91589478370774,0.6257260976898522,0.08680976968418218
1,3,3,3,5,1,120,30,0,0,0.72,2.0,1,1,0,0,134.29963433434838,0.7687829774093976,0.44571828113757445
2,2,5,1,1,0,120,60,1,0,0.82,12.0,1,1,0,1,115.72700340427934,0.8797180116883433,0.6155710747846689
4,4,3,1,5,1,180,20,0,0,0.82,4.0,1,0,1,1,37.03368275075408,0.6046124927916204,0.4823662473384226
3,5,5,3,0,0,75,15,0,1,0.82,12.0,0,0,0,1,27.99850932770925,0.6614828116716605,0.23236187606812328
1,5,2,1,1,1,45,10,1,1,0.72,4.0,1,1,0,0,103.97016604047685,0.7164535866447881,0.4291616929618495
1,5,4,4,6,1,75,10,0,1,0.82,8.0,1,1,1,1,121.86931055400463,0.655064322737608,0.8753917044443705
4,2,4,3,2,1,30,0,0,1,0.82,72.0,1,0,0,0,117.10851062532682,0.8119931266061919,0.09123282155445112
1,3,5,3,8,1,75,10,1,0,0.82,48.0,1,0,0,1,61.46802390893059,0.6445677251631635,0.2558589418445323
1,5,3,1,0,1,120,10,0,0,0.86,12.0,1,0,0,1,42.69951658512067,0.7911363569278641,0.23308679940512997
5,4,2,1,6,0,60,45,0,1,0.72,96.0,1,1,1,1,69.05673927527323,0.6137790486299617,0.8430732927794182
5,1,1,2,1,0,75,20,0,1,0.86,3.0,1,0,1,0,97.68766434493998,0.7715940707025823,0.3211135246141125
3,5,4,3,8,0,60,30,0,1,0.86,3.0,1,1,0,1,97.62075924012623,0.7604380604283637,0.6118498419300987
2,5,1,4,0,1,75,20,0,0,0.72,12.0,1,1,0,0,77.0767576728056,0.5962095027355677,0.41964983992371396
4,4,3,2,5,0,90,30,1,0,0.86,3.0,1,1,1,0,151.03652843949556,0.622403227467698,0.7071227930369249
1,2,5,2,2,0,150,10,0,1,0.72,72.0,1,0,0,0,33.6378522742482,0.6318573000720319,0.04819522384445657
2,1,4,2,5,1,180,10,0,0,0.86,96.0,1,0,0,0,38.006800597147375,0.6830369206533345,0.047525282619031495
5,3,3,4,7,1,30,0,1,0,0.82,24.0,1,1,0,0,47.60567256626566,0.5593838060533858,0.4025802486204401
1,3,3,3,0,1,180,10,0,0,0.72,8.0,1,1,0,0,68.70737138894503,0.6968058828483408,0.40702850245991284
1,1,1,2,8,1,75,30,0,0,0.72,96.0,1,0,0,0,16.62356973659006,0.7184634026450799,0.030789941639237782
5,5,2,4,8,0,30,15,0,0,0.86,12.0,1,1,0,1,70.25671156254379,0.5754916781455944,0.606553390238171
5,4,4,5,8,0,30,10,1,1,0.86,3.0,1,1,1,0,39.89748533855986,0.6363948897325883,0.6320506812777588
4,3,5,2,8,1,30,30,0,0,0.82,72.0,1,1,0,0,88.25004317177117,0.5434635939243062,0.4307909105398127
5,2,2,2,6,0,45,60,0,0,0.72,8.0,1,1,1,0,98.55184891906605,0.8558183990591076,0.6557939446785732
3,4,4,2,7,1,30,15,0,0,0.82,96.0,1,1,0,0,34.27214739062509,0.5646867103558646,0.39332002853550624
4,2,4,4,6,0,45,10,0,0,0.72,12.0,1,1,1,0,112.67092028596338,0.6565043157334164,0.6791586447559698
4,2,2,3,5,0,45,60,0,0,0.82,2.0,1,0,0,0,47.46077982535195,0.5616905304298435,0.06232218275347892
5,1,3,3,0,1,150,10,1,0,0.72,4.0,0,0,0,1,23.61532349747488,0.8628910074657122,0.21534117847571674
1,4,4,5,5,1,180,15,0,1,0.86,4.0,1,1,0,1,102.08718424849414,0.6581930691352267,0.6219846079928635
4,1,4,4,4,1,120,45,0,0,0.86,3.0,1,1,0,1,47.00738178566064,0.6162033526405217,0.5882040198389372
5,2,5,1,0,0,30,30,1,0,0.82,96.0,1,0,1,0,12.221280652791034,0.8792962100623943,0.2565967857308264
3,4,5,2,7,1,180,0,0,1,0.86,4.0,1,1,1,0,106.29200038628395,0.5743882914408661,0.6806541531899954
2,2,3,1,2,0,75,15,1,1,0.86,12.0,1,0,0,0,91.35539279282038,0.6607842944943945,0.08464869458060598
2,3,1,4,5,0,45,20,0,1,0.86,24.0,1,1,0,0,60.31236808586765,0.41599092010281913,0.42108888098338115
3,3,3,3,4,0,75,20,0,1,0.86,1.5,0,1,0,1,121.28458982810831,0.6535242109428154,0.6351096984527419
2,4,5,1,5,1,60,0,1,0,0.82,24.0,0,1,0,1,33.31010434462767,0.7314131236464064,0.5710078175745034
5,4,3,1,7,0,60,30,1,0,0.82,1.5,1,0,0,1,98.66934492909155,0.6999109637855012,0.276785795821076
4,4,4,1,1,0,120,15,0,0,0.86,12.0,1,0,0,0,42.68745400611501,0.7069082423261961,0.04897472570790962
5,3,3,1,4,1,120,60,1,0,0.72,72.0,1,1,0,0,63.25504860188599,0.6052749592832996,0.4098007852514264
1,5,5,1,7,1,30,60,0,0,0.82,48.0,1,1,0,0,81.02912883161758,0.6521955943122479,0.4183657276192211
1,4,1,2,0,1,120,30,0,1,0.86,4.0,1,1,0,0,71.17778508780677,0.7694988289367142,0.4035869386996346
3,4,3,4,3,1,30,20,0,0,0.72,12.0,0,1,0,1,79.1133123680761,0.5628018049020262,0.6133460819022423
1,2,2,3,4,0,150,45,0,0,0.72,96.0,1,1,0,0,28.957266230378547,0.9456651087677943,0.3631082865398401
1,2,3,4,6,0,60,0,1,1,0.82,48.0,1,1,0,1,30.63471468917983,0.6694016135557023,0.5735650301772208
3,3,2,3,8,1,90,0,1,0,0.82,4.0,1,0,1,0,109.70233872350533,0.587978030844201,0.3419764303232428
1,1,3,1,7,0,120,15,0,0,0.82,12.0,1,0,0,1,17.51520700694202,0.7741693341526699,0.2174849512806078
5,2,1,2,7,1,120,45,0,0,0.72,72.0,1,0,1,0,35.75968577655451,0.8800494160625902,0.2722363313933217
2,4,5,2,2,1,75,60,0,1,0.82,24.0,1,1,0,0,37.82673792813655,0.6149909300209194,0.39216846018396007
2,1,2,5,1,1,120,20,0,0,0.82,48.0,0,0,0,1,113.99436509419225,0.7519543978341395,0.2833594355477384
2,1,4,1,1,1,45,0,1,1,0.72,96.0,0,0,0,0,54.29583759068495,0.9288151345280864,0.041180165643490585
2,1,3,2,6,1,90,30,0,1,0.82,2.0,1,0,0,0,50.384009190178034,0.6276304272063721,0.05965520955567265
2,3,3,5,1,1,90,20,1,0,0.72,1.5,0,1,1,1,41.13132229571188,0.5885069968981314,0.8262253917476055
4,4,4,1,8,0,180,15,0,1,0.86,96.0,1,1,0,0,32.434131992197564,0.6154979532965088,0.3885378979307095
4,2,2,3,1,0,120,45,0,0,0.72,96.0,1,0,0,1,52.0255515505962,0.809180645678808,0.23804105583621427
3,2,2,3,5,1,90,30,0,0,0.72,8.0,1,0,0,1,116.99539406667577,0.7730332089848135,0.2838846047488469
5,3,4,3,4,1,45,0,1,0,0.86,72.0,1,0,1,1,110.65907291460626,0.7604494337108945,0.5205412549166416
1,3,3,3,3,1,180,10,0,0,0.72,1.5,0,0,0,0,63.675260186295034,0.6087223688714956,0.06983960763652533
2,4,5,5,8,0,120,45,1,0,0.72,2.0,0,0,1,1,166.78882896773874,0.5603052421884256,0.5719711856919694
4,5,1,2,3,0,75,10,0,0,0.72,24.0,1,1,0,0,28.957757737622572,0.5904254772656685,0.387975388416485
1,5,5,2,3,1,60,60,1,0,0.82,72.0,1,1,0,0,39.56382755778599,0.49609014396042295,0.40164957496129444
3,3,4,1,6,0,60,20,0,0,0.72,72.0,0,1,0,0,152.38223134184588,0.6527796849835023,0.4658935762790521
4,4,5,4,3,1,150,30,0,0,0.72,48.0,1,1,0,1,71.74693791222924,0.6144877252449635,0.6048171511743388
5,5,4,1,4,0,180,0,0,0,0.72,2.0,0,1,1,0,83.55819788409109,0.6059965445701763,0.6632857071361484
1,1,5,2,2,0,90,0,0,0,0.82,2.0,0,1,0,0,60.34401363637956,0.8106563044655077,0.3934834011116675
2,3,5,4,3,1,60,45,0,0,0.86,48.0,1,1,0,0,52.26365207589067,0.5611920680511184,0.40555898995368217
5,5,3,4,8,0,180,60,0,0,0.82,4.0,1,1,1,1,149.244809587693,0.5259755625566018,0.9026782503461666
4,5,5,1,1,1,90,30,1,0,0.82,12.0,1,1,1,0,74.19070023405142,0.579927476640141,0.6588655434578912
2,5,3,2,5,1,120,20,1,1,0.82,24.0,1,1,1,0,82.50651580175344,0.6111098092442174,0.6622266572207405
3,5,5,5,6,0,150,60,0,0,0.86,72.0,1,1,0,0,206.09258034780834,0.652910754009298,0.5016913007845547
2,4,5,5,3,0,120,60,0,0,0.72,4.0,1,1,0,1,72.21371231883288,0.5942011400269257,0.6065483950773372
3,2,1,5,1,0,180,10,0,1,0.82,3.0,1,1,0,0,50.5718530090313,0.6784289480317833,0.3962245423104627
1,1,4,2,6,1,150,45,0,0,0.82,1.5,0,1,0,0,22.886872398204545,0.6197775128157995,0.38187348903503043
3,2,3,2,2,1,45,45,0,0,0.86,96.0,1,0,0,1,59.774206621179616,0.764424043079886,0.24633978806519438
4,5,3,5,8,1,30,30,0,0,0.86,4.0,1,1,1,0,94.58560837003944,0.471697416578507,0.6800382530861976
3,5,3,4,0,1,120,10,0,1,0.72,72.0,0,1,1,1,52.57648176286901,0.7695716601040881,0.8211809716346264
3,1,1,5,7,1,60,30,0,1,0.86,72.0,1,1,1,0,12.913880393564932,0.6685797297025219,0.6118086725165335
1,1,4,4,7,1,30,10,1,1,0.72,96.0,0,1,0,0,44.40212715218347,0.7496593162680713,0.3871252659626907
5,4,3,5,4,0,120,30,1,0,0.86,4.0,0,1,1,1,59.95764332909935,0.5777652985015368,0.839528191324292
4,1,4,4,4,1,90,15,0,0,0.72,72.0,1,0,1,1,126.28210841779257,0.8192772785063462,0.5268386627830841
4,1,4,1,2,1,180,10,1,1,0.86,72.0,0,1,1,1,76.09989002698815,0.7841578101187853,0.8358422133096771
3,3,2,4,8,0,75,20,1,0,0.72,12.0,1,0,1,0,130.17923591675802,0.6058795288468236,0.354374590258561
5,2,3,5,6,1,45,60,0,0,0.86,48.0,1,1,1,1,44.45674376271999,0.6434283873920883,0.8245978420577005
5,5,5,5,1,0,120,20,1,0,0.72,4.0,1,1,1,1,36.158570452841225,0.5417462159872587,0.8261834785161194
4,4,2,4,6,0,180,10,0,0,0.82,8.0,1,1,1,0,94.91131848666777,0.5930759935280441,0.6717588927774821
5,3,2,3,1,0,180,15,0,0,0.82,48.0,1,0,0,0,71.04005028154441,0.5032753760122282,0.08213075720017363
2,2,3,2,3,1,60,60,1,1,0.86,4.0,1,0,0,0,67.23253907316763,0.8158084170680956,0.0577151035206784
2,5,1,2,1,1,30,20,0,0,0.86,24.0,1,1,0,0,45.61812824150082,0.7833555811069225,0.3855771948168493
3,5,4,5,2,0,180,10,0,1,0.82,8.0,0,1,1,1,134.69705681531946,0.7009201026962779,0.8807336306881403
2,5,1,4,6,1,45,60,0,0,0.72,1.5,1,1,0,1,56.28899957965331,0.5290362175966916,0.6004934644880005
3,2,5,3,3,0,45,20,1,1,0.86,4.0,1,0,0,1,22.429620382847386,0.7054176429439953,0.22557384524915192
4,2,5,4,5,0,180,0,0,0,0.72,3.0,1,0,0,1,128.06318488747343,0.5527013201869275,0.30668636417856404
5,4,5,2,3,0,120,0,0,1,0.82,24.0,0,1,1,1,17.381425556086597,0.632759886348236,0.8072944249930146
2,4,2,4,0,1,45,30,0,0,0.82,8.0,1,0,1,0,68.03255501520937,0.751726043078231,0.3027342136613301
4,1,5,4,2,1,30,45,1,1,0.86,1.5,1,1,1,0,94.5460664691378,0.8532262834460793,0.6533048711381998
5,2,2,5,2,0,75,10,0,1,0.82,72.0,1,1,1,0,24.493518889304756,0.6879198543806342,0.6181746227862255
5,3,2,5,0,1,120,0,1,0,0.82,24.0,1,1,1,0,25.46503723907989,0.6411223961011582,0.622098123765639
1,2,3,1,2,0,75,10,0,0,0.72,12.0,1,0,0,0,111.4250209243298,0.7762785304513408,0.08994385015129268
1,1,4,4,1,0,150,30,0,1,0.72,48.0,1,0,1,1,121.27884773039167,0.6846116507123406,0.5329297496037306
4,3,1,1,1,0,90,20,0,0,0.86,48.0,1,0,0,0,81.70494753190613,0.6831703547556847,0.07664804018837283
5,2,4,3,3,1,180,45,1,0,0.86,2.0,1,1,0,0,51.90886293819591,0.6722855650626941,0.39754591907107534
5,5,3,5,7,1,60,60,0,0,0.82,72.0,1,1,1,1,65.89569273568006,0.46029655802206226,0.8517097027622423
5,3,2,2,1,1,75,15,0,0,0.72,72.0,1,0,0,1,23.480945104371273,0.7738470654395112,0.2214846688221484
1,2,5,1,0,0,150,30,0,0,0.82,48.0,1,0,0,0,142.4797643033414,0.773858622274354,0.11081640597635614
4,3,4,1,3,1,45,15,1,1,0.72,24.0,0,0,1,0,39.21975514248286,0.7555642105167066,0.2832570086921524
2,2,4,4,5,1,90,0,0,0,0.86,4.0,1,1,0,1,103.50026639649369,0.7076837642662118,0.6194623140990276
1,2,4,5,5,0,120,60,0,0,0.86,2.0,1,1,0,0,32.67274556354779,0.7070321358670979,0.3822895808650017
1,4,5,2,4,1,120,10,1,0,0.72,3.0,0,1,0,0,48.61356340568257,0.630421255766017,0.3982795543668339
4,3,2,5,7,1,150,30,0,0,0.86,12.0,1,1,0,0,51.913828434904104,0.5939109549304605,0.4030354521114705
2,3,2,4,5,1,45,30,1,0,0.72,1.5,1,1,0,1,126.49078734740789,0.7966809475821235,0.62855952523419
1,1,1,4,2,1,60,0,0,0,0.86,48.0,0,0,0,1,20.94430020582685,0.8078677562279236,0.2174121238679299
3,5,2,1,6,1,75,0,0,0,0.82,1.5,0,1,0,1,18.088850000595833,0.6178090426840483,0.5688126003458472
5,5,3,5,5,0,90,45,0,0,0.82,3.0,1,1,1,1,68.68294775376735,0.6706393935160547,0.8388438742897211
2,3,1,3,4,1,120,15,0,1,0.86,24.0,1,1,0,1,37.538395451603996,0.6753770791531005,0.577749201427019
4,5,4,4,5,0,150,0,0,0,0.72,12.0,1,1,0,1,73.30174908432375,0.5583739263107289,0.6097816578811316
2,5,5,2,1,1,75,20,1,0,0.86,2.0,1,1,1,0,74.39678015971212,0.6222521416675656,0.6560402035230786
5,5,5,5,6,1,30,20,0,1,0.72,24.0,1,1,1,0,114.50278689791193,0.6864867273901596,0.6782811203479635
5,2,2,5,0,1,45,30,0,0,0.82,12.0,1,1,1,0,54.788545931411875,0.7261859099836111,0.6356926835887552
4,4,1,1,3,0,120,0,1,0,0.72,96.0,1,0,0,1,86.77315109299128,0.8910512440089908,0.2554751803146982
4,4,4,5,8,1,120,45,0,0,0.72,4.0,1,1,1,0,42.32468071505682,0.700534583303956,0.6291790329787611
3,4,1,3,2,1,75,0,0,1,0.72,12.0,1,1,1,1,47.920907862357645,0.7542106322937202,0.819152527647678
3,3,4,4,6,1,150,0,1,0,0.82,8.0,1,1,0,1,51.41285631916281,0.555856164854174,0.5953653060063163
3,4,3,2,8,1,60,15,0,1,0.86,12.0,1,1,0,1,123.99435628305639,0.5858333143748758,0.641654572182463
1,3,4,2,6,1,120,30,0,0,0.72,4.0,1,0,0,1,165.45281979522989,0.6089923827009848,0.3276724130744177
5,1,3,1,5,0,90,20,1,0,0.82,3.0,1,0,0,0,114.6262131613243,0.7130862201945252,0.09650144002726611
2,2,5,2,1,1,45,15,0,0,0.86,8.0,1,1,0,1,27.93577326286311,0.6884163495625235,0.5704347043725321
4,4,5,1,7,0,60,0,0,0,0.82,48.0,1,1,1,0,62.9729724137172,0.654866639049904,0.6461413168756516
2,3,3,1,1,0,60,60,0,0,0.72,3.0,1,0,0,0,70.75510802767256,0.7395420378478028,0.06540212936910218
5,3,1,5,4,1,75,0,0,0,0.82,3.0,1,1,1,1,50.86910615340037,0.6716092511468413,0.8269000898553214
3,5,4,5,8,1,150,0,0,0,0.82,8.0,1,1,0,1,83.47275070933203,0.4722000035632694,0.6225945002234592
3,4,3,5,4,1,60,0,0,0,0.72,24.0,1,1,0,0,29.91960071564046,0.5774980558889261,0.3895215365648688
1,3,4,5,1,0,75,60,0,0,0.82,1.5,1,1,0,0,65.92856876899991,0.6567740407454051,0.40797819632715493
1,3,2,1,7,1,75,15,1,0,0.82,48.0,1,1,1,0,118.69720303427805,0.6605577175459677,0.682892428461301
1,5,5,4,0,1,60,20,0,0,0.82,96.0,1,1,0,0,99.322906620754,0.451895969486338,0.44458255321645906
4,3,2,1,3,0,150,15,0,0,0.82,12.0,1,1,0,1,87.29595754002557,0.7301986166421061,0.6070834018617364
3,5,2,2,7,1,75,30,0,0,0.86,12.0,1,1,1,1,112.34867544400096,0.595473523150032,0.873215970342165
3,1,3,5,7,1,150,20,0,0,0.72,4.0,0,1,0,1,94.50894583704627,0.6050101511523743,0.6206552533106979
1,1,1,3,3,1,120,0,0,0,0.86,48.0,1,1,0,0,20.55256448103735,0.7031286666608226,0.3744827029877673
1,3,3,2,7,1,180,45,0,1,0.86,72.0,1,1,0,1,72.77690891420315,0.6723020811046706,0.6014567935988085
1,4,1,2,5,1,180,30,0,1,0.82,8.0,1,1,0,0,32.49448960733345,0.6654603502737897,0.3850807685523904
4,2,5,4,1,1,180,60,0,0,0.86,4.0,1,0,1,1,25.913719244038063,0.6477982717513985,0.4719299338067608
4,5,5,4,1,1,45,30,1,0,0.72,24.0,1,1,1,0,57.03762767665848,0.6763478474983284,0.6406807357928894
4,1,2,5,5,0,60,30,0,0,0.72,4.0,1,0,0,1,87.70690592034792,0.8392554881561264,0.25972338644263643
5,3,3,4,0,0,150,45,0,0,0.86,96.0,1,1,0,0,16.89914897743669,0.6641121205080759,0.37477825088272587
5,4,5,1,8,1,90,0,0,1,0.82,2.0,1,1,1,1,73.46927883906145,0.7170996311399831,0.8387825450462422
5,5,5,5,0,1,45,10,1,0,0.72,96.0,1,1,0,1,44.867490266855,0.5235131374343811,0.5932657405574967
3,1,2,2,7,1,75,0,0,0,0.72,24.0,0,1,0,1,106.08394779421084,0.700622108640276,0.621679084257988
4,4,5,3,7,1,150,0,0,0,0.72,96.0,1,1,0,1,21.397503834940512,0.6015097280074733,0.5721593215961039
1,1,2,5,1,1,90,15,0,0,0.82,48.0,1,1,1,0,100.67415446320985,0.679416363319686,0.6695569575430953
5,4,1,3,2,1,180,0,1,1,0.86,48.0,1,1,0,0,110.39434498341664,0.6123595532199563,0.44073106126354755
3,5,5,3,5,0,180,30,0,0,0.86,8.0,1,1,0,1,41.463174186099266,0.6991994194555139,0.5786981567621803
3,4,3,1,8,1,180,30,0,0,0.86,2.0,1,1,0,1,103.73908396119526,0.7279529938264038,0.6182026797396153
1,4,2,4,8,1,150,15,0,1,0.86,72.0,0,1,0,1,15.302298746813825,0.6286957826105092,0.5661928277151403
5,3,5,3,4,0,45,45,0,0,0.86,72.0,1,1,1,1,20.533829018461518,0.6258127018306894,0.8098823302174928
1,5,2,2,5,1,45,30,0,0,0.82,12.0,0,1,0,1,133.94811820699317,0.6002564831812834,0.6472807916486389
5,4,2,1,1,1,30,15,0,1,0.82,4.0,1,0,1,1,13.687277245182443,0.7118462881382558,0.4592956113271104
3,1,1,5,3,0,120,20,1,1,0.82,3.0,1,1,0,0,89.23047506556145,0.7313082241736248,0.4182954076848872
5,4,1,4,6,1,60,10,0,0,0.72,24.0,1,1,1,1,113.84416174181396,0.7456761771351818,0.8636987754284132
4,4,2,4,8,1,90,0,0,1,0.82,96.0,1,0,0,0,46.02256440893056,0.6946360285573321,0.05205718760694047
5,1,5,3,5,1,75,15,0,0,0.82,8.0,1,0,0,1,76.42643030124229,0.5463053651195009,0.2727095779757965
2,5,5,3,3,0,150,60,0,0,0.72,96.0,1,0,0,1,71.85885488057755,0.6317035247258475,0.26368665652290907
2,2,3,3,7,0,30,45,0,0,0.82,2.0,1,1,0,1,58.91779562544393,0.7233657109516385,0.5886429306503479
4,4,3,3,1,1,90,15,0,1,0.86,2.0,1,0,0,1,240.0,0.7120270916782919,0.37015810358251955
3,2,2,5,7,1,150,30,1,1,0.72,12.0,1,0,0,0,104.19416258474705,0.4885290374616657,0.10526574243418144
2,4,4,1,8,1,150,15,0,1,0.82,48.0,1,1,0,0,172.64109179464575,0.6193775174241432,0.4817376349767405
1,5,4,4,6,1,30,15,0,0,0.86,1.5,0,1,1,1,34.14442099153772,0.4871474395706843,0.8286626265577439
3,3,3,3,8,1,45,45,0,0,0.72,24.0,1,1,0,0,84.71566337946089,0.7477378627736226,0.41413545852548705
5,4,4,4,4,1,75,10,0,0,0.72,3.0,1,1,0,1,120.21831413098738,0.6201221927929542,0.6367369892584848
4,1,3,2,7,1,150,10,1,0,0.86,12.0,1,1,0,0,51.50472847074846,0.5742982393921049,0.40413560888971833
5,1,2,4,2,0,150,10,0,0,0.86,48.0,1,0,0,0,42.911791507282615,0.6389745814228023,0.05387964030525892
2,3,2,2,1,1,180,60,0,1,0.82,72.0,1,0,0,0,43.03084593318493,0.7323025005643348,0.04742605558261985
4,2,5,1,0,0,45,45,0,1,0.82,72.0,1,1,0,0,148.01590497110823,0.6012026007428154,0.46659308792874177
3,2,2,5,6,0,45,45,0,1,0.86,24.0,0,1,0,1,77.18784970090695,0.7208931552087012,0.6009960456026623
2,5,2,2,7,1,75,30,0,0,0.82,8.0,0,1,0,0,67.75183111093232,0.6893230295129595,0.40691527534138106
5,3,1,4,8,1,90,45,1,0,0.82,72.0,1,1,1,1,118.41147591761003,0.5655894513758387,0.8793497223487646
2,3,2,5,1,1,30,0,1,0,0.82,96.0,1,0,0,1,34.84190208636686,0.6431833929992764,0.23820509721429522
4,3,1,5,1,0,60,15,0,1,0.82,2.0,0,1,1,0,52.397226912343015,0.5484928304154443,0.6465369864791477
1,5,5,3,4,1,60,15,0,1,0.72,96.0,1,0,1,0,77.58626735216272,0.667583064882324,0.31499336369301245
5,5,1,4,1,0,180,15,1,0,0.86,8.0,1,0,1,0,104.62313720793065,0.7097366050668424,0.3300671957839415
3,3,2,5,2,0,90,10,0,1,0.72,96.0,1,0,1,1,173.5638590933047,0.7546065103810987,0.5628867836688596
1,3,3,4,8,1,150,60,0,0,0.82,2.0,0,1,1,1,75.63959484505165,0.7005585993188587,0.8413872946110477
4,4,5,2,7,1,75,45,0,1,0.86,2.0,1,1,0,0,37.137853081324366,0.5988250435299148,0.39284081567378887
2,2,4,4,2,1,30,20,1,0,0.82,96.0,0,1,1,0,49.7941668509886,0.7424603960183218,0.6312238835127099
3,1,4,2,6,0,60,0,1,0,0.72,72.0,1,1,0,1,91.20781565760257,0.6759197303651734,0.6134908293128396
2,1,3,4,7,1,180,60,0,0,0.82,12.0,1,1,1,1,116.58795397723048,0.6443393637648704,0.8726215471879462
1,4,1,4,5,1,30,0,0,1,0.82,48.0,1,1,0,0,31.793050103420406,0.6418526490447,0.3862656813024846
2,2,1,2,6,0,150,10,1,1,0.72,48.0,1,0,0,0,40.73105180898779,0.6895812899537732,0.04888334424256107
5,5,2,1,1,1,150,30,0,1,0.82,24.0,1,0,0,1,25.30445774974103,0.7434411231675202,0.22482875987810097
4,4,2,3,4,1,60,10,1,0,0.86,2.0,0,0,0,1,49.37324128658972,0.6834852010745522,0.24507153011584118
5,3,5,4,7,1,30,30,0,1,0.86,72.0,1,1,0,0,115.51203688911824,0.5178007476397952,0.4507619722579599
1,4,1,3,2,1,90,10,0,1,0.86,12.0,1,0,0,1,65.01398190275259,0.6821880607928265,0.2555894903463372
1,2,4,5,3,1,45,20,0,0,0.72,72.0,1,1,0,1,43.047282939923186,0.6209427124327201,0.585232198756325
4,5,4,4,6,1,30,10,0,1,0.82,3.0,1,1,1,0,53.176060101979544,0.46105438323593895,0.6531768999081373
2,4,3,5,2,1,150,0,1,0,0.82,1.5,1,1,1,1,48.109016312913994,0.6004879573247988,0.8300385205292068
4,2,5,2,3,0,120,20,0,1,0.86,4.0,1,0,1,0,82.03938278370447,0.8971270152360482,0.3018940307892796
4,2,4,4,4,1,150,15,1,1,0.86,4.0,1,1,0,0,21.972515553942536,0.8397702130378937,0.3658644287899758
1,3,5,1,3,0,60,10,0,1,0.72,72.0,1,1,0,0,49.79117878998966,0.634282783238115,0.3987943243666584
2,2,5,2,3,0,90,30,0,0,0.86,2.0,1,1,1,1,56.65350505472838,0.6833375802556226,0.8299353727519253
3,3,2,2,5,1,90,0,0,0,0.72,12.0,1,1,1,1,121.904138957132,0.5491692491304018,0.8828275785322933
1,5,3,5,8,1,180,10,0,1,0.86,96.0,1,1,1,1,124.8029361311651,0.5828000783977668,0.882405951932933
3,5,4,3,4,1,90,45,0,0,0.72,4.0,1,1,0,1,55.593162970938245,0.7322469708441821,0.5858048206881995
1,3,3,4,1,1,30,10,1,0,0.82,8.0,1,1,1,0,51.85203424767616,0.701989330143605,0.6354287697217318
3,5,3,4,5,0,180,45,1,0,0.82,3.0,1,1,0,1,48.17716399844116,0.7289960995082406,0.5810883823667172
3,5,4,3,1,0,120,10,1,0,0.72,24.0,1,1,1,0,64.64901058783519,0.6857617085401442,0.6450960207940801
3,3,3,4,1,1,180,45,0,1,0.82,12.0,1,0,1,1,57.70910390731086,0.5670241079397665,0.4987810483824236
4,5,4,2,2,0,30,30,0,0,0.72,72.0,1,1,0,1,79.57687947286072,0.7901198579575944,0.5977428629248756
4,4,3,5,0,1,180,15,1,0,0.82,48.0,1,1,1,1,175.68177832437084,0.7625789912113542,0.9037406561647858
4,3,3,5,3,1,90,20,1,0,0.72,72.0,1,1,1,1,62.10065956690735,0.590689624848478,0.8400521659718782
5,1,4,5,4,1,150,10,1,0,0.72,3.0,0,1,1,0,26.86838758793356,0.6058426366122083,0.6255032738291012
1,5,5,3,5,1,120,60,0,1,0.82,8.0,1,1,0,0,122.22914546845934,0.48257068602278425,0.45770614895737805
4,3,4,5,0,0,30,10,0,0,0.72,3.0,0,1,1,0,100.2003575403661,0.6795359227407323,0.6692327237683929
3,3,4,5,8,0,30,10,0,0,0.86,2.0,1,1,0,0,69.46280787240309,0.5674369717605201,0.41658795055836567
5,1,5,3,8,1,30,30,0,0,0.72,1.5,1,1,0,0,36.39352808088824,0.6843852578996721,0.3863553840009485
3,1,5,3,4,1,150,60,0,1,0.86,24.0,1,0,1,0,33.91401421231771,0.7076305199383934,0.28307520641252426
1,3,2,2,8,0,120,0,0,0,0.82,72.0,1,1,0,0,105.9321858900366,0.7395560085531695,0.4288525366613026
1,4,3,1,7,0,180,45,0,0,0.82,4.0,1,1,0,0,13.075989971552966,0.7158268693643534,0.3686094457921973
5,1,5,5,2,0,75,45,0,0,0.72,1.5,1,1,0,0,20.84807324937055,0.5951940524509489,0.382235131828014
4,5,2,2,5,1,30,60,1,0,0.82,48.0,1,1,0,0,69.35492908386529,0.8020278415865649,0.400094670478184
4,5,3,1,4,1,90,30,0,1,0.82,48.0,1,1,0,0,30.670307268867383,0.568363558767133,0.39066142239887897
3,5,4,5,0,0,75,60,0,1,0.86,48.0,1,1,0,1,38.046026126710835,0.5762185643192066,0.5850287179154628
2,3,1,3,8,0,60,60,1,0,0.86,2.0,0,1,0,1,77.16972489221496,0.620885321651728,0.6079845107458557
3,5,2,2,3,1,30,30,1,1,0.82,24.0,0,1,0,1,73.67324346356492,0.706020540518446,0.5996940578060854
3,4,4,1,6,1,120,15,0,0,0.86,96.0,0,0,0,0,61.02250820086519,0.7060245083278741,0.061259956550958936
2,4,3,5,2,0,60,15,0,0,0.86,12.0,1,1,0,1,170.78897353391892,0.6890292989631541,0.6656272647618585
3,2,2,1,5,0,75,60,1,0,0.82,24.0,1,1,0,0,28.187918611330993,0.8499553764790929,0.36929506938735085
3,3,3,4,0,1,30,15,0,1,0.72,12.0,1,1,0,0,104.72372217376338,0.6746122453054715,0.43259295761112593
5,1,1,1,4,1,30,60,1,0,0.86,72.0,1,0,1,0,24.254101990397807,1.0,0.2561694013269319
1,5,4,4,1,0,150,45,1,0,0.72,4.0,1,1,1,0,68.39886644633367,0.6428541663007086,0.6505994526565063
4,2,5,5,6,1,30,15,0,1,0.72,96.0,1,1,1,1,47.81002626351925,0.65642086713194,0.8259238901431104
1,2,1,2,3,0,180,30,0,0,0.86,24.0,1,1,0,1,18.714325932664195,0.8808705200664816,0.5508152808837892
5,5,2,4,7,0,120,30,0,0,0.72,1.5,1,1,0,0,64.90340410720165,0.5927346304364187,0.4117775119409185
1,2,5,3,5,0,150,45,0,0,0.72,12.0,1,1,0,0,82.7825853647741,0.532805046290652,0.4278920370028371
2,5,4,4,1,1,75,30,0,0,0.72,48.0,0,0,0,0,144.92491000625688,0.7701501322814956,0.11270609741113323
5,1,3,4,3,1,45,15,1,0,0.86,24.0,1,1,1,0,41.7684181447121,0.7485786647307845,0.6254451055653198
3,2,4,2,1,0,180,20,1,1,0.86,4.0,0,0,1,0,34.64303266486616,0.6444898844969731,0.2879810631951227
4,4,4,1,8,1,120,15,1,1,0.72,4.0,1,0,0,0,122.12324217729409,0.6839256038070509,0.10354070251836917
2,4,5,5,0,1,180,20,0,0,0.86,8.0,1,1,1,1,52.60634921179904,0.6880326086285299,0.8269086168705356
2,2,2,4,4,0,90,10,0,0,0.72,96.0,1,1,0,1,57.62293951620729,0.6771062590727618,0.5910178548757116
5,4,1,4,1,1,60,10,0,0,0.72,2.0,1,1,0,0,33.96629597330772,0.6329220894363385,0.3883396510549948
4,3,1,2,1,1,180,45,0,0,0.82,8.0,1,0,0,1,14.844350316137877,0.637202368189193,0.22529206777084843
1,3,5,4,0,1,75,0,1,0,0.82,96.0,1,1,0,0,138.13352439422468,0.5852484435919925,0.461121625211377
3,1,2,5,7,1,180,45,1,1,0.82,3.0,1,1,1,1,22.771272750552956,0.6198620443855973,0.8117905053933768
1,1,5,3,1,1,90,0,1,0,0.72,4.0,1,1,0,1,27.12462211511601,0.6899117341063948,0.5697892600226298
3,5,2,3,4,0,180,20,0,0,0.82,2.0,1,0,0,1,35.62028115577047,0.49417450880324226,0.24915463848762
2,1,2,2,4,0,30,10,1,0,0.86,2.0,1,0,0,0,49.58791026897296,0.6483465536725426,0.057674348088903996
5,4,3,4,6,1,180,10,1,1,0.86,2.0,0,1,1,0,99.5205443657986,0.7199251578741621,0.6659522685260078
2,1,5,2,6,1,75,30,0,0,0.86,12.0,1,1,1,1,130.85733478158772,0.6763118691689164,0.879896392345901
4,5,1,2,3,1,150,45,0,0,0.72,2.0,1,1,0,1,17.207239459357247,0.8196921002018066,0.5540930459587784
3,1,1,5,3,1,30,15,1,0,0.72,24.0,1,0,1,0,10.628047144418103,0.8470560804181685,0.2577914391336736
2,4,3,4,2,0,90,0,0,0,0.86,2.0,1,0,0,0,28.059893802666302,0.5749107555266173,0.04846284298158099
4,5,4,1,2,0,180,60,0,1,0.72,72.0,0,1,0,0,55.53083181639662,0.6559397590562993,0.40110477141032347
1,1,3,4,7,0,45,45,0,0,0.82,4.0,1,0,0,0,31.447261023770917,0.6767371360304044,0.04359324116038564
3,3,4,5,7,1,30,30,0,0,0.82,8.0,1,1,0,1,52.29095709756591,0.7456373149024343,0.5826660260218736
2,5,3,2,3,1,30,30,0,0,0.82,4.0,1,1,0,1,46.402264505566784,0.6846823594103796,0.5830070778449846
4,2,2,3,3,1,75,45,1,1,0.82,8.0,1,0,1,1,22.95460743388217,0.7815901760330602,0.46059175930027385
5,4,1,1,0,0,90,30,0,0,0.72,96.0,1,1,0,1,36.26814913898873,0.8064633947682732,0.56772632845888
5,3,2,2,2,1,120,10,0,0,0.82,1.5,1,1,0,0,19.847664966265913,0.7126391420606822,0.3733470366999296
2,3,4,1,1,1,120,10,1,0,0.82,3.0,1,1,0,0,69.3644039512873,0.7518268869292499,0.4036150538824774
2,1,5,4,3,1,60,60,1,0,0.72,48.0,1,0,1,0,38.289393350408,0.626133142995258,0.29169694222393727
5,2,1,4,8,0,75,45,0,1,0.72,12.0,1,1,1,0,102.50493076067845,0.7404859598908399,0.6665026033147603
1,1,5,5,6,1,180,60,1,0,0.82,48.0,1,0,1,1,46.03849779106992,0.6575795349553634,0.48466176441383785
1,4,4,5,8,1,75,15,0,0,0.82,3.0,1,1,1,1,48.82295698153417,0.548653265568844,0.8341429093978704
1,1,4,5,3,1,120,10,0,1,0.82,2.0,1,0,0,0,68.36167416379405,0.578272552248696,0.07509537078512064
3,2,5,3,4,1,150,60,0,0,0.72,48.0,1,1,0,1,51.550522677306105,0.8055257245591054,0.5779802143990667
2,3,4,1,3,1,120,20,0,1,0.82,8.0,1,1,0,1,138.7862981247708,0.7088005221954164,0.6429081621961681
5,3,5,5,0,1,45,60,0,1,0.72,4.0,1,1,1,1,49.24712564501309,0.7581619939074259,0.8197600775231556
1,1,4,5,5,1,120,15,0,0,0.86,96.0,0,0,0,1,36.700264116003716,0.5921369223240243,0.2430172581813208
4,5,1,2,5,0,120,15,0,0,0.86,4.0,1,1,0,1,66.64026844674737,0.760916802648117,0.5911626694457968
5,2,3,2,6,0,75,60,0,0,0.86,12.0,1,1,1,1,52.28589810897339,0.6289604603132204,0.8308300331840568
1,3,2,5,7,0,180,60,0,0,0.72,8.0,0,1,0,1,20.314832043807293,0.6527973407441746,0.5678474075104459
5,1,5,3,7,0,90,15,1,0,0.82,96.0,1,1,1,1,47.57562788340483,0.61997604166709,0.828318762338907
3,3,1,2,4,0,180,15,0,1,0.72,1.5,1,1,1,1,152.33031731387638,0.664456100716098,0.8950416178257907
5,5,1,5,8,1,30,20,0,1,0.82,24.0,1,1,0,1,118.25428508102092,0.6926870422507998,0.630348097096458
3,5,1,3,2,0,90,10,0,0,0.86,96.0,1,1,0,1,90.6684805061709,0.6585926941940048,0.6143441650772002
1,1,4,1,0,1,120,10,0,0,0.82,12.0,1,0,0,1,130.83474457893055,0.6972259229706645,0.2984173484446739
5,3,4,1,3,1,180,0,0,0,0.72,2.0,1,1,1,1,49.37795461262104,0.7385986783190476,0.8212167289260807
2,5,1,1,6,1,30,60,0,1,0.86,2.0,1,0,0,0,137.06294324160822,0.4959645694220595,0.1266577756348613
3,1,3,1,2,0,150,20,1,1,0.82,72.0,1,0,0,1,69.43984033810122,0.8688734916557308,0.24547208247616634
3,2,5,4,4,0,30,20,0,1,0.86,24.0,1,1,1,1,92.3739624505541,0.6370986580575886,0.8569857355696716
2,2,4,2,1,0,120,45,0,1,0.86,96.0,1,1,0,0,14.175544710501834,0.8399771590291324,0.3606519620082953
2,2,1,3,8,1,180,15,0,1,0.86,4.0,1,0,0,0,118.46454657213752,0.8089154937205402,0.0923522798209872
5,5,1,1,3,0,120,20,0,1,0.86,3.0,0,0,1,1,99.79887400296161,0.6386576874285239,0.5218265445486444
3,5,2,3,1,1,45,30,1,1,0.86,72.0,1,1,0,0,114.56746315865672,0.5909220003196168,0.4450137687500647
5,2,2,4,7,1,90,0,0,1,0.82,48.0,1,0,1,0,136.23336529044485,0.6277569764945098,0.35687925517234753
5,3,1,2,1,1,120,0,1,1,0.82,3.0,0,0,1,0,49.98368149391972,0.7270863819004031,0.2924264075962516
1,3,3,4,6,1,180,20,0,0,0.82,72.0,1,1,0,0,170.94372107336315,0.620235102696361,0.4805460235268302
2,5,2,4,1,0,45,45,1,1,0.82,96.0,0,1,0,0,111.58108128594117,0.7882264481959669,0.42921153615024316
2,2,3,2,6,1,180,10,0,0,0.72,3.0,1,0,0,1,65.41229785814755,0.9731840373135618,0.23548531596014902
2,2,3,1,5,0,90,15,0,0,0.86,48.0,1,0,0,0,38.82920309126578,0.738785657342165,0.04417113938022565
1,5,4,2,8,1,60,45,1,0,0.86,48.0,1,1,0,1,190.7585298525388,0.7203058776867579,0.6767509417969528
2,3,1,1,2,0,45,10,1,0,0.86,4.0,1,1,0,0,75.23784346491823,0.7733909537831216,0.406021195545127
5,3,5,2,0,0,90,20,0,1,0.82,72.0,1,0,0,0,59.528380479001484,0.7300710267378516,0.05858061511435138
3,4,4,2,3,1,180,20,1,0,0.72,72.0,1,1,0,0,102.94518667652515,0.6991195387160448,0.4296917567408936
5,5,5,5,5,0,90,0,0,0,0.86,24.0,1,1,1,1,179.81072719595647,0.6634835197211406,0.9134299717501578
3,2,4,4,7,1,30,60,1,1,0.82,4.0,1,1,0,1,54.50936785633351,0.8335402306803785,0.5779917624232626
2,3,1,1,6,1,75,45,0,1,0.72,2.0,1,1,1,0,77.34561389697646,0.6801978229493036,0.6539498949915332
5,5,4,1,0,0,150,45,0,1,0.72,12.0,1,1,1,0,27.25367034290874,0.655675636951947,0.6222718189753029
5,1,3,3,4,1,60,0,0,0,0.82,48.0,1,1,1,0,59.60541173811029,0.6009987287587506,0.6476670301456277
3,2,5,5,6,0,150,0,0,0,0.82,12.0,0,0,0,1,32.596586161174564,0.5649057265846297,0.24218765657985897
1,4,3,1,2,1,60,0,0,0,0.72,96.0,1,1,0,0,122.5737636640057,0.8166295480678832,0.4345517740779186
5,3,2,1,3,0,30,60,0,1,0.86,96.0,0,1,0,1,80.14765924418916,0.7282500194474214,0.60245427146814
2,1,1,5,8,1,90,60,1,0,0.72,8.0,1,0,0,0,70.81229731559102,0.7069833412440747,0.06771936432330879
3,5,2,4,1,1,75,45,0,0,0.72,2.0,1,1,0,1,102.37384446836627,0.7147174287605588,0.6182190096323384
1,1,3,1,7,1,75,15,0,0,0.72,72.0,0,0,0,0,40.122811676828306,0.8334118198869617,0.038409713725798225
5,1,1,2,4,0,180,15,0,0,0.72,1.5,1,1,0,1,39.64178017444794,0.8113589394889421,0.5696327276854061
5,2,2,3,6,1,45,15,0,0,0.86,72.0,1,0,0,0,93.69100232911673,0.7232875480478399,0.08183053985606237
1,2,4,3,7,0,30,60,0,1,0.82,12.0,1,1,1,1,60.45649464334779,0.6430909207839349,0.8352879653073564
3,5,3,5,2,1,60,0,0,0,0.82,4.0,1,1,0,1,131.35449662337666,0.5344081095495321,0.6501610967471172
2,3,2,3,0,1,75,60,0,1,0.82,24.0,1,1,0,1,21.339741955309215,0.9065448081837104,0.5507683580640131
3,5,2,4,6,1,90,60,0,0,0.86,4.0,1,1,0,0,104.81785428020251,0.6302530185349652,0.43576085822268745
4,2,4,2,0,1,90,45,0,0,0.82,1.5,1,0,0,0,158.41392175345916,0.5781518704111657,0.13513865024019117
5,4,3,4,2,0,90,30,1,0,0.86,3.0,1,1,0,1,94.21721753698661,0.5268239646881023,0.625933800829824
5,3,5,3,3,1,180,20,0,0,0.72,1.5,1,1,0,1,107.8665114106633,0.5902350608274015,0.6305945533491908
4,3,1,1,5,0,120,20,1,0,0.72,24.0,1,1,0,0,32.775119477326456,0.7099205515226599,0.3821556410449648
1,1,1,4,3,1,75,30,1,1,0.86,4.0,1,0,1,0,58.69032608168694,0.6617762343933649,0.30280254764692244
3,3,1,4,4,1,75,10,1,1,0.72,3.0,1,1,0,1,20.146274166158314,0.7594732344945218,0.560267723029489
3,4,3,4,3,1,180,45,0,0,0.82,8.0,1,1,0,0,63.251961585799954,0.6712035805814023,0.4051837237498352
3,5,2,2,1,0,45,10,1,0,0.82,1.5,1,1,0,0,82.97505890028012,0.8022172122486747,0.4091615010761129
5,5,2,5,5,0,75,10,1,0,0.86,48.0,1,1,1,1,43.95905577690426,0.5397837574011756,0.8315211741665205
4,4,4,2,3,1,75,30,0,1,0.86,2.0,0,0,0,0,107.88935495633865,0.45966855039124,0.10974943811017232
3,1,2,3,3,0,120,20,1,0,0.72,24.0,1,0,1,0,46.37933033699203,0.9431634891249183,0.2748981093192504
4,4,3,5,7,0,150,15,0,1,0.86,3.0,1,1,1,1,54.15405841867476,0.4959968746814818,0.8413829243847462
5,1,2,1,4,0,150,0,0,1,0.86,8.0,1,0,0,1,37.93249561139826,0.7166853282945217,0.23512035742698234
3,1,5,4,2,1,45,20,0,1,0.72,72.0,1,1,1,0,80.95116917739088,0.4719256161953642,0.6709326529845852
1,4,3,5,5,1,60,10,1,0,0.82,4.0,1,1,1,0,115.74882683479383,0.5219116087283894,0.6906320719455421
5,5,5,3,2,0,150,20,0,0,0.82,4.0,1,1,1,0,73.78328851680757,0.6626638798252947,0.6528023874234345
5,2,3,5,7,1,30,60,1,1,0.86,4.0,1,1,1,0,57.02568781579276,0.5230684905794887,0.6514023308699644
2,3,2,2,2,1,30,0,1,1,0.86,12.0,1,1,0,0,4.8604867269903185,0.6976626008609123,0.3644039424243964
3,3,2,2,5,0,30,10,1,1,0.82,24.0,1,0,1,1,101.42137291905806,0.6324663375559456,0.5233416049837891
4,2,3,1,8,0,60,10,0,1,0.86,8.0,1,0,0,1,178.09687266161924,0.7379004372431549,0.32707821783405866
4,4,3,4,6,0,150,60,0,0,0.72,72.0,0,1,0,0,228.08583757589835,0.5772314762623812,0.5216510217122322
5,3,3,3,6,1,30,10,0,0,0.82,2.0,1,1,1,0,70.01690487129518,0.6632875445564348,0.6502478084619131
3,3,4,1,0,1,30,45,0,0,0.72,4.0,1,1,0,0,39.590718272341405,0.682070219709453,0.3886488968018993
2,1,5,5,1,0,45,10,0,0,0.72,48.0,0,1,1,0,108.21710807158671,0.7779236382749178,0.6676900840351471
2,2,4,2,4,1,90,60,0,0,0.86,12.0,1,0,1,1,61.541278978235006,0.7526906897460536,0.4883391710365996
3,4,4,2,8,1,150,15,0,0,0.82,2.0,1,1,0,1,64.03894558015885,0.5893272126761117,0.6014397254994447
5,4,4,3,5,0,75,30,0,1,0.82,8.0,1,1,1,0,155.2712686823913,0.7213882564605506,0.7030170011693557
1,4,5,4,8,1,120,0,0,0,0.82,12.0,1,1,0,1,216.7499751357372,0.5533115274791413,0.7057681765002849
2,3,5,3,5,0,180,45,0,0,0.82,4.0,1,0,0,1,108.43709558575017,0.7032560211369945,0.28306347557757716
5,3,3,4,6,0,120,30,0,0,0.86,8.0,1,0,1,1,51.86793463878206,0.6149825683911442,0.49152984330514127
5,4,3,3,2,0,90,45,0,1,0.86,2.0,1,0,1,1,14.96423458276518,0.7167513878840511,0.4598035592366265
4,5,2,2,1,0,90,15,0,1,0.86,2.0,1,1,0,0,64.21230688223088,0.5496922469145564,0.414329747304135
1,1,1,4,7,1,60,10,1,1,0.72,8.0,1,1,0,1,24.985102313617986,0.5650717329080163,0.5771017135721843
4,2,1,2,3,0,90,10,0,0,0.82,12.0,1,0,0,1,11.94527496847676,0.7837173774604093,0.21310330022342253
2,3,1,2,8,1,75,10,0,1,0.72,4.0,1,1,0,0,55.117904492266696,0.6870579440054061,0.39865121358113276
5,2,1,1,4,0,45,30,0,0,0.86,3.0,1,0,0,0,83.66410545974279,0.6809811824001998,0.0781073875384812
1,2,4,5,6,1,180,60,1,1,0.86,96.0,1,1,0,0,137.7932447921152,0.5117723042603737,0.4660381018965173
5,2,1,2,0,0,150,15,0,0,0.86,72.0,1,0,0,0,64.5725013641723,0.6828508158561919,0.0652487771328481
1,4,1,2,4,0,180,30,0,0,0.82,12.0,1,0,0,1,55.73389826770922,0.5931076049524169,0.25563839983180364
4,1,1,1,0,0,75,15,0,0,0.82,8.0,0,0,0,0,28.132230841467145,0.7132782343266528,0.038825344158112396
1,4,4,3,5,1,60,20,0,0,0.82,4.0,1,0,0,0,51.79548781026536,0.6033616262407011,0.06229501136999449
1,3,2,4,3,0,90,45,0,0,0.72,12.0,0,1,0,1,55.919814250853236,0.6823517991051926,0.5895152502298721
3,1,4,4,2,0,45,15,0,1,0.82,4.0,0,0,1,0,97.4386755676847,0.7423844050761741,0.32299220868979095
4,5,3,2,0,1,120,0,0,0,0.72,4.0,1,1,0,0,45.659486681041415,0.7247670909188146,0.389705961423044
3,4,3,5,6,1,30,45,0,0,0.86,72.0,1,1,1,0,144.91429843226518,0.6253484802910311,0.7028351386678047
4,1,5,3,4,0,120,30,0,0,0.72,3.0,0,0,1,0,21.564497906172193,0.6285455360078654,0.28037814441689757
2,3,2,4,8,0,45,45,1,0,0.82,72.0,1,1,0,0,42.521263043301225,0.3918742014208113,0.41091631459607736
4,3,5,4,5,1,150,0,0,0,0.72,1.5,0,0,0,1,126.1570769530886,0.7212202641286833,0.29361929947971793
5,2,3,1,0,0,75,10,0,0,0.82,3.0,1,0,0,0,60.25164315519792,0.6842991233124648,0.06226682347159275
5,5,4,2,3,0,180,0,1,0,0.82,12.0,1,0,1,1,74.59211045311517,0.5277322016311188,0.5127868195212317
2,1,5,4,0,1,90,0,0,1,0.72,1.5,0,0,1,0,240.0,0.8321608762824325,0.41174873866022976
5,3,1,4,8,0,120,15,1,1,0.86,72.0,1,0,1,1,61.54152097763544,0.5750561124671479,0.5007737527790566
1,4,3,3,7,0,120,60,0,1,0.82,96.0,0,1,0,1,74.99706596539278,0.5756081750851116,0.6097054717209708
3,4,2,1,5,1,90,45,1,0,0.72,3.0,1,0,0,1,87.90103514252185,0.5480813342541228,0.28023499669722596
5,3,3,5,3,1,150,30,0,0,0.86,2.0,1,0,0,1,63.1946832100669,0.7250155879760355,0.25137869764838877
3,4,3,2,2,1,120,0,0,0,0.86,2.0,1,1,0,1,37.932785996772324,0.721996050412964,0.5747488004689407
2,2,5,3,0,0,75,45,1,1,0.82,4.0,1,0,0,1,102.20555485901417,0.8666679526918272,0.2674702798842482
4,1,3,5,3,1,60,0,0,0,0.72,48.0,1,1,0,0,8.481508571508517,0.6309487259994268,0.3714879282277125
4,2,3,4,7,0,30,30,1,0,0.82,12.0,1,1,1,1,23.384312873368263,0.5954002586652318,0.8139115238090127
3,5,5,1,6,1,30,20,1,0,0.82,8.0,0,1,1,0,42.505158655584765,0.464607624169023,0.6458142387452249
3,1,1,5,3,0,120,30,0,1,0.72,72.0,1,1,1,1,146.49836326169407,0.713028889150488,0.8877535532672619
5,4,4,4,7,0,90,15,1,0,0.72,96.0,1,1,1,1,47.34159159101463,0.6227863068600067,0.827966019580476
2,3,2,2,8,1,150,20,0,0,0.86,12.0,1,0,0,0,47.17587255437653,0.6047359249011546,0.059119066959836875
3,1,4,1,7,0,180,10,0,1,0.82,12.0,1,0,0,1,81.57145995283281,0.7674850144422705,0.26065702229092963
3,3,4,2,5,0,180,20,0,1,0.82,1.5,1,1,0,0,135.46067269453107,0.6077247228832567,0.45776638452785945
4,3,3,1,7,1,60,15,1,0,0.72,4.0,1,1,0,1,118.92611593245356,0.7026894431593558,0.6300958162671475
2,4,1,3,7,0,60,10,0,0,0.72,48.0,1,1,1,1,88.33368003760494,0.7771931167663513,0.8444856018514254
2,2,3,2,7,1,30,15,0,1,0.72,48.0,1,1,0,1,60.79897222466464,0.6899696853294132,0.5922347701767176
1,4,1,3,3,0,150,10,0,1,0.82,48.0,1,1,0,0,71.53427451892067,0.590888097396781,0.41632734952817246
3,3,3,1,7,1,60,20,0,0,0.86,4.0,0,0,0,1,15.96523977964921,0.6952518341132536,0.22197586479850506
3,1,5,3,1,0,45,15,1,1,0.86,24.0,0,0,1,0,14.064162844465393,0.6368482934969186,0.2747967280181926
3,2,3,3,0,1,150,45,1,1,0.82,24.0,1,0,1,1,80.48689941545959,0.6929969984620787,0.5051481430512942
5,5,2,2,0,1,180,20,1,0,0.72,96.0,1,1,0,1,41.13157579797426,0.6456090304963649,0.5822284183972374
1,2,2,3,7,1,30,60,0,1,0.82,4.0,1,1,1,1,73.44945108595357,0.7372117269372621,0.8373614798383607
1,1,2,2,5,0,30,20,0,1,0.82,72.0,0,0,0,0,25.000522856365485,0.8558809138702599,0.0267553512666588
2,5,5,1,5,0,180,0,0,1,0.86,4.0,1,1,0,0,28.535638388204852,0.5888264094353803,0.38780591026499334
5,5,4,4,5,1,120,20,1,0,0.72,8.0,1,1,1,0,70.31243456154073,0.42966302849662935,0.6667985443795965
4,2,3,1,3,1,90,15,0,0,0.82,1.5,1,0,0,0,156.72451193897842,0.7535699683039259,0.12173311017804414
4,3,1,5,4,0,180,0,1,0,0.72,24.0,0,1,1,1,41.442654983838885,0.6009762039000714,0.8255601023828876
1,2,1,4,1,0,180,60,0,1,0.72,3.0,1,1,0,1,121.6023530845629,0.7380577180972644,0.6294041951229001
4,5,4,5,0,0,75,45,1,0,0.72,48.0,0,1,0,0,24.228212083702687,0.8398820881834945,0.36736039521629055
5,4,3,1,5,0,60,0,0,1,0.72,24.0,1,0,0,0,154.99877156796094,0.7703773199461476,0.11940610198241029
1,2,5,3,7,1,180,15,0,0,0.86,72.0,0,1,0,1,32.980966913880145,0.613699425283949,0.5790283515060437
5,1,4,1,2,0,120,20,0,0,0.86,72.0,1,0,1,0,17.705380487522557,0.9210316453539997,0.25733137181690174
2,3,3,2,3,0,180,15,0,0,0.86,1.5,1,0,0,0,69.71377592456894,0.8557604753868933,0.05657261733929676
4,1,1,4,7,1,180,20,1,0,0.86,96.0,1,1,1,0,40.44498271830673,0.9231162021804242,0.6123451876595749
1,2,4,1,6,0,45,20,0,0,0.72,24.0,1,0,0,0,77.76761797043272,0.4504801277076192,0.09031146970742182
2,3,3,5,4,0,90,30,0,0,0.86,24.0,1,1,0,1,93.12270096654848,0.8125919327161375,0.605200365354236
4,2,5,5,5,0,180,45,0,1,0.86,24.0,1,1,0,0,77.29703722863107,0.55972420912281,0.42235066351382405
4,4,2,3,6,0,60,60,0,0,0.82,1.5,0,1,0,1,69.56090602330434,0.5428136233512135,0.6083769837142846
1,1,4,3,1,1,75,15,1,0,0.82,4.0,1,0,1,0,84.63238644912701,0.7990431519823358,0.3104885703273212
5,2,5,4,0,0,75,30,0,0,0.82,3.0,1,1,0,1,96.11297373600888,0.8721753885512286,0.60302303862542
4,5,4,4,5,1,45,0,1,1,0.86,96.0,1,1,0,1,41.14873968756376,0.6650964755184149,0.5808757398387535
5,4,1,4,8,1,180,20,0,1,0.72,96.0,1,1,0,1,131.65120232562356,0.5261735058756611,0.6509353228057861
5,4,2,1,4,0,75,45,0,0,0.72,24.0,1,1,0,0,31.790225178822297,0.6286695379451134,0.38718661579639024
5,5,3,1,3,0,90,60,0,0,0.72,8.0,1,1,0,0,47.35473106010466,0.7562737048802972,0.38863066136511565
1,5,4,1,3,0,75,15,0,0,0.86,12.0,1,1,0,1,77.11983714976444,0.7929404416673393,0.595907393849796
1,5,1,1,3,1,120,45,0,1,0.72,48.0,1,1,1,0,182.83887553480295,0.6318867967659494,0.7276605079162523
3,3,5,4,0,0,60,60,0,0,0.86,1.5,1,0,1,0,40.37410866095598,0.7050893025697158,0.2875598212607572
2,3,2,3,2,0,150,30,0,1,0.72,2.0,1,1,0,0,32.74586756677659,0.7373368551335258,0.3802169985185043
3,1,2,3,3,1,90,60,0,0,0.72,24.0,1,0,0,1,35.47727625426955,0.9045433716723686,0.22033348148578055
3,5,4,4,5,1,45,10,0,1,0.72,48.0,1,1,0,1,80.90151620360017,0.39326545591942436,0.6264057622213737
3,2,5,5,3,0,150,15,0,0,0.72,24.0,1,1,0,0,34.95525580346454,0.5165099463415945,0.39714780762506474
2,4,4,3,7,1,45,45,1,0,0.86,2.0,1,1,0,1,66.04513554295804,0.5002412865261171,0.6090132003051438
1,4,3,5,5,0,90,0,0,1,0.82,8.0,1,1,1,0,91.10503428375134,0.642957474437115,0.6657296663119029
2,1,2,5,1,1,150,10,0,1,0.82,72.0,1,0,0,0,115.263517437152,0.6911488249559685,0.09846192721118355
4,3,4,1,3,1,150,10,0,0,0.72,72.0,0,0,0,0,111.92206873902273,0.6703988751084193,0.09768679123509247
4,4,5,1,5,0,45,20,0,0,0.72,4.0,0,1,0,1,58.40174781267064,0.6661157549797464,0.5923063956931982
1,4,1,4,1,1,75,0,0,0,0.72,8.0,1,1,1,1,39.940644997590255,0.8758456344861199,0.8053179022510317
5,3,4,4,0,1,60,45,0,0,0.82,24.0,1,1,0,0,35.04518879132511,0.5920437616237065,0.39192039588055727
4,2,5,5,2,1,120,0,1,1,0.72,4.0,1,0,1,1,85.84251017479929,0.6946655436864692,0.50860175205848
5,3,2,4,7,1,60,20,0,0,0.82,72.0,1,1,1,1,41.998566306171874,0.6713592897601307,0.8210038939209054
3,4,4,1,4,1,120,45,0,0,0.72,3.0,1,1,0,0,43.900164233747056,0.6095304867092457,0.39659964208618415
2,3,4,2,7,1,180,15,0,0,0.82,72.0,0,1,0,0,8.164326064361386,0.6874669817589414,0.3673201953197817
2,1,1,2,7,0,45,30,0,1,0.82,1.5,0,0,0,1,96.40379084849818,0.7797952832707833,0.2696835240700439
4,4,1,2,5,1,180,15,0,0,0.86,72.0,1,1,0,1,12.466128330865466,0.7466329400068141,0.5560464464201
3,4,3,5,5,1,180,0,0,0,0.86,1.5,1,0,0,1,39.92020719870522,0.6516688475860946,0.24099665213477686
4,2,2,2,6,0,75,45,0,0,0.72,4.0,1,0,1,1,145.34356713446903,0.5018601665657345,0.5617654997633779
1,4,3,1,3,1,75,0,0,0,0.82,2.0,1,1,0,0,20.74202561148235,0.5669274121947583,0.38414309822068854
1,4,4,3,2,0,90,60,1,0,0.82,8.0,1,1,0,1,240.0,0.6763654785141244,0.7126544165040114
3,3,2,4,2,1,60,20,1,0,0.82,2.0,1,1,0,0,90.27106864728357,0.7810763885745157,0.4155053652313063
4,3,2,4,6,1,120,30,0,0,0.72,72.0,1,1,1,0,38.23790445311192,0.6277191986864018,0.6315515923940265
1,2,5,1,1,1,180,60,0,0,0.86,12.0,0,1,0,1,60.44679532515589,0.6243840123779082,0.5965909826836504
5,3,4,3,7,1,45,30,1,0,0.86,8.0,1,1,1,0,42.969567590317205,0.5244888444929159,0.6419321592790408
1,3,3,2,7,0,90,15,0,1,0.72,3.0,0,1,0,1,83.52976349423255,0.502385379097595,0.6205195324593233
5,4,1,1,0,1,45,60,0,0,0.72,8.0,1,1,1,1,86.14911314172157,0.8161901302389931,0.8402994329777516
1,4,5,1,4,0,30,0,0,1,0.86,48.0,1,1,0,1,25.8999966833576,0.6758205699923586,0.5699592245561066
4,1,3,3,4,1,90,60,0,0,0.86,24.0,0,0,0,0,71.23061956772253,0.6771699607965977,0.07008518245605318
2,2,1,3,6,1,45,60,0,0,0.86,12.0,0,1,0,0,46.396443630358235,0.5561073786857375,0.40200344591223724
5,1,5,3,5,1,60,0,0,1,0.86,3.0,0,1,0,0,66.54535501187739,0.5302617906166698,0.4172452446647514
4,2,4,5,7,1,90,15,0,0,0.82,4.0,0,1,1,1,129.79473785021736,0.6467686847484955,0.8812560173010836
3,4,4,5,3,1,150,20,0,1,0.86,2.0,1,0,1,0,94.27903440459755,0.6956005330327286,0.32416065229077407
5,4,4,4,8,0,150,30,1,1,0.72,4.0,1,1,1,1,103.58443273311619,0.6458258867041325,0.8638484764194548
1,3,1,5,2,0,90,60,0,1,0.72,48.0,1,0,0,1,109.38550343880135,0.6433465490205146,0.2878894105277649
4,2,3,2,5,1,60,20,0,1,0.82,48.0,1,1,1,0,30.752643263309835,0.7270965482929691,0.6196050037950321
3,5,3,2,3,0,60,0,0,0,0.82,24.0,1,0,1,0,150.23719251750592,0.6238756030185161,0.3664868361337078
1,1,3,3,0,1,120,0,0,0,0.72,12.0,1,0,0,0,42.60595553559692,0.8080414459656836,0.04184106913946676
5,4,1,3,3,0,30,10,0,0,0.72,12.0,1,0,0,1,43.28227860948008,0.8386281230136331,0.23015088379536575
3,1,5,4,0,1,30,30,0,1,0.82,3.0,1,0,0,0,50.713128931787196,0.7372299151241979,0.05220265856249762
1,5,4,3,7,1,45,60,0,0,0.82,48.0,1,1,0,0,123.97416093071138,0.4684232945086484,0.45985981000486886
3,2,1,5,1,1,45,10,1,1,0.86,4.0,1,0,1,0,47.20946785280732,0.8615043815843682,0.2811676718576324
1,1,3,4,4,1,180,60,0,1,0.82,3.0,1,1,0,1,50.20930553286527,0.6970079603254025,0.5846823131324653
3,2,1,3,7,1,75,20,0,0,0.72,4.0,1,0,0,1,124.74852543782657,0.6603805219405517,0.29693904708937907
5,4,1,1,6,1,180,60,0,1,0.86,12.0,1,1,0,1,39.936615409597934,0.7014004831726143,0.5775263764509823
5,2,1,1,0,1,90,15,0,0,0.86,1.5,1,0,0,1,53.74922917230745,0.9574280207953932,0.22881285799252743
1,1,1,1,5,1,90,30,0,0,0.72,8.0,1,1,0,0,63.986077762213746,0.8764759183666787,0.39130407088914165
5,5,1,5,1,1,75,60,0,0,0.86,8.0,1,0,1,1,85.57095135062623,0.6210312159193478,0.5135751157860632
4,1,2,4,2,0,45,20,0,0,0.82,8.0,1,1,0,0,24.59970665322857,0.6963519662067973,0.3776551668010099
5,1,3,5,3,1,120,60,1,1,0.72,8.0,1,0,1,0,55.71730800475467,0.7426939322944537,0.29515629674255806
4,4,5,5,6,0,90,10,0,0,0.86,48.0,1,1,1,1,115.89508144176186,0.3816958756359372,0.8905446763333257
1,2,1,2,5,0,150,60,0,0,0.82,8.0,1,0,1,0,81.58975084773847,0.8514701971002695,0.30479025343480676
5,5,3,5,8,1,180,15,1,0,0.82,12.0,1,1,0,1,81.61360933718487,0.6390933640610146,0.6096725374071856
2,4,4,5,1,1,150,30,0,0,0.72,1.5,1,1,1,0,91.92762378557529,0.6582062604290011,0.6652106442936869
4,1,4,2,2,0,30,15,0,0,0.86,12.0,1,0,0,0,90.65889777818884,0.778927784772192,0.07591432025140579
4,2,1,3,5,0,150,60,0,0,0.82,4.0,1,1,0,0,67.1736212524035,0.7867916274081025,0.39970700024970185
5,4,1,3,4,0,150,45,0,0,0.72,72.0,1,1,1,1,43.73490826555891,0.7415736121572317,0.8172464526593664
2,3,5,1,4,0,30,0,0,1,0.72,3.0,1,0,1,0,48.20962113990235,0.6316122943688897,0.2979268868207793
2,4,5,4,6,1,60,10,1,1,0.82,96.0,1,0,1,1,35.39880770773547,0.5124494824474777,0.48772774136716684
2,5,1,3,2,1,45,15,0,0,0.86,24.0,1,1,0,1,44.07055699512601,0.7851207106889977,0.5744219215818541
1,2,4,4,4,1,75,20,0,0,0.86,24.0,1,1,1,0,56.710962532163315,0.6599880790760678,0.6416081428194509
1,1,1,5,4,0,60,30,0,0,0.86,96.0,0,1,1,0,36.683092988519654,0.7821713327888198,0.6197034020304625
3,5,5,5,3,0,180,10,0,1,0.86,8.0,0,1,1,1,80.21814542593555,0.449329556261182,0.8620256946790076
3,2,4,4,8,1,180,0,0,0,0.86,1.5,1,1,1,1,115.18710813072363,0.5282512101947181,0.8798138207068522
4,5,2,1,5,1,90,45,0,0,0.86,24.0,1,0,1,0,56.38271015097612,0.7532294407859674,0.29486241257896634
5,1,4,2,4,1,75,15,1,1,0.72,3.0,1,0,0,0,37.760142913699504,0.7228473802744682,0.044574111989920236
5,3,5,3,4,0,180,45,1,0,0.86,24.0,1,1,0,1,60.76627899916135,0.5577665108938049,0.6014671969035412
1,4,1,2,2,1,150,0,1,0,0.86,1.5,1,0,1,1,22.663050746668855,0.7684566210542536,0.46131673702398146
2,5,5,5,4,0,45,45,1,1,0.86,12.0,1,1,1,1,91.14812015545903,0.5453003409150201,0.8625943895729213
5,4,4,1,3,0,60,15,0,0,0.86,72.0,1,0,0,1,121.53282914972576,0.5954306605032686,0.29934173986458834
5,5,5,1,1,1,180,20,1,0,0.82,1.5,1,1,0,0,198.44331200090278,0.5398529575847769,0.5045058343030009
4,5,5,1,4,1,75,45,1,1,0.86,96.0,0,0,0,1,42.75778060370622,0.5498088085027675,0.25001857047394377
4,5,1,5,5,1,150,0,1,0,0.86,24.0,1,1,1,0,41.912828928369855,0.5090426940474725,0.6423088973689236
2,3,1,5,5,0,150,0,0,0,0.82,72.0,1,0,1,0,49.44028473382896,0.5548746678670609,0.3041189630718584
1,3,3,1,1,0,60,15,1,1,0.82,1.5,1,1,0,0,56.649375802348374,0.7019606531183096,0.3986290048166173
5,1,2,3,3,0,120,60,1,1,0.86,72.0,1,0,1,0,34.54303098008038,0.8018093473276062,0.27690203300712113
2,1,5,4,4,1,90,45,1,1,0.86,3.0,1,1,1,0,109.69894139840736,0.6238214310328523,0.6794651274266387
1,3,4,2,4,1,45,20,1,0,0.72,8.0,0,0,0,0,95.53068832849793,0.7413114565356559,0.08179532359483604
4,1,2,4,0,1,150,15,0,0,0.72,48.0,1,0,1,0,30.158007512894173,1.0,0.26010533834192945
1,1,2,2,7,0,60,20,0,1,0.86,3.0,1,0,0,1,61.67054388343517,0.6802345179348706,0.25349727966684915
5,5,4,3,0,1,45,45,0,1,0.72,1.5,1,1,0,0,117.68377790162224,0.5902149045531856,0.4471408086156919
3,1,4,2,3,1,45,15,0,0,0.86,1.5,1,1,0,0,99.2473368652326,0.7507080167748903,0.4236153300692461
1,5,1,1,8,1,120,0,0,0,0.86,1.5,0,1,0,0,26.450489068246828,0.7295767371484361,0.3765632877784407
3,3,3,4,7,1,150,60,0,1,0.86,72.0,1,1,1,0,114.74083796804737,0.7125178119296505,0.6766176451436228
5,2,3,5,1,0,150,15,0,0,0.82,72.0,1,1,1,0,77.52350253721302,0.6173137697402908,0.6584703711429883
2,3,3,3,2,1,45,20,0,1,0.82,1.5,1,1,0,1,49.19139882069577,0.4953365152193655,0.5981207098151083
4,1,2,5,5,1,150,60,1,0,0.72,2.0,1,0,0,0,18.858509441619017,0.68366005546059,0.03471613574550471
3,1,3,1,3,0,75,0,1,1,0.86,4.0,1,0,0,1,97.9683559539101,0.7159275098804893,0.27519731161097255
4,2,3,4,7,0,90,15,0,0,0.86,2.0,0,0,0,1,20.20786504308083,0.6450618583819356,0.22831757994198507
5,2,1,4,6,0,75,15,0,0,0.86,3.0,1,1,1,0,77.07765204868683,0.7273972684676075,0.6504672925730588
5,3,1,5,8,1,75,20,0,0,0.82,3.0,1,1,0,1,99.05251510339411,0.5370640532974025,0.6284405263381113
2,4,1,4,4,1,30,30,1,1,0.82,96.0,0,1,1,0,64.6395234042641,0.6318587529144357,0.6488629028988323
5,2,5,2,7,0,150,20,0,1,0.72,96.0,1,1,1,1,105.34962902095516,0.7700653420147742,0.856328512072936
3,1,1,5,7,0,90,15,0,0,0.86,1.5,1,0,1,1,101.62968504529297,0.7756937543565856,0.5134545605585676
4,2,4,4,1,0,120,60,0,0,0.82,3.0,1,1,1,1,48.09455866476577,0.676140162924447,0.8247332277051326
4,2,5,2,7,1,90,60,1,0,0.82,96.0,0,1,1,1,79.36966886443845,0.7194132199503903,0.8425541871797649
2,1,3,5,3,0,75,10,1,0,0.86,3.0,1,1,0,1,23.504121712103466,0.7345502393761745,0.5642508977184035
3,1,1,1,4,1,180,15,0,1,0.72,8.0,1,0,0,0,80.5302439838463,0.8293492033653346,0.06563238508699079
3,2,5,4,8,1,45,15,0,0,0.82,24.0,1,1,0,1,93.74626626615262,0.4895571932004944,0.6282285073200671
3,1,2,1,7,0,75,0,0,1,0.72,24.0,1,1,0,0,3.236595900223503,0.6472520371596974,0.36685008799897023
3,2,2,1,7,1,180,30,0,0,0.72,4.0,1,0,0,1,30.489291935207213,0.7855974914094306,0.22533437022481134
1,1,1,4,8,0,90,45,0,1,0.86,8.0,1,1,0,0,60.68735677248827,0.7286428523449491,0.3994532381841791
3,1,2,5,7,0,60,0,0,0,0.72,12.0,1,1,1,0,75.69203047584193,0.6996671717065086,0.6514846516311057
5,5,1,2,5,1,30,10,0,0,0.72,3.0,1,1,0,0,41.175942814980736,0.5861376075790791,0.39642099601278497
5,1,3,3,5,1,75,45,0,0,0.72,1.5,1,0,1,1,78.92168067826827,0.6481538676454245,0.5072436830503324
2,4,3,4,4,1,180,15,0,0,0.82,4.0,1,1,0,0,41.963230343370256,0.6200383726852854,0.3945728008076102
5,1,3,1,3,0,90,10,0,0,0.86,4.0,1,1,0,0,39.25577261970787,0.8029265655696044,0.37996565548993294
4,4,5,3,8,0,180,10,1,1,0.72,1.5,1,1,0,1,100.97738426645452,0.6514192240428729,0.6217189104946352
5,4,4,5,1,1,75,60,0,0,0.86,4.0,0,1,1,1,103.3539496668127,0.6256439649416404,0.8651075555652936
1,3,5,1,2,1,120,60,1,1,0.82,4.0,1,1,1,0,76.25249533298914,0.7887774450120386,0.6456205757378168
1,4,5,2,8,0,60,10,1,0,0.72,1.5,1,1,0,0,110.29792344255733,0.6633387471598273,0.437098236660517
4,3,5,4,1,1,90,60,1,1,0.72,96.0,1,0,0,0,66.65794975569258,0.6341894292793161,0.0700453731209096
5,5,2,4,7,0,120,0,0,0,0.82,72.0,1,1,0,1,126.44905644589454,0.6307057885001198,0.6401499657689214
2,4,1,5,1,0,150,0,0,0,0.86,72.0,1,1,1,0,26.64412352654428,0.7366387622781329,0.616198035658227
1,3,4,2,2,0,60,10,0,0,0.82,72.0,1,0,0,0,46.11965238187976,0.6567161000893109,0.05477630791500141
3,5,5,4,7,1,30,45,0,0,0.82,96.0,1,1,0,1,97.16465119475052,0.6020996656744914,0.6226294575326193
2,5,5,3,0,0,30,30,0,1,0.86,4.0,1,1,0,0,60.80531253847407,0.6357381390855538,0.40603520528966064
4,4,2,5,0,0,30,10,0,0,0.86,24.0,1,1,1,1,44.34478554781295,0.536864081418035,0.8319827046659461
4,5,5,5,5,1,75,20,0,0,0.72,8.0,1,1,0,0,129.79879215603808,0.4734396791802359,0.4633917505614089
4,4,1,4,0,1,75,0,0,1,0.82,48.0,1,1,0,1,101.54099247971737,0.6576670085678858,0.6216573043867263
2,1,1,2,8,1,60,30,0,1,0.82,4.0,1,0,1,0,93.05550774921129,0.5365900429535678,0.3344757021593911
5,1,5,5,4,0,75,15,0,0,0.86,24.0,1,1,1,1,88.95148240370743,0.5283865228885076,0.8623139316669428
2,2,4,1,2,0,120,60,0,0,0.72,3.0,1,1,1,0,65.38164614114683,0.6450097011294618,0.6484370850150357
5,4,4,2,5,0,180,0,0,0,0.86,4.0,0,1,0,1,37.51556863592059,0.661286632436161,0.5787203148200826
4,1,4,5,0,0,150,15,0,0,0.82,8.0,1,1,1,1,113.20234549643205,0.6624150042092952,0.869099180036304
4,2,3,2,0,0,75,15,0,0,0.86,72.0,1,1,0,1,22.217620928843445,0.650753276630685,0.5692590179217477
1,4,2,4,5,1,60,20,1,0,0.72,1.5,1,1,0,1,133.3414133315169,0.7743638664039653,0.634688804906067
4,4,5,2,0,1,45,45,0,0,0.72,2.0,1,1,0,1,72.9535600606964,0.46323527948384247,0.6162092371432619
3,1,5,1,6,0,90,60,1,0,0.82,48.0,1,1,0,1,67.67575561928885,0.7223814820330683,0.5945504666705445
3,2,1,3,3,1,90,20,0,1,0.82,2.0,1,0,1,0,6.221052259572995,0.6235657071412345,0.2704977686731623
5,5,4,1,3,1,180,15,0,1,0.82,2.0,1,1,0,1,107.82541392968604,0.7621238891155181,0.618534937048371
4,4,3,4,0,0,30,30,0,0,0.72,4.0,1,1,0,0,28.170037195418573,0.6722741062739934,0.38172083735776624
1,2,3,2,0,1,150,10,1,1,0.86,96.0,1,0,0,0,171.89893486055988,0.552135984423373,0.1459497709974038
1,3,2,3,4,1,180,10,0,0,0.86,4.0,0,1,0,0,97.46487672024814,0.5511120407296212,0.436398741629092
5,2,2,2,1,1,60,0,0,0,0.72,4.0,1,1,0,0,178.7222781461711,0.8276714778533028,0.47121118198104955
1,2,5,5,1,0,150,45,0,1,0.82,2.0,1,1,1,1,131.92068267395052,0.6741608678467448,0.8807558610333617
2,4,2,3,0,0,60,15,0,0,0.72,72.0,1,1,0,0,109.4987054368481,0.5685541996828076,0.44320034298010225
4,2,5,4,8,0,90,45,0,0,0.72,96.0,1,1,1,1,82.85795680515778,0.5754412918718113,0.8549577474390784
3,3,4,3,4,1,30,30,1,1,0.72,8.0,0,0,1,0,19.593801941700928,0.7266388195074664,0.27219781726227793
3,3,2,2,8,1,60,20,0,0,0.82,24.0,0,0,0,1,54.506691765279655,0.5512370019101427,0.2577512043764765
5,3,5,5,4,0,45,60,1,0,0.82,8.0,1,1,0,0,38.41118928183543,0.6862336094565511,0.38757110685926505
1,1,2,4,4,1,30,60,0,1,0.72,2.0,1,0,0,1,58.025975832459494,0.8613968865260102,0.23838620183148562
3,5,5,4,3,1,120,45,0,0,0.82,12.0,1,1,1,0,67.41198268897145,0.7391775946902943,0.6431988901643271
1,4,5,3,0,0,75,45,1,1,0.86,3.0,1,1,0,0,50.36890905371118,0.6199975997469607,0.4001794407201869
2,1,3,2,7,1,180,0,0,0,0.86,96.0,1,1,1,1,34.94319095815808,0.5549246002886845,0.8244507386185642
2,2,3,1,2,1,45,45,0,0,0.86,1.5,1,1,0,0,27.411565015949563,0.6872639979370162,0.3801658968217086
5,1,2,2,1,1,120,10,1,0,0.72,8.0,1,0,1,0,43.581949202981605,0.6968433009341239,0.29027560173659905
3,1,1,2,0,1,90,60,0,0,0.72,96.0,0,0,1,1,47.59598493130184,0.8981101005359112,0.4688629495833541
2,3,3,1,8,0,180,20,0,1,0.86,48.0,1,0,0,1,120.42512106531686,0.6490316571358667,0.29485119804403387
4,3,5,3,8,1,60,10,0,1,0.82,4.0,0,1,0,1,83.71391728820589,0.49285729584117177,0.6213092674832552
1,2,1,3,6,1,60,45,0,0,0.72,96.0,1,0,0,0,92.56713654977864,0.657332289830942,0.08569816407835315
3,3,4,3,1,0,90,20,1,1,0.72,24.0,0,1,0,0,115.87466003373041,0.7881162616868772,0.4320816350377389
4,1,5,5,4,0,150,30,1,1,0.82,4.0,1,1,1,1,69.06337588087875,0.7364782492984713,0.8344887731363596
4,2,2,4,0,1,60,0,0,1,0.72,8.0,1,1,1,0,85.59098208660492,0.6789250215309203,0.6595359032172389
5,3,3,4,2,1,120,20,0,1,0.82,24.0,1,0,1,0,114.03388631692243,0.5361069214519768,0.34849510637630987
3,3,2,4,1,0,150,20,0,1,0.86,3.0,1,1,0,1,8.666227147856823,0.7888139694549842,0.550560506903389
2,2,2,3,6,0,180,45,1,1,0.82,2.0,1,1,0,0,68.39332956350441,0.6839167183201104,0.40772138275992853
5,4,5,5,4,1,75,30,0,0,0.86,1.5,1,1,1,0,24.1885012517072,0.5582786643235835,0.6270461609984873
5,1,3,5,6,1,30,45,1,1,0.72,96.0,1,1,0,0,57.352512834046195,0.6420071071883124,0.40329451105284897
2,4,3,4,8,1,120,60,0,0,0.82,4.0,1,1,0,1,70.16375073918425,0.7235825940713988,0.5961250522411249
2,5,5,5,6,1,30,0,1,1,0.72,2.0,1,1,1,0,63.301235117793006,0.5389876793659792,0.6544716858562436
2,5,2,3,0,0,30,60,1,0,0.72,12.0,1,1,1,1,97.53783672191496,0.9022940365423686,0.8418646419233109
2,1,5,1,7,0,30,45,0,1,0.72,1.5,0,0,0,1,134.91308802859257,0.7728861263325619,0.29584002984244906
3,5,2,3,2,1,75,45,0,0,0.72,8.0,1,1,1,0,83.79726612584649,0.6202237970771458,0.6624491782884976
4,4,1,3,0,0,150,45,0,0,0.82,72.0,1,1,1,0,48.20769616349443,0.7975764602033867,0.6263081118947593
4,5,2,4,0,0,75,20,0,0,0.86,4.0,1,0,0,0,38.60937573690347,0.583530708481351,0.05489243423090775
1,4,4,3,2,0,60,10,0,1,0.82,3.0,1,1,0,0,112.0001142555543,0.6834581330383486,0.4368246735243518
2,2,1,3,6,1,150,30,0,0,0.86,4.0,1,1,1,1,30.428311888752937,0.6812047617547138,0.8126012079363386
2,5,3,3,5,0,120,20,0,1,0.72,24.0,1,1,0,1,198.41383126098924,0.5600671578249122,0.6930711864595824
2,5,3,2,4,1,75,15,0,0,0.86,8.0,1,1,0,0,50.16747719015358,0.5908553944479843,0.40208510718207685
3,4,3,4,7,0,30,10,0,0,0.82,72.0,1,1,0,0,39.61897383750002,0.8090325713889157,0.37978036922777597
4,4,3,3,2,0,45,15,1,0,0.82,12.0,1,1,0,0,86.07122007236575,0.6233487413269219,0.42374640148869264
3,5,4,2,2,1,150,20,0,1,0.72,12.0,1,0,1,0,61.110532739611585,0.6921072094704589,0.30229285049680893
2,5,4,4,2,1,45,45,0,1,0.82,8.0,0,1,1,0,38.154075276763095,0.5902971889758648,0.6341152469561984
3,2,4,1,0,1,150,45,0,0,0.82,3.0,1,1,0,0,25.891975088339095,0.7535465214755217,0.37451306022227293
4,4,1,3,6,1,150,60,0,0,0.82,12.0,1,1,1,0,29.561460603452772,0.6522947134819075,0.6240470104585685
3,1,1,4,8,1,60,20,0,1,0.72,96.0,1,0,0,1,69.67617888356861,0.5663529963870626,0.26680607617528473
1,2,4,3,3,0,120,45,0,0,0.72,12.0,1,1,0,0,83.84444443822896,0.601107595787509,0.42381876458702705
5,1,2,2,4,1,150,20,0,0,0.86,12.0,1,1,1,1,52.46453031411298,0.8713828580302687,0.8139795534806232
4,1,5,1,8,1,180,15,0,0,0.72,1.5,0,1,0,0,108.45612286101073,0.7967682405362488,0.4265303050698031
5,3,4,4,2,0,90,45,0,0,0.86,4.0,0,1,1,1,36.88954140860687,0.7812777324715303,0.8099035863327307
2,1,1,4,4,0,45,0,0,0,0.86,3.0,1,1,0,0,40.95384247232872,0.6586026628416045,0.39120037524930684
1,1,3,1,4,0,150,45,0,0,0.72,8.0,1,0,0,0,57.302893720657146,0.8284608256064716,0.05020967135465175
5,2,3,3,7,1,30,10,0,0,0.72,4.0,1,1,0,0,57.23869386180439,0.531065953895167,0.41098451246854123
1,1,1,4,6,0,45,60,0,0,0.82,48.0,1,1,0,0,61.261441423294215,0.7249229160109942,0.40009635682809325
2,1,1,4,4,1,150,15,0,0,0.72,1.5,1,1,0,1,18.452432334134482,0.6404296883029655,0.567471543374882
2,2,3,5,5,0,150,45,0,0,0.82,1.5,0,0,1,1,42.831680900985745,0.5410302345068609,0.4906823375185102
1,2,1,5,2,1,75,30,0,0,0.72,24.0,1,0,1,0,63.166190152401995,0.6332955973433626,0.3077801016208993
2,3,1,1,6,0,150,15,0,0,0.82,96.0,1,1,1,0,33.41180057164266,0.625004578201437,0.6285242132403279
1,4,5,3,8,1,180,15,1,1,0.86,3.0,1,1,1,1,88.98667130141128,0.5732121172702903,0.859199599325354
3,3,1,3,4,1,90,45,0,0,0.86,3.0,0,1,1,0,57.28620601950077,0.6121445722346176,0.6453406839565774
4,3,4,4,5,1,60,0,0,0,0.72,72.0,1,0,0,0,169.1269845943954,0.5229855214365228,0.14614233656237366
4,4,5,1,4,0,75,60,0,0,0.86,2.0,1,1,1,1,58.1297564087704,0.6031062599087975,0.8365357327455645
4,4,1,5,3,1,120,15,1,1,0.82,8.0,1,1,1,1,36.150705645527566,0.6570372302629504,0.8181078643119452
3,5,5,2,2,1,150,30,0,0,0.82,8.0,1,1,0,1,52.217327338871385,0.6194052235387134,0.5914531859115376
2,4,1,1,1,0,180,60,0,1,0.86,3.0,1,1,0,1,63.42656758856664,0.8330848172291143,0.5839684411863397
4,5,4,1,5,1,90,15,0,1,0.86,12.0,0,1,0,0,56.339758599769056,0.5787102795351098,0.40705011949905506
1,1,2,2,2,1,60,10,0,0,0.72,96.0,1,0,0,1,111.45950906824746,0.7327047109255783,0.28301700961404114
4,4,1,3,4,1,150,30,0,1,0.86,96.0,0,0,0,1,36.996325567283186,0.7550081846216995,0.2318136441213365
2,1,2,5,0,0,90,20,1,1,0.86,1.5,1,0,0,1,113.57217695289117,0.573983528648975,0.29553593762983255
3,5,5,2,3,0,45,10,0,1,0.72,72.0,0,1,0,0,49.446723979329064,0.5515608620829326,0.40435522230708076
3,5,5,1,2,1,75,10,0,0,0.72,3.0,1,0,1,0,21.579837772765686,0.6430910014071075,0.2793701884166796
3,2,2,2,5,1,75,45,1,0,0.72,12.0,1,1,0,1,27.064903935459654,0.7561863781257977,0.5651102228215006
4,3,1,4,3,0,60,30,0,0,0.86,96.0,1,1,1,1,46.732758675878564,0.8443023794394449,0.8120540058898246
5,1,5,2,8,1,75,30,1,0,0.82,24.0,1,1,1,0,60.77281529969355,0.6769135797299691,0.6431312596186979
2,4,2,5,1,1,90,60,1,1,0.86,96.0,1,1,1,0,61.94242913517229,0.6461197138711916,0.6460665727857982
5,3,5,4,8,1,30,30,0,0,0.82,12.0,1,1,0,0,67.89974886516922,0.5533654281868393,0.4165309192703674
1,2,2,3,1,1,120,15,0,1,0.82,96.0,1,0,0,0,19.801943397190154,0.9099783777389931,0.019502809156397252
3,5,4,4,6,1,45,20,1,0,0.72,96.0,1,1,1,1,135.67699654205484,0.6104399731033224,0.887720532910804
5,4,5,2,6,0,180,30,1,0,0.72,3.0,1,1,1,0,42.98907146928367,0.42517091618976255,0.6488974168462391
3,4,3,5,2,0,60,30,0,0,0.86,2.0,1,1,1,1,57.13504051929013,0.643361179438156,0.8330547444521892
3,4,2,5,2,1,75,30,0,0,0.82,1.5,1,0,1,0,39.58127386486707,0.6136727456391324,0.29343042371517214
3,5,3,4,1,0,60,0,1,0,0.72,96.0,1,1,0,0,124.79709882111237,0.8572918568439167,0.4331876359016674
4,2,2,1,6,0,90,10,0,0,0.72,96.0,1,1,0,1,18.672382988627863,0.8838760253045825,0.5505769335544312
3,3,2,3,6,1,180,45,1,0,0.82,96.0,1,1,1,0,23.20851768239752,0.6557418721783926,0.619570414069111
5,4,2,2,4,1,150,30,0,0,0.82,3.0,1,0,1,1,156.8894522865362,0.7264140874313519,0.5537439820708294
4,4,2,5,1,0,45,30,0,0,0.72,12.0,1,1,1,1,41.935437975120465,0.6857627899644114,0.8199535633525715
2,4,5,4,6,0,180,45,0,1,0.72,4.0,0,1,0,1,83.29704910580601,0.571209459610829,0.6155467038977793
5,5,5,1,0,0,45,0,1,0,0.86,2.0,1,1,1,0,114.57476846765232,0.6188212143479649,0.6830656939740773
1,4,4,3,2,0,75,0,0,1,0.86,48.0,1,0,1,0,69.17175945961918,0.7390394196059957,0.30438174693399306
5,5,4,1,7,0,150,30,0,0,0.72,12.0,1,1,0,1,47.25780650760949,0.5555020760885231,0.5926200590122097
4,4,4,1,2,1,30,10,0,1,0.86,24.0,1,0,0,0,222.65608778258942,0.7515072913071177,0.1658318814635614
2,4,2,3,3,0,30,30,0,1,0.82,48.0,1,1,0,0,87.08165401196788,0.5078278504447107,0.43250648647684886
2,1,1,5,8,1,75,15,0,1,0.82,12.0,1,1,0,1,84.47908115662207,0.6349014214473541,0.6118762879364332
5,2,1,4,8,1,150,15,1,0,0.82,96.0,1,1,0,0,112.98688613345097,0.7662988368767198,0.4316836721742636
1,3,2,2,3,1,30,60,0,0,0.72,2.0,1,0,0,0,103.19601711900668,0.9600380493836942,0.07159468128914585
5,4,1,2,8,0,75,0,0,1,0.86,8.0,1,1,0,1,70.6053760791124,0.7319688292183075,0.5958324326741268
3,5,2,4,5,0,120,15,0,0,0.82,2.0,0,1,0,1,133.02665976342524,0.6123151953410655,0.6458223761684089
3,3,1,1,5,1,150,10,0,0,0.72,1.5,1,0,0,1,41.88838940213576,0.689067700998106,0.23969085386488975
4,4,2,5,5,1,30,0,0,0,0.82,2.0,0,0,1,1,78.27615263075518,0.6499215713496906,0.5066895917593585
5,3,5,4,5,1,30,0,0,0,0.72,96.0,1,1,1,0,83.86286156548175,0.6063945714041158,0.6634609543786998
1,4,4,2,8,0,60,60,0,0,0.86,48.0,1,1,0,0,42.97572855356745,0.6054007909234039,0.39627243033774007
5,4,5,2,0,1,75,15,0,0,0.82,8.0,1,1,0,0,121.51406285470345,0.6953269160163488,0.4423364911153246
3,5,1,3,6,1,60,30,0,1,0.72,4.0,0,1,0,0,83.70422453554923,0.5541725721402307,0.4270107363072167
5,4,4,3,7,1,45,15,1,0,0.72,24.0,1,1,0,1,143.351706475344,0.43273219083048287,0.6652765509587623
1,4,3,1,4,0,150,10,1,0,0.86,8.0,1,0,0,0,65.0333775048765,0.66396774438077,0.06687784289659711
1,5,1,5,1,0,45,0,1,1,0.72,3.0,1,1,0,0,55.695458021931316,0.5468460204336518,0.4088510839175986
4,5,3,3,8,1,180,60,0,1,0.72,24.0,1,1,1,1,128.10199494516436,0.5217905820467187,0.8888759892201725
1,2,1,3,8,1,150,20,0,0,0.72,72.0,1,1,1,0,23.73360226866147,0.7284644983947587,0.614829886624808
5,4,4,2,0,1,30,10,0,0,0.72,12.0,1,0,0,1,29.5079739013121,0.5986113053941401,0.23776919122328494
1,1,3,2,8,0,180,45,0,1,0.72,3.0,1,1,0,0,24.092669676011237,0.7117146138983085,0.3762417568111259
4,5,1,5,7,0,30,30,0,0,0.82,24.0,1,1,1,1,43.262202390270645,0.5534228344702469,0.8301018698472632
2,3,2,2,6,0,150,0,0,0,0.72,4.0,1,0,0,1,88.2900137218768,0.7407354880187923,0.26700852498660244
3,3,1,3,0,1,60,10,0,1,0.72,3.0,1,0,1,1,22.215257165315347,0.7030550737091131,0.46559631628390563
5,2,2,4,7,1,45,60,0,1,0.86,2.0,1,1,0,1,69.89106538913884,0.7475384356219258,0.5942663530992244
1,5,2,2,8,1,30,60,1,0,0.82,4.0,1,1,0,0,52.67829912567797,0.4902214662155578,0.4108033634486963
2,2,3,5,3,1,45,20,1,0,0.82,96.0,1,1,0,1,74.99401309062262,0.6847711047141167,0.6020620313970936
3,4,3,3,3,1,45,45,0,1,0.72,4.0,1,1,0,1,39.60860966987997,0.6974328628614975,0.5775854393796152
2,5,5,3,7,1,150,0,1,0,0.82,24.0,0,1,1,0,170.88028007422912,0.635188474788287,0.7194569934809728
4,4,4,4,5,1,75,30,1,0,0.86,8.0,1,0,1,1,150.5914418915989,0.5830254739286463,0.559582511419394
5,2,2,2,5,1,120,45,0,1,0.86,2.0,1,1,0,0,39.82405719736315,0.698673210780486,0.38764224671027475
4,2,1,3,2,1,120,15,0,1,0.72,48.0,1,1,1,1,55.63739780540179,0.794080646333091,0.8215059532936182
2,1,3,2,7,1,60,60,1,0,0.82,3.0,0,0,1,0,69.40276852577634,0.6709002088931799,0.3093054977279949
3,3,4,1,0,1,90,10,1,0,0.82,12.0,1,0,0,1,46.13674485758584,0.7347665383770368,0.23932417221866467
3,2,4,5,7,0,150,15,0,0,0.86,8.0,1,0,1,0,61.331177456283484,0.6287644612157883,0.30687393935241714
4,3,1,3,2,0,180,20,1,0,0.82,1.5,1,0,0,0,83.9210745774316,0.5847251138497285,0.08501662508214007
1,1,5,5,8,1,90,60,1,1,0.82,72.0,1,1,1,1,97.89772518247557,0.7347154026352395,0.8538350719371836
4,2,5,1,6,1,30,0,0,1,0.82,96.0,1,0,0,0,83.35819849979117,0.8010983931176592,0.06949524481495797
1,3,4,3,0,0,150,15,0,0,0.86,3.0,1,0,0,0,42.8807843660837,0.5720335933619284,0.058544838042054154
4,2,1,4,5,0,75,30,0,0,0.86,12.0,0,1,0,1,33.77331769724342,0.6986231085409245,0.5736119275336309
3,3,2,3,8,1,150,30,1,0,0.82,72.0,1,0,1,0,59.796535028845696,0.6184137964610645,0.3065753909336226
1,3,4,4,2,0,180,45,1,1,0.82,48.0,1,1,1,1,41.93123610483589,0.7813553019418915,0.8132592862672916
5,5,2,2,3,1,45,60,0,1,0.86,12.0,1,1,0,1,118.16385204708426,0.6535583279347678,0.6330268184092892
3,4,1,1,4,1,180,60,0,0,0.86,24.0,1,1,0,0,24.484585226049152,0.6674689715580916,0.37960022880829974
3,5,5,5,1,0,150,30,1,0,0.72,1.5,0,1,1,1,86.78731077298647,0.7201903615256487,0.8474448818751956
4,1,5,4,7,0,150,45,0,0,0.86,3.0,1,1,1,0,20.173942231584732,0.5959295104162978,0.6217342290919158
1,5,5,3,3,1,30,0,0,1,0.86,4.0,1,1,0,1,25.774146524014043,0.636305589655267,0.5726413730734741
5,4,1,2,5,1,180,15,0,1,0.72,2.0,1,1,0,1,48.64127760389482,0.7003263287844074,0.583404675387688
2,4,2,5,1,0,150,45,0,0,0.72,12.0,1,1,1,1,30.006685733702426,0.6919550125274654,0.811567606278879
5,3,4,2,0,1,30,15,0,1,0.72,24.0,1,1,0,1,17.74088192070599,0.8037765484742715,0.555562896220605
5,3,3,1,0,0,30,45,0,0,0.86,8.0,1,1,0,0,17.437701538020946,0.5389124690895644,0.38390126152241116
2,2,4,4,5,0,150,20,0,1,0.82,24.0,1,1,1,0,103.37420253245548,0.7091677448981261,0.6692743928787682
4,5,4,2,7,1,150,0,0,1,0.72,96.0,0,1,0,1,79.25280162306129,0.7426746950287315,0.6008479724300297
3,5,1,4,5,1,75,20,0,0,0.72,1.5,1,1,1,1,140.89768589985667,0.5742837322774599,0.8937319293404823
1,5,1,4,7,0,75,10,0,1,0.82,24.0,1,1,0,0,105.7813210542952,0.5711134306428507,0.44054294055786397
1,3,5,1,5,1,75,45,0,0,0.72,3.0,0,1,0,1,68.4994897330609,0.7486279620727303,0.5932623691436162
3,1,5,2,3,1,30,30,0,0,0.72,96.0,1,0,0,1,50.36587722880145,0.6648389911185265,0.2470385221075708
3,5,4,1,0,1,60,30,0,0,0.82,8.0,1,1,1,0,106.17542764954928,0.8079018378125052,0.6642304897861575
3,1,1,1,5,1,30,15,0,0,0.86,3.0,1,1,0,1,155.53767922493427,0.7874808174419166,0.648568128929022
5,3,4,1,7,0,120,0,0,1,0.82,1.5,1,0,0,1,68.1751083288196,0.5809492549578386,0.2647836243721644
1,1,2,1,2,0,120,10,0,0,0.72,12.0,0,1,0,0,94.06395634717687,0.9562335823478599,0.40577295346710107
5,5,5,5,8,1,120,60,1,1,0.86,1.5,1,1,1,1,9.936328102158415,0.47554046419607404,0.8133363862410471
1,3,5,3,4,1,90,60,0,0,0.86,1.5,1,1,0,0,69.31001032086921,0.6070133272418874,0.413715740640314
2,4,3,1,0,1,180,0,1,0,0.72,48.0,0,0,0,0,69.06855304573813,0.7218191894852489,0.06551835876652466
3,4,4,4,6,0,45,45,0,1,0.72,2.0,1,1,1,1,90.21694892705528,0.5097521519854986,0.864461981979052
2,3,5,3,8,1,120,10,0,0,0.82,8.0,0,1,0,1,111.17948089875534,0.7227290247181006,0.6235286222022365
5,1,5,4,0,1,150,15,0,0,0.82,96.0,1,1,1,0,60.418997009353646,0.9596061175443863,0.6231069031114621
2,1,4,2,5,1,120,10,0,0,0.72,72.0,0,0,0,0,69.40281065947173,0.5994963386903063,0.0743037967313264
3,4,3,5,2,1,150,20,0,0,0.72,4.0,1,1,0,1,102.49673295957521,0.6879987374431662,0.6201712436853618
2,5,3,3,2,1,120,60,0,0,0.82,4.0,1,0,0,1,55.648416550978226,0.6039529446138419,0.2548222382443499
4,5,3,5,4,1,75,0,0,0,0.72,24.0,0,1,0,1,45.69484922959451,0.532568205541783,0.5931834584318049
5,1,5,3,7,0,75,10,1,1,0.86,72.0,0,1,1,1,115.55978148017374,0.8227783099778441,0.8594453726216668
1,3,1,2,5,1,120,20,1,0,0.72,2.0,1,1,0,1,80.89359892622862,0.7266050010343925,0.6030667158784115
5,1,2,1,6,1,45,15,0,0,0.86,8.0,0,0,0,0,62.88360233516907,0.7654214039747239,0.05834290327854871
3,5,2,4,4,1,45,15,0,0,0.82,1.5,1,1,1,1,48.459161306557654,0.5306884528089568,0.8351579158410781
1,3,3,4,5,1,90,45,0,0,0.72,12.0,1,1,0,1,82.54144130167727,0.47158550019959355,0.6220166425204801
2,1,2,4,3,0,120,30,1,1,0.72,12.0,1,1,0,1,95.47014926427879,0.7904666998573544,0.6083140971861711
5,4,3,2,5,0,120,15,0,1,0.72,2.0,0,1,1,0,44.538586484548354,0.6035130846151737,0.6374464750666368
2,1,4,4,0,1,150,0,0,0,0.82,4.0,0,1,0,0,38.53214458230974,0.7148497483714884,0.38564861400220235
5,1,3,2,5,1,75,0,0,0,0.72,1.5,0,1,0,0,40.996851405281404,0.6980609011894559,0.38846697118692575
2,1,4,4,7,1,45,60,0,1,0.82,72.0,1,0,0,0,97.91333325683301,0.6536097341806703,0.08952287411190843
2,4,5,4,8,0,45,30,0,0,0.72,24.0,0,1,0,1,78.89510951127262,0.5422962623950417,0.6146360013065288
4,1,3,5,4,0,75,0,0,0,0.72,8.0,0,1,1,1,17.65531888724268,0.6053756245074323,0.8093939188759749
3,1,2,3,0,1,45,20,0,0,0.86,1.5,1,0,0,1,58.677848329510624,0.741266861832753,0.24722988522471437
5,1,2,3,7,1,45,0,0,0,0.72,48.0,1,1,0,1,147.94337526473373,0.9210703623229684,0.6341539914805481
5,3,2,2,3,0,75,0,0,0,0.82,1.5,1,1,0,0,34.63589841064177,0.7305455502456937,0.38195241042322936
3,3,2,4,8,1,180,30,1,0,0.86,12.0,1,1,1,0,126.15306811365646,0.724166206482936,0.683410410955299
5,2,5,2,5,0,45,30,0,0,0.82,12.0,1,0,0,0,71.96619812170371,0.7133569908036669,0.06804247605821247
5,3,3,1,5,1,120,20,0,1,0.86,4.0,1,1,0,0,141.415818514286,0.5511852788263644,0.4656942428250119
2,4,1,5,7,0,120,15,0,1,0.86,3.0,1,1,0,0,51.39921779910438,0.6656929088856268,0.3976676415774091
4,2,4,4,6,1,90,30,0,0,0.86,2.0,1,1,1,0,59.334470802858284,0.7457154702033221,0.6373562309543397
4,5,4,3,4,0,60,20,1,0,0.82,8.0,1,1,1,1,148.5433453420528,0.5011364737333552,0.903949343733367
3,2,5,1,2,1,90,20,1,1,0.72,96.0,0,1,0,1,78.00689912848568,0.8131811193031114,0.5950819210677727
5,5,1,5,7,0,75,15,1,0,0.82,3.0,1,1,1,1,60.429012263565845,0.6097084330963014,0.8376064178589695
3,3,4,3,7,1,90,15,0,0,0.72,4.0,1,1,1,1,110.97864792891504,0.6359803202934979,0.8694671428653985
3,4,3,2,7,1,60,0,0,0,0.82,96.0,1,1,0,0,103.1407456570086,0.7118421263929021,0.4289315482571693
3,5,5,3,3,1,75,10,1,1,0.82,3.0,1,1,0,0,72.6653541286136,0.7355176994201211,0.4069573304596673
3,3,3,5,1,0,150,45,1,0,0.82,24.0,1,0,1,0,101.0618039282447,0.5179801502515056,0.34111592543455777
2,3,1,5,2,0,75,20,1,0,0.82,24.0,1,1,0,0,47.7354154448148,0.6863359760987838,0.3937800919696283
3,5,2,2,0,1,150,15,0,0,0.72,12.0,1,1,0,0,54.5598298607224,0.5826367999522158,0.40558864391049315
5,2,2,1,8,0,150,20,1,1,0.72,8.0,1,1,1,0,52.20955623361775,0.6131068243500418,0.641888893117909
3,4,2,2,0,1,60,15,1,0,0.72,24.0,0,0,0,0,98.03004619958686,0.8361285412659683,0.07682436624444014
5,3,1,5,3,0,150,10,1,0,0.82,12.0,1,1,1,0,67.72994938645034,0.7902141852048238,0.6398383066266293
2,2,1,4,2,1,120,0,1,0,0.86,2.0,1,1,0,1,92.32109242349776,0.7515276254639269,0.6089404611665237
5,3,2,4,1,1,180,45,0,1,0.82,24.0,0,1,1,1,21.244246929138757,0.7857885463669492,0.7991576330404061
2,4,1,2,4,1,45,15,0,0,0.86,48.0,0,0,0,0,66.81158886656114,0.5572797760501462,0.07553147492086387
4,1,1,3,2,1,75,15,0,0,0.86,2.0,1,0,1,0,87.55212950787053,1.0,0.29836808633858036
3,2,3,1,2,1,120,15,0,0,0.86,3.0,1,0,0,0,76.6773404309006,0.8276703595992755,0.06318130178198444
4,3,4,4,6,1,150,45,1,0,0.72,4.0,1,0,0,0,29.3475474282405,0.5669260825596363,0.04988020583965246
5,4,4,5,0,1,180,20,0,0,0.86,2.0,1,1,0,0,192.47664129579306,0.7686601548810094,0.48451155002219143
1,5,3,1,7,1,90,10,1,1,0.86,1.5,1,1,0,0,33.69256832069249,0.5942893123889909,0.39086146034656566
1,1,3,4,7,0,45,60,0,0,0.72,2.0,0,0,0,1,67.42158890635595,0.6627786034636419,0.2585532236951157
4,1,2,3,7,0,60,30,1,0,0.86,12.0,1,0,0,0,15.780879068595143,0.6587254620587792,0.03440980370161555
3,5,4,3,7,1,90,45,0,0,0.86,4.0,1,1,0,0,98.30080205403031,0.6520375397232584,0.4298912402553921
5,5,3,2,3,1,180,0,1,1,0.72,2.0,1,1,1,0,57.43006005819928,0.6664085356944179,0.641638109206857
3,3,2,1,8,1,30,30,0,0,0.86,4.0,1,0,0,1,79.58747161068203,0.713115180510124,0.2631402517714127
3,3,3,5,1,0,90,10,1,0,0.82,12.0,1,1,0,0,46.234936559532564,0.5777631948152202,0.400379867402623
1,3,3,1,1,0,150,20,0,0,0.82,4.0,1,1,0,1,21.7090283401854,0.8406903321927035,0.5556243623066344
4,1,3,5,7,1,45,15,0,0,0.72,3.0,1,1,0,1,63.54557098177354,0.6810414205579716,0.594690814548791
5,2,2,1,4,0,30,30,1,1,0.72,2.0,1,1,0,1,65.6550528529792,0.702356558617938,0.5946050761320638
4,4,3,5,1,1,150,0,0,1,0.82,96.0,0,1,0,1,49.88865512841524,0.6681260813747929,0.586490277722708
4,5,5,1,6,0,180,0,1,0,0.86,48.0,1,1,1,1,52.36057364181113,0.5372889193163731,0.8372968247423946
3,2,4,3,6,1,45,20,0,0,0.82,96.0,1,1,0,0,43.3365155601339,0.5275933931944015,0.40195947284981454
5,1,3,4,0,0,75,10,0,1,0.82,2.0,1,1,1,0,56.265380289232624,0.6664924721320186,0.6408557804769139
4,3,4,5,8,0,90,20,1,1,0.72,72.0,1,1,1,1,176.4056672998733,0.5569519241979659,0.9186171435060579
4,3,2,4,2,0,60,15,1,0,0.86,8.0,1,0,0,0,141.86211523821163,0.6859403146406092,0.11655892146729843
3,1,3,5,0,1,30,10,1,0,0.86,8.0,1,0,0,0,116.05279330821901,0.5676623878052245,0.10763216172578029
2,3,5,2,0,0,150,10,0,1,0.72,1.5,1,1,0,1,14.632580554357924,0.6392847147498623,0.565005123670415
4,2,1,3,7,1,120,60,1,1,0.86,96.0,1,0,1,1,43.05998831970281,0.794827658220244,0.47306872280438483
3,5,5,4,1,1,45,60,0,0,0.86,24.0,1,1,0,1,65.8580656436368,0.5890067208383966,0.6026749066370701
4,1,2,2,8,1,75,10,0,1,0.72,8.0,1,1,0,0,52.09937928730587,0.8288161325534711,0.3867157902461276
2,5,1,2,8,0,60,45,0,0,0.72,96.0,1,1,0,0,101.51166773444059,0.6207537224015661,0.4342216845881841
1,5,1,3,8,1,90,20,0,1,0.86,2.0,1,1,0,1,43.69980760003398,0.5439446919137512,0.5910570766327268
4,2,3,1,7,1,60,20,1,0,0.72,8.0,0,0,0,1,43.00147455113991,0.7076278312372788,0.23913370151415042
4,1,4,4,8,1,150,45,0,0,0.86,3.0,1,1,0,0,62.12427204025025,0.5483843003416978,0.41302928033624803
5,1,4,3,2,1,180,20,0,1,0.86,12.0,1,0,1,1,139.47682656964176,0.7455857183643914,0.5407935507609204
1,5,2,3,7,1,90,0,0,1,0.86,1.5,1,1,1,0,81.94579332783135,0.6555816463725628,0.6587398136391416
4,4,4,5,4,0,60,0,0,0,0.86,96.0,1,1,1,1,45.916527953029025,0.6811468261381294,0.8229307408056836
5,4,4,2,7,1,150,60,1,0,0.82,96.0,1,1,0,1,46.590221760447946,0.4241871228798708,0.6013670492387078
5,5,2,5,5,0,90,30,1,0,0.86,48.0,1,1,1,0,64.69574934620366,0.70160135190377,0.6440184049308719
5,4,1,5,1,1,90,10,1,0,0.82,48.0,1,1,1,1,75.32807757521579,0.8364629601480095,0.8316663111731166
2,5,3,3,8,0,60,60,0,0,0.86,1.5,1,1,0,0,63.60040664943553,0.6438852026708213,0.40732830691266625
3,4,1,2,2,0,150,20,1,1,0.82,72.0,1,1,1,0,57.03456710004092,0.6832106600070295,0.6401982985328686
3,5,1,1,8,0,180,0,0,0,0.86,96.0,1,1,0,1,172.2258778213111,0.7914273601852997,0.6594173366679031
5,5,3,3,4,0,45,15,0,1,0.72,3.0,1,0,0,0,106.2466196615064,0.6647761849893787,0.09429674682508109
2,1,5,3,7,1,90,15,0,1,0.82,4.0,1,1,1,0,133.83550810329487,0.6491005434126054,0.693786634029981
3,4,2,5,4,1,45,60,1,0,0.72,3.0,1,1,0,0,38.117080071195716,0.5608856580085793,0.39614939065352994
4,1,1,3,1,0,90,15,0,0,0.86,3.0,0,1,1,0,134.1109160209651,0.8312271390096352,0.6812213776166356
4,2,3,1,3,0,150,0,0,0,0.82,1.5,1,0,1,0,57.47835529381862,0.7252916738481042,0.2975484863598451
3,5,2,1,3,1,45,20,0,0,0.72,8.0,1,0,0,0,76.85689225296574,0.6936167763930887,0.07268475382112762
1,5,3,3,0,1,180,15,0,0,0.72,12.0,1,1,0,0,66.03118355007504,0.6905323437305949,0.40568352497224175
2,5,4,3,0,0,120,0,0,0,0.82,12.0,1,1,0,1,147.51011870014935,0.6658661901604374,0.6517294458222023
5,2,2,5,4,1,30,45,0,1,0.82,3.0,1,1,1,1,185.17106709286315,0.6673198652920617,0.9167349874914644
5,2,2,3,1,0,90,15,0,0,0.82,2.0,1,1,1,1,45.61980466627458,0.78017254736922,0.8158011247950043
3,3,5,3,1,0,75,10,0,0,0.86,4.0,1,1,1,1,80.04058617276345,0.7912724999706877,0.8379713157838942
5,1,4,4,3,0,75,30,0,1,0.82,96.0,1,0,0,0,23.767347636188404,0.7719567568862354,0.03180792544208912
4,3,1,1,2,1,120,20,1,1,0.86,72.0,1,1,0,1,11.8440623268914,0.8228044107922261,0.5502997327958051
3,5,5,1,5,0,90,30,1,1,0.86,1.5,0,1,1,0,135.79284838556018,0.8381726224478397,0.6818564820190247
2,1,5,4,1,1,60,0,1,1,0.72,1.5,1,1,0,0,174.73552545749632,0.7129503993514703,0.47658382235039465
3,4,1,3,5,1,180,60,0,1,0.72,2.0,0,1,0,0,126.81123506415793,0.6737025738291899,0.44738164320806206
2,1,4,2,5,1,60,60,0,0,0.82,48.0,1,0,0,1,34.57715340822689,0.7707961896567687,0.2290957023295108
3,2,2,2,3,0,45,30,0,0,0.72,8.0,1,1,0,0,120.14726809823674,0.8652476019818846,0.4295308465934259
2,5,4,2,8,0,150,20,1,0,0.86,3.0,1,1,0,1,36.00133804241039,0.7187139847966628,0.5736909130925072
1,5,1,5,8,1,180,15,0,1,0.86,48.0,1,1,0,0,128.42333137890995,0.48973660340534014,0.46133399201423286
3,5,5,1,0,1,30,30,1,0,0.82,96.0,0,1,0,0,78.68865581507126,0.6906781578432845,0.41411163282768426
3,5,2,5,4,0,30,60,1,1,0.86,48.0,1,1,0,1,139.72327602798583,0.7144206099598165,0.6431394079881367
4,5,1,3,5,1,90,10,1,1,0.72,2.0,1,1,0,1,111.55527515642737,0.5260745637209657,0.6375449639771507
5,3,4,3,2,1,90,10,0,0,0.72,1.5,1,1,1,1,123.82377049175018,0.7059535677003358,0.87313243058881
3,3,4,1,1,0,120,10,0,0,0.72,2.0,1,0,0,1,63.153357333114556,0.7198459456404473,0.25171302202724505
3,1,2,5,0,0,90,10,0,1,0.72,12.0,1,1,1,1,37.019660429837664,0.7652124272157721,0.8111149037147878
2,1,1,1,1,1,45,60,0,1,0.86,72.0,1,0,0,0,19.245530851973985,0.8621367635404017,0.02248078045348787
3,2,2,5,4,0,180,10,0,1,0.82,96.0,1,1,1,1,53.41610017119221,0.6937622142513264,0.8270473784498686
1,4,5,1,1,0,75,45,0,1,0.82,12.0,1,1,0,0,40.82799218366283,0.7196523533971163,0.3868429967179771
2,1,3,2,3,0,150,10,1,1,0.82,24.0,1,0,1,1,21.06550867514428,0.8105886763919143,0.4573024651026622
3,2,1,5,6,1,180,60,0,0,0.72,4.0,0,1,0,0,80.41747872103677,0.5482007814939239,0.4252375977761165
1,1,1,5,5,1,75,15,1,1,0.72,8.0,1,1,0,1,63.38159737705733,0.7343235886768393,0.5908517470439928
5,4,5,2,2,0,45,30,1,0,0.86,1.5,0,0,1,0,45.33099062057981,0.7388898602296,0.28849837019764785
2,3,1,1,0,0,45,60,0,1,0.82,4.0,0,1,0,1,80.52481440242568,0.744095999243129,0.6015964896545981
5,3,5,5,1,1,45,45,0,0,0.86,3.0,1,1,1,1,54.094005072559696,0.6852953380606307,0.828091996384129
2,3,1,4,2,1,45,10,1,0,0.86,4.0,1,1,1,1,99.99948915776827,0.8036772403969002,0.8504089192773958
5,2,5,3,8,1,30,0,0,0,0.86,4.0,1,0,1,0,85.89679404121671,0.8477855332936078,0.3079195420302586
4,2,1,1,0,1,120,0,0,0,0.72,24.0,0,0,0,0,44.89699869806644,0.9312922479322875,0.0347408751101175
3,2,1,4,6,0,75,45,0,0,0.82,48.0,1,0,0,0,27.190035246809828,0.6745719586319197,0.04090665306030551
3,4,1,2,2,0,45,0,1,0,0.82,96.0,1,1,1,0,17.359984550600828,0.6741047213153688,0.6143859925416582
3,1,3,2,1,1,180,10,0,0,0.72,96.0,1,1,0,0,39.956788800312104,0.7758879710985291,0.38232570122331105
1,3,2,1,2,1,30,60,0,0,0.72,96.0,1,0,0,0,17.755323588563723,0.8069079084590581,0.02535332880024175
5,3,4,5,4,1,120,20,1,1,0.86,48.0,1,1,1,0,78.17676836588073,0.8564742316364329,0.6421646493627037
3,1,5,4,1,1,60,30,0,0,0.86,48.0,0,1,0,0,44.60940853964836,0.7673528724882648,0.3860249046189204
4,3,1,4,3,1,120,20,1,0,0.82,2.0,1,1,1,1,95.81111382487845,0.5602268144216306,0.8646581988737382
4,1,3,1,7,0,60,15,0,1,0.82,2.0,1,1,0,1,58.43285124013116,0.6612560869471988,0.5926673080737835
1,5,2,2,0,1,150,60,0,0,0.82,12.0,1,1,0,1,69.7274389761233,0.5732500883624315,0.6063574531320453
4,5,2,2,3,1,30,20,0,0,0.72,1.5,1,1,0,1,87.02106040573682,0.8855800350777627,0.5960234378150479
1,4,1,1,5,1,90,15,0,0,0.72,12.0,1,1,0,0,62.668958453728074,0.7403341267529171,0.39995591676311454
5,4,2,3,2,0,60,20,1,0,0.82,1.5,1,1,0,1,150.6583530685878,0.530192528277738,0.6633254250662836
1,3,5,4,0,0,30,20,0,0,0.82,4.0,1,1,1,1,111.8776941714338,0.7871823609037543,0.8594823641843597
2,5,5,1,3,1,120,10,0,0,0.82,72.0,1,1,0,1,40.43570028109609,0.7255927092569949,0.576165643872741
1,2,4,5,2,0,120,0,0,0,0.86,12.0,1,0,0,1,70.61442281360505,0.6329503746107162,0.26276975565298655
2,2,3,2,7,0,120,10,1,0,0.72,4.0,1,1,0,0,44.38103653760936,0.5813906989227706,0.3988900087671457
1,1,1,5,2,1,75,30,0,0,0.72,48.0,1,1,0,0,27.20620386887832,0.7328764355196955,0.3768361187595402
4,1,4,5,2,0,90,30,0,1,0.72,1.5,1,1,0,1,47.792744574761805,0.7285210955233759,0.5808653530298716
3,3,5,5,2,1,30,30,0,1,0.82,8.0,1,1,1,1,88.43891068176644,0.6202781474380763,0.855539803467179
4,3,2,1,1,0,150,15,0,0,0.82,4.0,1,0,0,0,52.51298390060651,0.6189458869983075,0.06168244384385614
4,5,3,3,7,1,180,10,0,0,0.82,8.0,1,1,0,1,39.68876257632018,0.5738548260258476,0.5862893372290708
4,1,4,2,4,1,75,45,0,1,0.82,12.0,0,0,0,0,90.8115161497501,0.734508808679065,0.07912539415896552
2,1,3,4,4,1,30,0,0,1,0.72,1.5,1,1,1,1,187.48689633757613,0.6284243316945115,0.921001561006435
4,5,4,1,7,1,75,45,0,0,0.86,96.0,1,1,1,0,49.81687803193829,0.5617693162304633,0.6438873998851598
5,4,3,4,7,0,120,10,0,0,0.72,8.0,1,1,0,0,92.33513768065492,0.6567067603948687,0.42558728522612915
5,5,5,4,6,0,75,10,0,0,0.82,72.0,0,1,1,1,140.01402601139807,0.6058648811364481,0.8909321423280474
4,3,4,1,7,1,75,45,0,1,0.72,48.0,1,0,0,0,64.48317268772905,0.6078507094361492,0.07043923213128893
5,5,3,5,7,0,90,20,0,0,0.72,24.0,1,1,1,0,118.56127390449873,0.5346663148063108,0.6916142072332241
3,4,5,5,8,0,150,15,0,0,0.72,8.0,0,1,0,1,78.80683064402427,0.7015775275118765,0.6034274601701848
5,2,1,2,8,1,150,10,1,0,0.82,48.0,1,1,1,0,92.73738989165167,0.6686873115437828,0.6650168147863696
4,4,5,1,3,1,45,30,0,0,0.86,3.0,1,1,0,1,6.023473197805449,0.9272720303417543,0.5391066066746142
2,3,3,5,7,1,90,30,0,0,0.86,96.0,1,1,1,1,195.34569886171306,0.6007796444681156,0.9281758907950407
2,1,4,4,4,0,75,20,0,0,0.82,12.0,1,1,0,1,79.97839141211253,0.6359276023754313,0.6088039954417949
3,4,5,2,2,1,150,10,0,0,0.86,1.5,1,1,0,1,94.84314967058495,0.5850285427391925,0.6222767684553132
4,1,3,1,1,1,30,15,1,0,0.72,24.0,1,0,1,0,43.855058649977714,0.7449624841563061,0.2870893318757104
2,5,2,3,8,0,150,10,0,1,0.82,8.0,1,1,1,1,76.89571868353406,0.5309025649540859,0.8541006329089034
5,2,3,4,7,0,150,20,0,0,0.86,8.0,1,0,0,0,101.14892874963405,0.4988791607655827,0.10251107791283193
4,3,3,5,5,1,180,15,0,1,0.72,48.0,1,0,1,1,125.11796397583234,0.6287331205609086,0.5394006575446246
3,1,1,5,5,0,45,0,1,1,0.86,12.0,1,0,1,1,21.21947634690285,0.5963962241963967,0.4723985818708541
5,2,1,5,1,1,30,60,0,0,0.82,8.0,1,0,1,0,180.0629307488387,0.6166309002006558,0.3868777908185132
3,2,4,4,6,0,90,30,0,0,0.86,3.0,1,1,0,0,88.98809481062561,0.5983640154452574,0.4274399154592491
5,4,2,3,7,0,150,45,0,0,0.82,2.0,0,1,0,0,78.58438769423432,0.7152764233950026,0.41232024215850605
1,1,3,3,6,1,75,0,0,1,0.86,2.0,1,0,1,0,44.13816159657277,0.7548600010775857,0.28658524098895083
5,4,1,5,2,1,90,20,0,0,0.86,4.0,1,1,1,0,198.80823631108876,0.5134525947472453,0.7465971425750854
4,4,2,1,2,0,150,45,0,1,0.82,1.5,0,0,0,0,120.60099217688355,0.6746678246959785,0.1031739137225372
2,3,2,1,3,0,150,30,0,0,0.72,72.0,1,0,0,0,34.14320397837482,0.7992382691427282,0.03681545714559224
3,2,4,3,1,0,60,60,0,1,0.72,96.0,1,1,1,0,59.24908587864298,0.6090173472201117,0.6468681762803543
2,4,5,5,8,1,90,0,1,1,0.72,8.0,0,1,1,0,106.25014786552805,0.46632056606178,0.6881909922860275
1,5,4,1,3,1,150,15,0,1,0.86,1.5,1,1,0,1,46.87867210335071,0.7065252653062921,0.58179567949746
2,3,1,2,7,0,150,20,1,0,0.82,48.0,1,1,0,1,43.907330057017845,0.8188049031625808,0.5719552101499646
5,3,5,1,4,1,30,10,1,1,0.86,1.5,1,0,0,1,134.9195207216039,0.7852895200187326,0.2949760807464246
4,5,1,1,1,0,180,0,1,0,0.82,72.0,1,0,0,1,32.36296112285957,0.6575013047655339,0.23555021608165236
3,5,2,1,2,0,90,60,0,0,0.86,72.0,0,1,0,1,78.56381836921342,0.8365632801783595,0.5938164493003238
2,5,1,5,3,0,90,0,0,0,0.86,4.0,1,1,1,1,35.731385120200194,0.7117632008072617,0.8139974993569584
1,1,2,5,5,1,60,20,1,1,0.86,2.0,1,1,0,1,61.34943308766343,0.7193640833983563,0.5905441362205575
3,4,2,4,1,0,180,45,0,0,0.86,2.0,1,1,1,1,102.83707971260972,0.6261779558435926,0.8647255962326883
1,5,2,2,7,0,120,0,0,0,0.86,24.0,1,1,0,1,91.18588249239062,0.5938389282533386,0.6192218633505268
3,2,4,2,2,1,120,30,1,0,0.72,2.0,1,0,0,1,59.754527914781946,0.7250935146227069,0.2490798059195985
1,1,2,4,4,0,45,10,0,0,0.86,4.0,1,1,0,1,115.70330347363291,0.6877343314448406,0.6289941324479498
3,4,1,2,3,1,120,45,1,1,0.72,48.0,1,1,0,0,16.327659287549288,0.8053340014031379,0.36451172609347987
3,2,2,3,7,1,30,60,1,0,0.72,4.0,1,1,0,1,142.53796573987316,0.6863337028152752,0.6469819512961795
4,4,3,5,2,1,45,45,0,0,0.82,12.0,1,1,0,1,135.79095335323134,0.6483796380468234,0.64514072757221
3,2,5,1,6,1,60,45,0,1,0.86,24.0,1,1,0,1,43.865820345144115,0.7240807483832111,0.5785582278432713
2,4,4,5,5,1,120,20,1,0,0.82,48.0,0,1,1,0,70.9995759987165,0.5712714849276926,0.6573440467208725
1,5,2,1,2,0,180,0,1,0,0.72,2.0,1,1,0,0,56.75657231367872,0.6733409266815971,0.400703850008074
4,2,4,1,8,1,150,45,0,0,0.86,72.0,1,0,0,1,70.4481092756364,0.6373231700191785,0.2623527842824151
2,1,4,3,6,0,60,60,0,0,0.82,1.5,0,1,1,1,132.90503526263132,0.7355615212943176,0.8771140503511521
2,1,4,1,2,0,45,45,0,0,0.82,96.0,1,1,0,0,106.08128462787539,0.9491993545995032,0.4142769015966184
3,3,2,3,0,1,45,15,0,0,0.82,72.0,0,0,0,0,52.103650358473715,0.7574320995868574,0.05171551993456912
5,5,1,3,0,1,120,10,0,0,0.72,24.0,1,0,0,1,42.416619904078814,0.6720865662656581,0.24123168696412314
1,4,3,5,6,1,60,45,1,1,0.72,3.0,0,1,1,1,81.88559450862479,0.6554653756925171,0.8487078200406071
1,2,3,1,3,0,90,45,1,0,0.86,2.0,1,1,0,0,36.03454486773702,0.5882599712539389,0.392844831924049
4,4,5,3,6,0,180,20,0,0,0.86,96.0,1,1,0,1,100.35869079236447,0.5380855296579099,0.6292398067855227
2,4,4,5,2,0,180,60,0,0,0.72,8.0,1,1,1,1,228.28617865265778,0.5207045230545335,0.9557414691546212
4,4,3,2,4,0,60,45,0,0,0.86,48.0,1,1,1,0,87.76095667546228,0.6515950498763271,0.6628956509589653
3,5,3,5,4,1,30,10,0,1,0.82,8.0,1,0,1,0,47.431199762875664,0.7044140339629168,0.29231181746451296
2,4,1,2,0,0,180,60,0,0,0.86,12.0,1,1,0,0,104.0041760829984,0.6032921792879988,0.43710566483850566
4,1,5,3,1,1,120,30,0,0,0.86,96.0,0,1,0,0,88.29661168624673,0.65769546146169,0.42282572548851294
3,1,2,3,8,1,180,15,0,0,0.86,12.0,1,1,1,0,46.23254359392014,0.7119073750984637,0.6309881794723877
3,3,2,2,1,0,45,20,0,0,0.86,8.0,1,0,0,0,39.11516410974067,0.762282591730968,0.04271699465199269
5,5,4,4,4,1,60,0,0,1,0.82,12.0,1,0,0,1,110.13609335351651,0.6543861808919044,0.28761702957324436
3,3,3,2,8,1,60,10,1,0,0.72,96.0,1,1,0,1,55.614957166248374,0.5366083475668669,0.5995140537811516
3,4,1,2,5,1,150,45,0,0,0.86,48.0,1,1,0,0,220.73241357955058,0.5791038812223455,0.5166176707008029
1,3,3,4,4,1,180,10,1,1,0.72,48.0,1,1,0,1,93.32510923045932,0.4740098408426102,0.6290360506279903
5,5,2,4,0,0,60,30,0,0,0.72,1.5,0,1,0,1,110.42769426612132,0.7182277105022574,0.6233425231089229
2,5,4,5,4,0,180,30,1,0,0.82,8.0,1,1,0,1,38.506193387678465,0.46191153283891817,0.5933369882930614
5,1,5,5,6,1,180,10,0,1,0.82,72.0,1,1,0,1,31.066668868117343,0.6810718662563745,0.5730360819407987
3,3,1,1,5,0,120,20,1,0,0.82,8.0,1,1,0,1,25.036243395789157,0.6459513605124915,0.5714742336946517
5,3,1,2,4,1,180,0,1,1,0.86,8.0,0,1,1,1,27.502856720224816,0.632374249243256,0.8140690403664553
1,5,5,4,0,0,180,0,0,0,0.82,24.0,0,1,0,1,80.55480145323142,0.6006320087988676,0.6116589603529002
5,4,1,2,6,0,150,0,1,0,0.86,96.0,1,0,1,0,15.929075875165106,0.594294748540509,0.2790187515189411
1,3,5,4,0,0,30,45,0,0,0.86,24.0,1,0,0,1,51.623660963829295,0.5661822928871115,0.2547830134737884
3,2,1,5,6,1,45,30,1,1,0.72,48.0,1,1,1,1,48.92906484179815,0.625803082396062,0.8288131607934744
5,5,4,3,8,1,90,10,0,1,0.86,1.5,1,1,0,1,81.60776602983988,0.5458136412007998,0.6161982224691707
1,2,2,4,3,0,180,10,0,0,0.86,2.0,0,0,0,0,85.83267614502078,0.7186949861761536,0.07691313506434977
1,2,3,2,8,1,45,60,0,0,0.72,12.0,1,0,0,0,98.19555172588221,0.6469187623839103,0.09017938778371443
4,3,5,1,4,0,75,45,0,0,0.86,3.0,0,1,0,0,41.694474445781516,0.627051222500737,0.3939027307221361
2,4,4,2,6,0,60,60,0,1,0.82,8.0,1,1,0,0,34.03069521612199,0.5236493651485443,0.39603167458368327
1,5,1,5,2,1,180,60,0,1,0.72,24.0,1,1,1,1,139.22272580296638,0.5670457616411636,0.8931219472204296
4,3,4,5,4,0,30,45,1,0,0.82,24.0,1,0,1,1,99.34626765400876,0.60084637636511,0.5241715987571148
2,2,4,4,3,0,45,15,0,0,0.82,4.0,1,1,0,1,154.06144475440772,0.6353981293463518,0.6582297607820272
2,3,2,5,3,1,60,60,0,0,0.72,2.0,1,1,1,1,148.3313000413478,0.49553555249352554,0.9042000446863517
5,4,2,5,3,1,180,15,1,0,0.86,48.0,1,0,1,1,95.54837402810995,0.6875119593505804,0.5155730788641993
5,5,4,5,2,1,45,20,0,0,0.72,8.0,1,1,1,1,61.43928638498551,0.5077791538306138,0.8454149834885141
4,4,4,5,0,0,75,30,1,0,0.72,12.0,1,0,1,0,91.65153338157225,0.698760593080364,0.32218778073875604
5,5,3,1,6,0,120,45,0,0,0.72,48.0,1,1,0,0,92.58448938710794,0.5910355761233802,0.4303505025961021
4,4,5,4,1,1,150,10,0,0,0.82,2.0,1,0,0,1,32.899628022863254,0.7133046586765213,0.23200175924121902
5,2,1,2,4,1,150,10,0,1,0.86,96.0,1,1,1,1,95.35714557759096,0.9333916375416011,0.8382340157571486
4,1,3,5,2,1,150,60,1,0,0.86,12.0,1,1,0,0,30.966993798191428,0.6477949330459526,0.38529901721891097
4,4,5,4,7,1,150,15,0,0,0.86,2.0,1,1,0,0,112.39585839530015,0.6588805423324088,0.43880893430026485
3,4,5,1,5,1,180,20,0,0,0.72,96.0,1,1,0,0,89.61647550793235,0.6399669493053679,0.42494663055391246
5,5,1,5,7,1,30,60,0,0,0.86,1.5,0,1,1,1,51.35560256637241,0.6052401994797277,0.8318702544140006
5,2,1,5,7,1,180,45,1,0,0.72,8.0,1,1,1,0,97.43856788895661,0.5976236502194955,0.6731253897439398
1,5,2,3,2,1,180,0,0,1,0.82,24.0,1,1,1,0,140.07240073438862,0.6893052099587367,0.6951302357924809
1,2,2,2,4,0,30,0,0,0,0.82,1.5,1,0,0,1,55.452177416819765,0.6575027769309182,0.2509429238927156
1,1,5,5,1,0,60,10,0,0,0.82,3.0,1,1,1,0,15.347138819342614,0.6255270063662166,0.6164445354339266
1,3,2,1,3,0,180,60,0,0,0.86,8.0,1,0,0,0,19.62476004876316,0.6942731236563375,0.03448405470989848
3,4,3,5,1,0,75,10,0,0,0.86,12.0,1,1,1,1,20.1815384312956,0.60199799587674,0.8113144992428253
5,4,3,2,5,1,150,60,0,0,0.72,96.0,0,0,0,0,37.071009567316686,0.66492608835008,0.04816918019370553
3,1,4,2,7,1,150,15,1,1,0.86,12.0,0,1,1,0,112.14181649976838,0.7179416221811571,0.6745052974471646
3,3,3,1,3,1,90,15,1,0,0.82,96.0,1,1,0,0,102.76866339731146,0.7635684499628643,0.4250626507674738
2,1,5,4,1,1,180,30,1,0,0.86,1.5,0,1,0,1,47.00498475815131,0.6227679498721911,0.5877429000143808
1,5,1,3,2,1,180,60,0,0,0.86,1.5,1,1,0,0,80.19708640295987,0.8683892354804789,0.4026774777850064
1,3,2,4,8,0,180,30,1,1,0.72,72.0,1,0,0,0,29.407479526920657,0.5927523516204867,0.048112321737846374
2,3,5,1,7,1,45,45,1,1,0.86,1.5,1,1,0,1,68.897711921937,0.6973943918371193,0.5971142005193597
2,1,2,5,4,0,60,15,0,1,0.82,96.0,1,1,1,0,80.04073295337845,0.6877769509750861,0.6552161020673297
1,1,1,2,5,1,30,60,0,0,0.72,3.0,1,0,0,0,43.4512845880262,0.7590380818376574,0.045834857330048114
5,5,3,4,1,1,60,60,0,0,0.82,12.0,1,1,0,0,113.43475653128817,0.5728427651434203,0.4455241774608194
4,1,4,4,0,1,45,30,0,1,0.86,2.0,0,0,0,0,20.4238674326467,0.6915610860694423,0.035206635596903506
4,1,2,3,1,1,75,45,0,1,0.72,4.0,1,0,0,0,51.034766193887975,0.7481662264972684,0.0516515416077832
5,2,3,2,5,0,120,45,0,1,0.72,4.0,1,1,0,1,40.46842553044375,0.6321348724968818,0.5827295092788475
1,5,3,2,6,1,150,0,1,0,0.72,4.0,0,1,0,0,29.643262494517835,0.6159139031808433,0.3866482017736862
4,4,3,1,2,0,75,20,0,1,0.86,72.0,1,1,1,1,193.5922696044741,0.7481850949375026,0.9166885564240242
4,3,1,1,4,1,120,30,0,0,0.72,24.0,1,0,0,0,50.68576640246326,0.7280814930222981,0.052824806423414646
5,4,3,4,0,1,150,15,0,0,0.86,72.0,1,1,0,0,50.24094428473481,0.7020573396782748,0.39434994907901066
1,4,4,1,3,0,120,45,0,0,0.72,24.0,1,1,0,1,22.954046985315813,0.7063153670372715,0.5658606222976016
5,4,3,4,3,1,120,20,0,1,0.72,24.0,1,1,1,1,86.89655898314024,0.5539341910801009,0.8591556459464865
2,5,1,2,3,0,120,10,0,0,0.82,24.0,1,1,0,0,54.49416818220958,0.6147717731797131,0.4032954213322265
1,3,3,2,5,1,30,30,0,0,0.86,48.0,1,0,1,0,103.69709654511817,0.6512210260639841,0.33354592587226656
1,2,3,3,7,0,30,15,0,1,0.72,96.0,0,1,0,0,107.20131292863798,0.6122924477199917,0.4386070706120259
2,5,4,4,3,1,30,10,0,1,0.86,3.0,1,1,0,1,112.20104660130175,0.6244496819358226,0.6310892199986936
1,1,3,2,7,0,120,45,1,0,0.82,48.0,1,1,0,0,74.60884313074385,0.8672908060094819,0.39902887233316553
2,1,4,3,5,0,90,45,0,0,0.72,96.0,0,0,1,0,22.173357408350405,0.8416264650001307,0.2658683857222245
3,5,4,3,6,1,120,20,0,0,0.82,24.0,1,1,0,1,79.52816759750657,0.6593695078382373,0.6068629128496611
4,2,4,1,7,0,60,0,0,1,0.86,48.0,1,0,1,0,64.05441122060061,0.5380184700638488,0.31504164790926437
4,5,3,3,3,0,75,15,1,0,0.72,4.0,1,1,1,1,175.86015851759007,0.6687862492471458,0.9104250682310931
5,5,2,4,0,0,60,20,0,1,0.86,96.0,0,0,0,0,12.725772094366803,0.755544354185807,0.025595743269904714
2,4,4,5,5,1,60,0,0,1,0.86,8.0,1,1,0,1,75.6946143969714,0.5098651419801958,0.6147725163260339
4,2,2,4,3,0,60,30,1,0,0.86,4.0,1,1,0,0,175.65685439976963,0.6909860601636315,0.47873554538839225
2,4,2,4,7,0,45,0,0,0,0.72,1.5,1,1,0,1,57.701890131095716,0.5252149808905646,0.6017028780917244
3,4,5,4,4,1,75,0,1,0,0.82,96.0,1,1,0,1,107.37096907986763,0.6893030494551842,0.6233294325913823
1,4,1,2,2,0,150,15,0,0,0.72,96.0,1,0,0,0,106.50696698366458,0.7381806316306228,0.08933200044163281
1,1,3,5,3,0,150,10,1,1,0.86,72.0,0,0,0,0,44.24147930394946,0.5981923430450278,0.05762085552281437
1,4,5,1,5,0,90,15,0,0,0.82,4.0,0,1,0,0,64.07472506519152,0.5912682851378291,0.4113277034171463
3,5,1,5,2,1,45,20,0,0,0.72,3.0,0,0,1,0,94.6693754295054,0.7450697807733913,0.3209580322988662
4,5,5,1,4,0,150,0,1,0,0.86,96.0,1,1,1,1,49.69070294851336,0.6781653402956704,0.825655561478312
4,2,1,3,1,1,150,15,0,1,0.72,4.0,1,0,0,1,39.39342361964114,0.7828077292842647,0.23146574136319556
4,5,5,2,7,1,45,60,0,0,0.82,72.0,1,1,0,1,70.09962663731977,0.6363812250903906,0.6021863986685526
2,5,1,3,0,1,120,60,0,1,0.82,1.5,1,1,0,1,46.985315153200986,0.626304971987044,0.5874821953963743
2,4,5,2,4,0,180,45,0,0,0.86,4.0,1,0,1,0,62.22906583010601,0.5584202542389749,0.31239662609000907
4,3,1,5,3,1,30,0,0,1,0.82,48.0,0,1,1,0,76.8136091725973,0.6486406287878215,0.6558042287665841
5,1,3,1,6,1,45,30,0,0,0.86,1.5,1,0,1,0,6.028359654421905,0.6416392529151218,0.26910415873222276
2,1,3,4,2,0,90,15,1,0,0.72,48.0,1,0,0,0,15.297018622685478,0.7430072774864828,0.02818750299106986
3,4,1,1,8,1,45,60,0,0,0.86,24.0,1,1,0,0,160.35822302052304,0.7406193546492686,0.46506212718823325
4,3,5,3,5,0,120,15,0,0,0.86,4.0,1,1,1,0,124.512928763996,0.5418559183460686,0.6950787048917726
5,3,2,2,0,0,30,45,1,0,0.72,48.0,1,0,0,1,75.04959902308778,0.8806639689273408,0.24838658819047799
1,3,5,5,2,1,60,20,1,1,0.82,24.0,1,1,0,0,23.901165721403693,0.6034139345999374,0.3836951350589402
2,5,2,3,4,1,75,20,0,1,0.82,48.0,1,1,1,0,92.54415680336572,0.6004043850380624,0.6696677975829128
1,3,1,4,0,1,150,0,0,1,0.82,3.0,0,1,0,0,25.836884090849644,0.5314493037065634,0.39002313813444034
4,5,4,5,7,1,75,0,0,1,0.86,4.0,1,1,1,1,65.7178705551128,0.4542887919207714,0.8520116982689545
1,1,2,2,1,0,75,45,1,0,0.72,96.0,1,0,0,1,3.564755478260982,0.8196259054447713,0.20500269027103998
3,5,2,1,3,0,75,60,0,1,0.82,4.0,1,1,1,0,110.46368842326753,0.5845735337296807,0.6827223115877674
4,1,4,5,3,1,90,10,1,0,0.72,2.0,1,1,0,0,130.8013264836049,0.6900408022174591,0.44889802816718116
1,3,2,4,5,1,150,60,0,0,0.72,72.0,1,1,0,1,12.758043217199937,0.7657277384053831,0.5549044204564231
5,5,2,4,4,0,150,20,1,0,0.72,96.0,1,1,1,0,72.21412051620527,0.4789307224405186,0.6646175964399673
5,1,2,4,3,1,60,60,0,0,0.72,2.0,1,0,1,0,32.66948936181637,0.7345418376012941,0.28036173094245365
5,1,1,1,7,0,180,0,0,0,0.82,24.0,1,1,0,0,153.13456240475801,0.9077673174704185,0.44854599604690937
5,5,5,3,5,0,150,0,0,0,0.72,8.0,0,1,0,0,113.3445737864601,0.5319196028303198,0.44832867699285106
2,5,5,1,5,1,30,10,0,1,0.82,1.5,1,1,0,0,96.73073664061626,0.5750732175622327,0.4342320325310546
2,4,5,4,7,1,30,15,1,1,0.72,2.0,0,1,1,1,34.816424737080396,0.6525212791749014,0.8175344602824772
4,5,2,4,5,1,90,15,0,0,0.86,4.0,1,1,0,0,62.66656347026239,0.5404304913128596,0.41394757458827475
2,3,4,4,3,0,75,45,0,0,0.82,1.5,1,1,0,1,31.46775007461795,0.7310957958915804,0.5698017943373347
3,5,3,4,0,1,150,45,0,0,0.82,2.0,1,1,0,0,35.38970267186623,0.8224287086807749,0.3760231255069233
3,3,1,4,1,1,60,10,1,1,0.82,2.0,1,1,1,1,81.36523787412166,0.653224775590076,0.8485177576247759
5,4,4,4,8,0,120,0,0,1,0.86,2.0,1,1,1,0,47.836837247939144,0.6378629573503272,0.6372408178174366
4,5,1,5,7,0,45,20,0,0,0.82,4.0,1,0,0,1,113.8224590442436,0.6614920801358127,0.28957719375332214
2,2,5,2,0,1,30,30,1,0,0.82,8.0,0,1,0,1,50.25593852914085,0.7363188397468001,0.5819616402371512
2,4,5,1,8,0,30,45,0,1,0.82,3.0,0,1,0,1,140.4136304407249,0.6868218423484261,0.6455315579960935
5,1,2,4,7,1,30,60,1,0,0.82,48.0,1,1,1,0,60.02579905278344,0.7257009405523609,0.6392181335298571
1,2,2,5,4,1,90,10,1,0,0.86,8.0,0,1,1,1,51.4045654843656,0.6511594814090326,0.8286885466242782
4,3,1,3,2,0,120,60,0,0,0.82,72.0,1,0,0,1,43.78092602946006,0.6841204957459648,0.24129884931742251
3,1,5,3,6,0,180,20,0,1,0.82,24.0,1,0,0,1,102.06401611753755,0.8743364549819028,0.2668391255629585
1,4,1,4,4,1,90,20,0,0,0.86,1.5,0,1,0,0,184.70290549022366,0.728463559726552,0.48214282114595713
4,4,3,1,1,1,120,15,1,0,0.72,24.0,1,0,1,1,57.99173617839847,0.71330721185806,0.48872965262220147
5,2,3,1,8,1,180,15,0,0,0.72,48.0,1,1,0,0,65.28106376844715,0.7012556463937497,0.40443281393140235
3,3,1,2,0,1,75,15,1,0,0.72,1.5,1,0,0,0,70.52191940169483,0.7524916638214793,0.06434019646695968
4,5,5,2,7,0,120,15,0,0,0.82,1.5,1,0,1,1,52.48336811789987,0.42308606830815676,0.505372887297029
4,5,1,5,8,1,120,0,0,0,0.82,96.0,1,1,0,1,57.266965488270095,0.4511933093079252,0.6065944453406253
4,2,4,1,2,0,30,45,0,1,0.82,3.0,0,0,0,0,111.49231153340361,0.7091788547851161,0.09468568785397763
1,4,4,3,8,1,60,0,0,0,0.82,8.0,1,1,0,1,70.70027665338068,0.6268359044343953,0.6032550044585129
3,1,4,3,7,1,30,45,0,0,0.82,96.0,1,1,0,0,40.64347393900132,0.7462526838676986,0.3848579614219287
2,1,1,3,4,0,90,45,0,0,0.82,96.0,1,0,0,1,42.317988935267714,0.6762276373505939,0.24087605800897025
4,1,1,3,4,1,150,30,0,1,0.86,3.0,1,0,0,0,35.20148132171897,0.8498707913310092,0.033976698821308673
3,3,2,2,5,1,120,20,0,1,0.82,4.0,1,1,0,0,143.18527952558463,0.8656269888012643,0.44486296380096796
5,5,3,5,3,0,60,15,0,0,0.72,96.0,0,1,0,1,51.69523818484683,0.4926445077341167,0.599978376581843
5,4,3,4,5,0,60,20,0,0,0.72,48.0,1,1,1,0,42.96387861249019,0.692721006965924,0.6301521152540455
4,5,3,4,7,1,120,30,0,1,0.72,48.0,1,1,1,1,84.49588846972875,0.6885999462770144,0.8481285960737616
3,4,5,1,2,0,75,30,0,0,0.72,2.0,1,1,0,1,64.63975321512024,0.6420516945220776,0.5981495501935348
2,1,5,3,6,1,90,0,0,1,0.72,12.0,1,1,1,0,103.9733688156036,0.8983241891460085,0.6564328859701819
2,5,3,3,3,1,120,45,1,0,0.72,96.0,1,1,1,1,53.07852198758778,0.6565116665539698,0.8294298646662807
4,2,2,1,6,0,45,0,0,1,0.82,24.0,1,0,0,0,16.277421307250957,0.8204569044847383,0.023419630890902293
2,5,3,3,6,0,60,45,0,0,0.86,96.0,1,1,0,0,84.06114835914684,0.550998770612207,0.4274708516299101
3,5,1,5,5,1,30,60,0,0,0.82,24.0,1,1,1,0,57.70755983807878,0.4254838246432242,0.6586878388336936
1,2,3,4,0,0,90,0,0,0,0.72,2.0,0,0,0,0,37.10147024422633,0.5409528380674666,0.05686761483142822
2,3,4,2,4,1,30,10,1,0,0.72,72.0,1,1,0,1,137.44305343315762,0.6938674891207859,0.6430579780503167
5,1,2,5,0,0,120,45,0,1,0.72,24.0,1,1,1,0,79.18374850231424,0.7686040855260111,0.6489868796813888
1,4,5,1,6,0,75,10,1,0,0.72,1.5,1,1,0,1,92.3407643014794,0.6175634640206191,0.6183310670528762
4,2,4,5,2,1,75,15,1,0,0.82,4.0,0,1,0,0,68.37303877162509,0.6491118635690407,0.41014419539791724
2,5,5,3,5,1,150,15,0,0,0.72,2.0,1,1,1,0,76.42557532533523,0.5608578988517686,0.6616903306305998
4,4,2,4,7,1,75,20,0,0,0.72,4.0,1,1,0,1,82.96422511112246,0.5380826016022714,0.6176437012952559
3,2,2,5,4,0,180,20,1,1,0.82,12.0,1,1,1,0,57.62625811731307,0.6770359513377486,0.6410249888178998
2,1,2,1,5,1,150,0,1,0,0.82,2.0,1,1,0,1,43.273053659038325,0.7634268710962625,0.5754088214626205
3,1,5,3,3,1,30,10,0,1,0.82,8.0,1,0,0,1,61.15350739535424,0.7212603586303112,0.2502807798261144
5,5,1,2,2,1,150,45,0,1,0.82,12.0,1,1,0,1,39.90391294230368,0.7070560924163942,0.5771086821590549
3,5,2,1,3,1,180,20,0,1,0.82,8.0,1,1,0,0,72.98019000553168,0.7224140636353396,0.40808447554921407
5,2,4,3,1,0,75,20,0,1,0.86,3.0,0,1,1,1,138.18005899437924,0.8586857253280638,0.8720120385566217
2,2,5,4,5,1,180,20,1,1,0.72,3.0,1,1,0,0,138.42750649128166,0.6301021475085402,0.45817785400192335
5,5,4,1,3,1,90,0,1,1,0.86,8.0,1,1,0,1,62.964574534972144,0.6639651352354565,0.5954988235568328
1,4,1,1,8,1,180,20,1,1,0.72,12.0,0,1,0,0,124.67688485388325,0.5561103167947712,0.4541902010602882
4,2,5,2,5,1,180,20,0,0,0.86,72.0,1,1,0,0,45.45146619074234,0.6371475237554984,0.39570065079761
1,2,2,5,8,0,90,0,0,0,0.86,24.0,1,1,0,1,48.467740992669775,0.6658052343832875,0.5857054609216165
5,1,1,2,0,1,90,20,1,0,0.82,12.0,1,0,0,0,94.7176770515218,0.9044297905723812,0.0698350326942812
1,4,2,4,3,1,60,10,0,0,0.72,3.0,1,1,0,0,63.8180516150333,0.6440316281795522,0.4074631537707869
2,4,5,1,1,0,90,60,1,0,0.72,48.0,1,1,0,0,85.35211853968956,0.6663626324119314,0.42025602809095786
5,4,5,4,5,0,90,10,1,0,0.82,4.0,1,1,1,0,93.86940171308638,0.7491700830886592,0.6601376953258515
4,2,5,2,6,0,45,60,0,1,0.72,12.0,1,1,1,1,142.6687748334811,0.575956994712711,0.8947955269257644
2,1,5,2,0,0,120,45,0,0,0.86,24.0,1,0,0,0,97.64574185795433,0.7542804644247082,0.08229752872890665
3,4,2,1,6,1,90,15,0,1,0.86,2.0,0,0,0,0,44.82334681211236,0.6148461350149469,0.056843001757028624
1,3,1,1,8,1,150,10,1,0,0.82,48.0,0,1,0,0,37.17151584164627,0.8108971033133888,0.3780182133291603
4,5,5,2,2,1,120,15,0,0,0.82,72.0,1,1,1,0,37.90367680873557,0.7683929494558314,0.6214816114105823
3,4,2,2,2,0,150,0,1,0,0.72,96.0,1,1,0,0,47.78282760876005,0.5717464215162381,0.40183296889970344
2,2,1,3,4,1,45,0,1,0,0.72,3.0,1,1,0,0,62.355417207008365,0.7811282402994068,0.39689130131704714
1,1,2,4,3,0,90,30,0,0,0.72,12.0,0,1,0,0,55.19202026819438,0.6196682831289058,0.4034179003597729
2,3,3,3,5,1,75,0,0,1,0.82,72.0,1,0,1,1,73.3913338607809,0.7729501203777001,0.4948210474807483
3,3,3,2,7,0,150,60,0,0,0.72,96.0,0,0,1,0,68.27115397175389,0.6332522699429814,0.31118644375182725
4,4,5,2,0,0,60,15,0,0,0.72,72.0,1,1,1,0,52.045098995620336,0.6617857294941119,0.638371731599159
5,1,1,1,5,0,180,30,1,1,0.82,24.0,1,0,0,0,61.50299597689337,0.8395310912581055,0.05223482092986152
1,4,3,1,0,0,30,0,0,0,0.72,3.0,1,1,0,1,93.01132514344887,0.927019857655047,0.5971161600597793
1,3,5,1,3,1,90,60,1,0,0.82,24.0,1,0,0,0,81.35506483316993,0.5840912736250685,0.08335032073502517
1,4,5,4,8,1,90,15,0,0,0.82,72.0,1,1,1,1,61.275791418265655,0.5644926287564636,0.8413360435992246
2,3,4,2,6,0,120,60,0,1,0.82,3.0,1,1,0,0,186.9680109229501,0.6923997035974886,0.4861773613634759
4,1,4,5,8,1,75,15,1,0,0.82,12.0,0,1,1,1,60.0676311156949,0.7187281773078706,0.8297341149989124
1,2,5,1,7,1,60,30,1,0,0.82,2.0,1,1,0,1,56.99394062170104,0.7670384912106656,0.5843032660297208
3,5,1,1,4,1,90,30,1,1,0.82,3.0,1,1,0,1,74.95262855698451,0.67050650547482,0.6030329636547522
3,2,5,4,2,1,180,30,0,1,0.86,48.0,1,1,1,1,47.3783927164978,0.5829249083320164,0.8307808515610908
5,2,3,2,3,1,75,60,0,0,0.86,48.0,1,0,0,1,20.178803157581115,0.7133942258150515,0.2235149396313338
4,3,1,4,5,0,180,60,1,0,0.82,1.5,1,1,0,0,22.492125745165303,0.5254595633079399,0.38821258106522105
4,3,2,3,8,1,150,45,0,0,0.72,96.0,1,1,0,0,14.044443695947134,0.7762791898033349,0.3650234191777313
1,2,3,3,4,1,60,30,0,0,0.72,8.0,1,1,0,0,38.00247596974461,0.79278325371339,0.3798401562198925
3,3,5,3,7,1,75,45,1,1,0.82,4.0,0,1,1,0,20.072033430240587,0.44052881768844987,0.632544338381969
3,1,1,2,4,0,120,60,1,0,0.82,12.0,1,1,0,0,55.771819480965206,0.6902070366527157,0.3988667204216201
1,2,2,1,5,1,90,30,0,1,0.72,48.0,1,0,0,0,57.02157876961492,0.5947579383480268,0.06638133016204807
2,1,1,2,2,1,150,60,0,0,0.72,4.0,1,0,1,1,18.425273211556508,0.9126188038604546,0.4484001992041392
4,4,4,3,4,1,75,10,0,0,0.72,4.0,0,1,1,1,53.421761125483734,0.6228898496249248,0.8320122179432444
2,2,1,3,4,1,150,60,0,0,0.72,24.0,0,1,1,1,100.45529387020363,0.7285444627021078,0.8559720835243215
2,5,4,4,0,1,45,30,0,1,0.72,24.0,1,1,0,1,64.6066496189523,0.7221875483899274,0.5925179713586733
1,2,1,2,1,0,90,20,0,0,0.86,96.0,1,0,0,0,36.37271885284039,0.9136245521473926,0.030294760584909448
5,2,1,1,0,1,120,30,0,0,0.82,72.0,0,1,0,0,27.533845560411983,0.8127285552310831,0.3714648981740989
1,5,3,4,7,1,60,15,0,0,0.72,4.0,1,1,0,1,142.8435886100743,0.5970006272739223,0.6534390151642083
1,3,4,2,8,0,45,60,1,1,0.86,4.0,1,1,0,1,143.30939159836686,0.5759069804260705,0.6552261057690864
1,1,5,2,6,0,60,10,0,1,0.72,72.0,1,1,1,0,58.20757352253257,0.5484429580826291,0.6504140419492377
1,2,4,1,7,1,45,60,1,1,0.82,24.0,1,1,1,0,39.18003574432282,0.6718888570106281,0.6290878038388047
2,3,3,5,4,0,30,0,0,0,0.82,8.0,0,1,1,0,69.19404952055824,0.6861779082583814,0.6480969127689522
3,4,4,1,7,1,120,60,1,0,0.86,1.5,1,1,0,0,126.5825847440309,0.7398920587666322,0.4425959457156897
2,5,2,1,4,1,120,20,0,1,0.72,4.0,0,0,0,0,66.33338964858997,0.6011799776161639,0.07213966133259518
2,1,4,4,0,1,150,15,0,1,0.86,8.0,1,0,0,0,143.18806267091287,0.7309578831957885,0.11429165662357005
1,1,2,3,4,0,60,20,0,0,0.72,8.0,1,0,1,0,37.76324143092398,0.7347531471527164,0.28374277398659253
3,1,3,2,7,1,90,30,0,0,0.86,8.0,1,0,0,1,49.07224924156051,0.6742401959679082,0.24551801910995344
1,5,4,2,1,0,75,30,1,0,0.72,4.0,1,1,0,1,63.64402884120632,0.5307262576015158,0.6052785145286981
3,2,3,1,7,1,45,10,1,0,0.82,72.0,1,1,0,1,16.472306727430016,0.8042299991509387,0.5546854378777211
3,1,1,4,4,1,180,60,0,0,0.86,72.0,1,1,1,0,68.38766258574219,0.6356418079450626,0.6510968485010071
5,3,1,5,6,0,150,0,0,1,0.82,12.0,0,0,0,0,166.02404332099843,0.6274960723222309,0.13675797048477611
4,1,3,5,3,0,45,20,0,0,0.86,12.0,1,0,1,0,30.89107959661794,0.7474650019346707,0.278271502928985
3,4,2,3,1,0,60,20,1,1,0.72,8.0,1,0,1,1,32.71715862865027,0.7379544708574796,0.47015462612574327
2,1,2,2,7,1,60,15,0,0,0.72,72.0,1,0,0,0,153.39384391286978,0.8262915696022823,0.11442215273642009
5,4,1,1,0,0,75,10,1,1,0.82,72.0,1,1,1,1,57.91878551171877,0.7467883023151413,0.8263373425124193
5,2,4,4,0,0,180,10,0,0,0.82,96.0,1,1,1,0,49.99340641494419,0.7450761381978587,0.6311736079361128
3,4,3,1,0,0,60,30,0,1,0.86,8.0,1,1,0,0,32.51797557152855,0.6537700293097544,0.38591474832933625
5,5,2,1,6,1,30,30,0,1,0.86,24.0,1,1,1,1,27.726155149711705,0.7398710294205088,0.8066931313737055
3,3,1,1,7,0,90,60,1,0,0.82,3.0,1,1,1,0,64.27780897741715,0.8051857510295561,0.6364888700795426
1,4,2,2,6,1,180,30,0,0,0.72,1.5,1,1,0,0,49.28935101133103,0.5521436734167903,0.40420951020171203
5,2,3,2,0,0,120,15,0,0,0.72,72.0,1,1,0,0,30.65243741677061,0.9274844672621336,0.36551104556949776
4,4,5,5,4,0,180,45,1,0,0.72,1.5,1,1,1,0,78.9383476050116,0.5292567739936502,0.6655775908904522
3,4,2,2,7,1,75,10,1,0,0.86,1.5,1,1,1,0,43.34549765082217,0.45545200269725467,0.6470153582450737
5,5,1,4,6,0,45,30,0,0,0.72,2.0,1,1,0,0,127.76723779317354,0.8510816310072504,0.43560244435827483
4,2,3,5,1,0,90,10,1,0,0.86,4.0,0,0,1,1,21.55478170006767,0.5987792580558953,0.47245530640279915
5,4,5,3,1,1,90,45,0,0,0.72,2.0,1,1,0,1,75.99548942993066,0.5495851836961457,0.6121926967612236
4,2,4,5,4,0,45,60,0,0,0.72,4.0,1,1,1,1,145.502570999286,0.746469695966239,0.8847488352818873
1,1,5,4,4,0,30,10,0,1,0.86,48.0,1,0,0,0,102.48061801934551,0.6929343788174248,0.08981500549567728
5,4,5,4,1,1,45,45,0,0,0.82,1.5,1,1,1,0,89.17015421106548,0.8235269452350404,0.651799883307591
5,3,1,4,4,1,75,20,1,0,0.82,12.0,1,1,0,1,86.33711740640044,0.5292019487657023,0.6205139418573344
2,1,5,3,3,0,45,30,0,0,0.86,3.0,1,0,0,1,41.50832743726076,0.7546009938491399,0.2348501487220674
4,3,4,2,6,1,90,30,1,0,0.86,3.0,1,1,0,1,96.66418679657582,0.6676880888675341,0.6177046249769899
4,5,1,4,5,0,30,60,0,0,0.86,96.0,1,1,1,0,51.09865527402098,0.638184125327502,0.6393928814097556
2,2,1,3,2,0,45,30,0,0,0.86,3.0,1,0,0,0,15.118961661414437,0.6152496911146775,0.03701182939624886
4,5,5,2,4,0,180,45,1,0,0.86,8.0,1,0,1,1,57.92774760757855,0.6706122626192541,0.4916756400217046
5,2,2,2,4,0,45,45,0,0,0.82,48.0,1,0,1,0,88.71040413470843,0.7589194410870439,0.31601590854704587
5,1,4,5,7,1,180,20,0,1,0.86,12.0,1,1,0,1,29.25433337178454,0.8341057274015633,0.5611154879964136
2,1,3,4,4,0,60,45,1,1,0.72,1.5,1,1,1,1,46.32821175921099,0.6422960337830876,0.8259247521413245
1,2,1,1,1,0,30,15,1,0,0.72,24.0,1,1,0,1,20.41530123490802,0.8172262378233678,0.5564043641756363
5,2,3,5,5,1,60,60,0,1,0.82,3.0,1,0,0,1,114.70696088913672,0.6436462395438792,0.29141607049135293
1,5,5,1,5,1,60,60,0,0,0.86,3.0,1,1,0,1,118.07608356007356,0.6219773817665777,0.6351789723163885
5,4,4,3,5,1,45,20,1,0,0.86,72.0,0,1,0,1,66.42597658175728,0.5370644496564794,0.6066894729118847
2,1,4,1,8,1,45,20,0,0,0.82,12.0,1,0,0,0,54.72950456677353,0.7601714195632323,0.05327433700842277
3,1,5,5,6,1,120,20,0,1,0.72,96.0,1,1,1,0,43.15370745968073,0.6871495129126658,0.6306686724025673
1,5,2,1,1,0,120,30,0,1,0.72,48.0,1,0,0,0,129.27815857788576,0.6206642419544708,0.11273894211511089
2,5,1,5,2,1,60,30,1,1,0.86,12.0,0,1,0,0,90.89964405953462,0.6419893662649299,0.42566050706781133
4,1,5,3,0,1,120,60,1,0,0.72,96.0,1,0,0,0,38.67414767074942,0.6463252477989498,0.050539997767906464
1,1,4,5,0,0,60,0,0,0,0.72,8.0,0,0,0,0,43.880377333782356,0.5636585945533369,0.05979748327045466
1,3,1,1,5,0,75,60,1,0,0.86,3.0,0,0,0,0,133.6988160431003,0.6706896592859664,0.11218426787871588
4,1,2,1,6,0,30,20,0,0,0.82,24.0,1,0,1,1,6.72418141882872,0.6308672414530938,0.4603220807108359
5,5,1,3,4,1,45,45,0,0,0.86,12.0,1,1,0,0,32.214662463099415,0.6283938481877721,0.3874888722689222
2,2,3,1,8,1,75,45,0,1,0.72,72.0,1,0,0,1,80.18657532100076,0.8173861655234703,0.2562406852940243
1,3,3,1,8,0,180,20,1,1,0.82,12.0,1,1,0,0,148.33921718996606,0.64452996982139,0.4637757135724801
3,1,4,1,7,1,45,15,0,0,0.72,1.5,1,1,0,0,70.7394875632744,0.7521839095980265,0.4045067847036544
5,2,1,4,8,1,90,30,0,0,0.72,96.0,1,1,1,0,74.7809353733673,0.6081779324586147,0.6572815016434753
1,5,3,1,5,0,180,60,0,0,0.86,3.0,0,1,0,1,52.7833445077241,0.6828802481859376,0.5873872789654672
5,5,2,2,0,0,90,45,0,1,0.82,12.0,0,0,0,0,34.723107584452315,0.6484803711806342,0.047755112406990485
5,5,5,2,2,1,30,0,0,0,0.82,96.0,1,1,1,1,70.73612389327582,0.6638708801414376,0.84068645431895
4,1,1,4,4,1,180,10,0,1,0.82,1.5,1,1,0,0,55.66631057933603,0.7077552923065652,0.3975680032580978
3,1,5,1,1,1,150,20,0,0,0.82,12.0,0,0,0,0,29.076571894915624,0.7494304535937564,0.036924249511714136
4,2,1,5,5,1,90,15,0,1,0.82,2.0,1,1,0,1,79.8447723785307,0.6355513641546334,0.6087412527615295
1,4,3,3,6,1,120,15,1,0,0.82,2.0,1,0,1,1,118.42288970515624,0.8021552238279387,0.522797727468815
5,2,4,2,0,1,45,45,0,0,0.72,72.0,1,0,0,0,8.667730813883516,0.6445331392284015,0.030661167463267577
4,1,3,4,5,0,120,45,1,0,0.72,24.0,0,0,1,0,70.70024271826374,0.6665031757613649,0.3104782728422136
5,5,2,3,5,0,180,10,1,0,0.82,96.0,1,1,1,0,30.868105835210084,0.6676420103616654,0.6238437964981569
4,5,2,5,5,0,150,10,0,0,0.72,2.0,1,1,1,1,96.61460325994392,0.5505858921143044,0.865868723058628
2,4,3,2,6,1,75,30,0,0,0.86,1.5,1,1,0,1,61.41281945103933,0.6247333670552628,0.5972105439401578
1,2,5,4,2,1,150,15,0,1,0.72,96.0,1,1,0,0,91.49996773258702,0.727547137907162,0.42007167883489005
4,1,2,5,1,1,60,0,0,1,0.82,3.0,1,0,0,0,33.647330914622096,0.716134644702805,0.04230212881388505
5,5,5,5,1,1,60,45,0,0,0.72,2.0,1,0,0,0,45.61820429489242,0.7089317118551669,0.05078691636673327
3,4,2,2,0,0,30,30,0,0,0.82,2.0,1,0,1,0,9.52784425118938,0.767741274428552,0.26261000695746095
3,1,1,4,2,0,150,30,0,0,0.72,12.0,1,0,0,0,71.2185520181786,0.6779374535398901,0.07002341293099343
3,4,5,5,6,1,180,30,1,0,0.82,1.5,1,1,1,1,160.93484190884368,0.8041404014879452,0.8910000665017397
3,1,5,4,7,1,90,10,0,1,0.82,3.0,1,1,1,0,51.75332592813375,0.6234896316925846,0.6408579430669417
2,2,4,2,4,1,180,20,0,0,0.82,12.0,1,1,0,0,101.58862730886116,0.8595388991689225,0.4175580285974162
2,3,1,2,7,0,30,10,0,0,0.82,96.0,1,0,0,0,17.495179872181566,0.7687329211102762,0.027852148770401708
3,1,3,5,3,1,45,10,0,0,0.86,2.0,1,1,1,0,48.59504105243447,0.5698615051519883,0.6425063886743172
4,2,3,2,6,0,75,30,1,1,0.86,24.0,1,1,1,1,63.9389784774731,0.5361292984474244,0.8450969347603291
5,3,4,1,0,1,45,15,1,0,0.72,3.0,1,1,0,1,29.26970507986431,0.8277555397558473,0.5615702489370002
5,2,3,4,5,1,180,15,1,1,0.82,8.0,1,1,1,0,58.75678626108919,0.4457929853215333,0.6579656818682189
1,2,3,4,8,1,45,20,0,0,0.72,96.0,1,0,1,1,44.99052621856201,0.6518768679745942,0.4843623033874864
4,4,3,5,5,1,75,10,0,0,0.72,48.0,1,1,0,0,16.029978241460416,0.5422739940110174,0.3827274725802024
5,5,3,2,7,1,45,30,0,1,0.82,8.0,1,1,0,1,33.15961346358512,0.7562195141672412,0.5691710429840166
5,1,2,1,0,1,180,30,1,0,0.72,48.0,0,0,0,0,33.30303218504331,0.8431212490013209,0.033183534026603075
2,4,5,1,6,0,60,10,0,0,0.86,48.0,1,1,0,0,38.03813728328752,0.6505987884091223,0.3898168430002198
2,3,2,1,5,1,90,45,0,0,0.86,3.0,1,1,0,0,91.0890520014882,0.65128824207341,0.4251358577225201
3,1,5,5,7,1,90,30,1,1,0.82,8.0,1,1,1,0,69.69628502133178,0.6430126760610159,0.6514533026899502
4,5,1,1,7,0,75,10,0,0,0.86,48.0,0,0,0,1,129.22050826532083,0.7068934429355397,0.2966644645047261
5,2,5,5,8,0,180,60,1,1,0.72,96.0,0,0,0,1,92.83433214446637,0.5996223452099174,0.27991599059828337
2,5,5,1,2,0,150,60,0,0,0.86,8.0,1,1,1,1,75.82231104430781,0.626284124560092,0.8467083186436655
4,5,4,2,2,0,75,10,1,1,0.72,8.0,1,1,0,0,56.84137166065757,0.6448451597954762,0.4027550865880884
1,1,3,5,5,1,90,60,0,0,0.72,96.0,1,0,0,0,156.28942635165535,0.8010463130126807,0.11811970899021593
2,1,5,3,0,1,75,60,1,0,0.86,12.0,1,1,0,0,139.94162319847888,0.754983081305306,0.4504455997742812
2,2,5,1,3,0,150,30,0,1,0.72,3.0,1,1,0,1,77.5757892817195,0.7634356141662105,0.5982766998628449
3,5,4,4,0,0,60,0,0,1,0.82,72.0,1,0,0,1,51.25052830002986,0.7657777692089596,0.2405625750220594
2,1,1,1,2,1,120,45,1,0,0.82,24.0,1,1,0,0,128.87267329560524,0.8807425456983743,0.43426313733151733
2,4,2,5,2,1,30,30,0,1,0.86,24.0,0,1,0,1,58.901843199737925,0.5622128301525096,0.5999129973558164
4,5,2,4,0,1,75,0,0,0,0.72,96.0,1,1,0,0,35.37354851671614,0.704569646852105,0.3842624903981634
3,1,1,1,3,1,180,45,1,0,0.82,1.5,0,1,0,0,8.314876566247884,0.7936060947863877,0.3599908244091181
2,3,2,3,5,1,75,45,0,0,0.86,72.0,1,1,1,0,55.569212217581864,0.5363773061307022,0.6494997300492389
1,1,3,1,5,0,75,0,0,0,0.82,24.0,1,0,0,1,16.428797187546635,0.7249910257217403,0.2202031596578426
4,1,4,2,1,1,45,60,1,0,0.72,24.0,1,1,0,0,83.27552753912325,0.6238761714257716,0.4218456863596115
2,1,5,2,3,1,150,0,0,0,0.86,3.0,1,0,0,1,113.20056027747076,0.8481949489253595,0.27609339376020536
1,3,4,1,5,0,30,15,0,1,0.72,12.0,1,1,0,1,53.27420247809776,0.5373815419006769,0.5978994270523512
2,1,2,5,1,1,75,10,0,0,0.82,12.0,1,0,0,1,62.12955387331646,0.75851740030485,0.24832348456087147
3,2,1,5,1,0,180,0,0,0,0.86,2.0,1,0,0,0,30.253226890427058,0.6133400924804283,0.04723501145332139
1,1,3,4,8,0,150,0,0,1,0.72,72.0,1,0,0,0,64.93916052783132,0.6180402946310027,0.0700299530610507
3,3,4,3,8,0,75,10,0,0,0.82,1.5,1,0,0,1,89.72320282335536,0.7181554007865679,0.2695445904938438
5,5,4,5,5,0,75,45,1,1,0.82,72.0,1,1,0,1,77.15675501098542,0.6745494569059726,0.6042193746905722
3,2,3,3,3,0,90,45,1,0,0.72,3.0,0,1,0,1,31.280312154682633,0.6974869240559559,0.5720294567525382
2,4,5,4,8,1,60,60,0,0,0.72,96.0,1,1,1,1,48.01020174481632,0.5632784428727413,0.832577310162119
4,1,2,1,8,0,180,10,1,0,0.82,2.0,1,0,0,0,140.0239522326371,0.7193909577972402,0.11299193444261792
3,4,4,1,3,1,30,30,0,0,0.82,48.0,1,1,0,1,141.69928180713936,0.582521845575131,0.6536896586811671
5,2,2,5,2,1,30,30,0,0,0.82,3.0,1,1,0,0,59.82181492739677,0.8368631079581564,0.3913007923945269
2,1,1,5,6,1,45,30,0,1,0.86,8.0,1,0,1,0,33.38207301721663,0.5265784825599473,0.2953942215656148
3,1,5,5,6,1,90,0,0,1,0.86,24.0,1,1,1,1,72.00830376544192,0.5457512625609917,0.8498029474643586
4,2,3,5,3,1,45,15,0,0,0.86,96.0,1,1,1,1,22.630046821187584,0.6902395400248243,0.8067699300790541
3,2,1,3,2,1,75,0,1,1,0.72,2.0,1,0,1,1,25.235617917860726,0.7475503617613628,0.4644952199552784
4,3,5,1,6,0,60,0,1,0,0.72,96.0,1,1,1,0,23.49069658247042,0.6934938032924286,0.6171158981578436
4,2,2,2,7,1,90,10,0,0,0.72,8.0,1,1,0,0,118.15861434388196,0.644550751732014,0.443653856941347
3,2,5,4,1,0,120,10,0,0,0.86,24.0,1,0,0,1,51.40011855244888,0.7774920146149014,0.23984230467858947
3,2,3,1,7,0,30,30,0,1,0.72,3.0,1,1,0,0,36.319458883667714,0.5695927532733275,0.3943414798599789
1,4,3,1,1,0,60,15,1,1,0.82,1.5,0,1,1,0,63.02085069347787,0.7523236844619252,0.6393512425499839
1,3,5,5,6,1,180,45,0,1,0.86,24.0,1,1,1,1,136.51701271333567,0.7210865666442522,0.8805352821437928
4,4,5,4,6,1,75,20,1,0,0.82,12.0,0,1,1,0,166.86151493523948,0.7118799413691229,0.7114094140609878
3,5,4,3,4,1,30,20,0,0,0.82,3.0,1,1,0,0,100.74958340199638,0.6922182142642903,0.42871111393616396
5,1,3,4,3,1,90,15,0,0,0.72,1.5,1,0,1,0,133.7361743143095,0.8601173524119127,0.33894923487403905
3,3,2,1,7,1,60,60,0,0,0.72,3.0,1,0,0,0,75.42110529494651,0.7110520174427972,0.07050709564230187
2,4,3,4,8,1,150,10,1,0,0.82,1.5,0,1,0,0,157.51316397491897,0.6231246808322974,0.4713900483250185
1,2,1,1,4,0,120,10,1,0,0.86,48.0,1,0,1,1,90.17172057982124,0.834939007141306,0.5016687498866561
1,3,2,2,4,1,180,30,0,0,0.86,4.0,0,1,0,1,27.025833337435717,0.8038349606154911,0.5617487749818728
5,3,3,1,1,1,45,20,1,0,0.82,24.0,0,0,0,0,65.44943026268416,0.7169831950659047,0.06344412985384278
5,1,1,5,4,1,30,10,1,0,0.72,96.0,1,0,0,0,64.69117842160608,0.7894717184013066,0.05786443199297926
2,1,5,4,5,0,30,45,0,0,0.82,4.0,1,0,0,1,59.60255915745385,0.6152692565936102,0.25666619147674985
3,2,3,1,3,1,45,15,0,1,0.72,72.0,1,0,0,0,29.008723456864733,0.7188714229413489,0.03901814936534874
4,3,3,4,5,0,45,20,1,1,0.82,3.0,1,1,0,1,20.56861115315087,0.6296430001389733,0.5696373974257057
4,2,4,4,0,1,45,30,1,1,0.86,72.0,1,1,1,1,62.251026741860365,0.7372053179463308,0.8298963122383304
4,2,2,1,1,1,75,30,0,0,0.86,72.0,1,0,0,0,41.83520377621042,0.9409513318967684,0.03202354261803316
4,2,5,5,3,0,30,10,1,0,0.72,2.0,1,0,0,0,111.32240369144907,0.5769152534936169,0.10383086804974619
3,4,4,4,3,0,75,15,1,0,0.72,4.0,1,1,0,1,124.25840771104004,0.5826440535760755,0.6420538547237015
1,4,5,1,1,0,120,45,0,0,0.72,24.0,1,1,0,0,58.96050613743702,0.6850906539098774,0.4013506583179333
2,3,3,1,1,1,60,60,0,0,0.82,3.0,1,1,0,0,103.65814874127341,0.7942474536609138,0.42350811073791833
5,2,1,3,1,0,75,20,0,0,0.72,8.0,1,0,0,0,5.6188078750684465,0.9091817871316701,0.010103146817495391
4,4,5,4,2,1,45,10,0,0,0.86,4.0,1,1,1,1,209.641029137104,0.5668042219115638,0.9400843905575933
2,1,3,4,2,1,150,20,0,0,0.86,1.5,1,1,1,0,26.496288271405398,0.8485779035327667,0.6082637389336434
3,3,2,1,4,1,150,20,0,0,0.72,4.0,1,0,0,0,56.95948225427006,0.8318508200299263,0.04974343076741854
1,3,5,3,0,1,60,0,0,1,0.72,1.5,1,1,0,0,60.46917835440304,0.6300137571178858,0.4062118225713501
4,2,1,4,0,0,120,20,1,0,0.72,48.0,0,1,0,1,57.69194520157238,0.8345149866355861,0.5800452477365573
1,4,1,5,7,0,45,0,1,0,0.86,96.0,1,1,1,0,28.145105472866504,0.3561470283217233,0.6438331116660571
2,4,2,3,3,1,150,15,0,0,0.72,12.0,1,1,0,0,112.59728616210023,0.6485515874378059,0.4396662463207538
5,1,2,1,5,1,180,15,0,1,0.82,96.0,1,0,0,0,22.744700193432422,0.8276434701473812,0.027228090551971604
3,4,4,2,1,0,90,60,0,0,0.86,12.0,1,0,1,1,67.87603209480119,0.8186327085106113,0.487946398467458
2,1,4,3,4,0,180,10,0,0,0.72,24.0,1,0,0,1,64.89647564884032,0.6413235022538261,0.25837167194145905
5,5,3,2,8,1,45,20,0,0,0.72,8.0,1,1,1,0,100.89973831265887,0.4831330908871444,0.6834471758463393
4,3,1,2,4,1,30,30,0,0,0.82,2.0,0,0,0,0,77.94390682884422,0.6524575631154649,0.07629057513448027
3,1,5,5,0,0,180,0,0,0,0.86,4.0,1,1,0,1,108.51357654941593,0.6548168454070655,0.6265052051877827
2,4,2,5,5,0,60,15,0,0,0.72,24.0,1,1,1,0,27.8313345953625,0.5493019108229863,0.630103089305966
2,4,1,4,8,1,150,60,0,0,0.82,12.0,1,1,1,1,87.8295552394546,0.6200915019952201,0.8551466316866377
5,5,1,1,3,1,30,15,0,0,0.82,72.0,1,1,0,0,130.04627746884614,0.7346614948086848,0.4452712136759562
5,1,1,4,0,1,180,45,0,0,0.72,48.0,1,1,0,0,116.68879356934967,0.7674622086648053,0.43407017443969675
2,3,1,5,3,1,75,20,0,0,0.72,96.0,1,0,0,1,206.631453004126,0.582066773394576,0.35700962786513035
3,2,4,5,2,1,180,45,1,1,0.86,2.0,1,1,0,1,49.024052769799624,0.5876817381502577,0.5915449801760151
3,4,2,3,4,1,75,0,0,1,0.82,72.0,1,1,0,0,26.934507844259674,0.625718552582558,0.38415603988206076
1,2,2,1,5,0,120,45,0,1,0.86,3.0,0,0,0,0,52.98327613584243,0.5169434296485191,0.06913614401516528
2,4,2,4,2,1,120,15,0,0,0.72,72.0,1,1,0,0,79.37326499148215,0.6672310816003337,0.4162093342822981
4,4,1,1,1,1,150,0,0,0,0.86,72.0,1,1,0,1,94.68493133436154,0.8546939517560889,0.6032947109333149
5,3,3,1,2,1,30,0,0,0,0.72,12.0,1,1,0,1,93.8529595838896,0.6959886018161897,0.6138494375954598
5,4,3,1,8,1,90,15,0,0,0.86,2.0,1,1,0,0,131.63841769512942,0.7472979841964044,0.445448086236338
5,3,1,1,2,1,180,0,1,0,0.72,72.0,1,0,0,1,191.94240445778735,0.8681202709703555,0.3271931840039334
2,5,5,1,0,0,120,0,0,0,0.82,48.0,0,0,1,0,27.42570681349458,0.8525950681678862,0.26860214977057767
4,4,2,4,3,0,120,30,0,1,0.86,8.0,1,0,1,1,32.21643443157987,0.7001921256628285,0.4724641741579886
3,2,3,4,8,1,90,0,0,1,0.82,96.0,1,1,1,0,36.003633618106335,0.6131521991500885,0.6310817684715647
4,3,2,5,6,0,90,45,1,0,0.72,3.0,0,0,1,0,110.48891679831218,0.5934742619946385,0.3421160795259167
5,5,3,4,5,0,60,20,1,0,0.72,96.0,1,1,1,0,157.63661037961253,0.5875743337007198,0.713960870227358
1,5,4,5,2,1,120,45,1,1,0.86,24.0,1,1,1,0,45.61342999821755,0.525108257156949,0.6436513753311587
4,4,5,5,7,1,150,45,0,0,0.82,48.0,1,1,1,1,46.03351578995205,0.6100187326341269,0.8279876992422459
3,2,3,1,7,1,90,20,1,1,0.86,12.0,1,0,0,0,107.13452822917378,0.7779480110818404,0.08696665804372036
2,1,5,4,5,1,60,45,0,0,0.86,24.0,1,1,0,1,41.60143713129456,0.6430193642982501,0.5827229359199856
2,2,1,3,3,0,180,10,0,0,0.72,12.0,1,0,1,0,11.262893201765538,0.9884118497377818,0.24831976598619895
3,4,5,2,7,1,60,45,0,0,0.86,1.5,1,1,0,1,70.59402774150811,0.679227587099066,0.5995167540640708
4,3,4,4,4,1,60,45,0,0,0.86,48.0,1,0,0,1,61.614476715282876,0.7046989105169841,0.2517473940739997
1,4,5,4,8,1,30,30,0,0,0.86,3.0,1,1,0,1,121.59108076090601,0.5363757208916714,0.6435144200448537
2,1,2,2,2,1,90,0,0,1,0.82,1.5,1,0,0,0,58.66050593424953,0.7807783808647728,0.05445251729563226
2,3,5,5,8,0,30,10,1,1,0.82,1.5,1,0,1,1,119.21567313921369,0.5253329468621437,0.5427038091457924
2,4,5,4,2,0,75,15,0,0,0.72,24.0,1,1,0,0,102.41637480093414,0.6953654345601777,0.42960200278141036
5,5,2,5,8,1,75,60,0,0,0.72,96.0,1,1,1,1,64.17953307288454,0.7035503869885831,0.8335378282927222
2,1,5,3,6,0,150,10,0,1,0.72,2.0,0,1,1,0,60.09353936849585,0.7704807980365682,0.6361287037164376
1,5,4,2,6,1,120,15,0,0,0.82,12.0,0,1,0,1,87.0457403861536,0.7617199312970531,0.6047100983999754
2,4,3,1,2,0,30,45,1,0,0.82,48.0,1,1,0,1,118.04747441525157,0.7124195104932332,0.6288289505423081
2,5,2,1,3,0,180,45,0,0,0.82,2.0,0,0,0,1,30.423646328267388,0.6372195908622079,0.23567705952515705
4,2,2,2,5,0,45,45,0,0,0.86,24.0,1,1,1,0,51.507131175843526,0.7192423367993286,0.6339911238746094
5,4,1,1,3,1,90,0,0,0,0.72,48.0,1,1,0,1,41.896738616427896,0.8521032141436201,0.5682839340875652
4,5,1,3,0,1,180,60,0,1,0.82,12.0,1,0,0,1,82.53837365869528,0.8371735558533113,0.2564234335293984
2,5,4,5,0,1,75,15,1,0,0.72,1.5,1,1,0,0,76.45921864860759,0.6259329553174661,0.41715750556018244
5,5,5,2,6,1,75,30,0,1,0.72,12.0,1,1,1,0,75.43037940795247,0.6010533780657573,0.6582131831406987
2,1,3,5,8,1,45,10,0,0,0.82,24.0,1,0,0,1,28.27961993474799,0.7178239298993653,0.22860540486354308
1,3,3,1,5,1,75,30,0,1,0.86,3.0,1,0,0,1,26.885788038092144,0.780768913843688,0.22327003472300327
5,1,1,4,5,0,45,30,1,0,0.72,48.0,1,1,1,1,78.19161199472856,0.7929675901397268,0.8366200100200382
2,4,2,4,1,1,75,0,1,1,0.86,4.0,1,1,0,0,35.49637960999836,0.7232654260690878,0.38303567324849613
3,4,3,1,3,0,60,30,0,0,0.86,12.0,1,1,0,1,86.98120736761277,0.7533182367671281,0.6052551950047096
3,1,5,2,0,1,120,15,0,0,0.82,12.0,0,0,0,0,98.29105357261844,0.6780662119838323,0.08806273420954402
4,3,5,5,3,0,30,60,0,1,0.82,1.5,1,1,0,1,66.32910430747451,0.6979989586021303,0.5953594757695007
3,1,5,3,5,1,120,10,0,0,0.72,3.0,0,0,1,0,18.348612872458318,0.7294596839122972,0.27117023070777807
4,2,1,1,1,1,60,45,0,0,0.72,4.0,1,0,1,0,12.563057232121762,0.7796843851351402,0.26379746452862135
3,1,1,4,3,1,150,0,0,0,0.86,8.0,0,0,0,1,76.8972426438408,0.685836131943234,0.2632562991932008
3,5,1,4,4,0,60,15,0,0,0.82,12.0,1,1,1,1,83.25854395839607,0.5076955352028656,0.8599670085080635
3,3,5,3,2,1,90,0,1,1,0.86,4.0,1,1,1,1,53.47740328516329,0.8608469491979484,0.8153923157462525
5,4,2,3,0,0,60,20,0,0,0.72,24.0,0,1,0,0,4.947555554644425,0.6432415915113567,0.368271458963968
5,1,3,5,6,1,75,15,0,0,0.82,8.0,1,1,0,0,83.12597142950827,0.6038768343609549,0.423145935881072
2,3,2,2,6,1,45,20,1,0,0.82,2.0,1,1,1,1,121.64176068777564,0.5389469883039364,0.8833682179439082
3,3,4,4,6,0,180,60,0,0,0.86,2.0,1,1,1,0,49.20190646048131,0.6264938498984423,0.6389467014807634
2,5,3,4,5,0,30,10,0,0,0.86,4.0,1,1,1,1,40.67768883773013,0.550462912668924,0.8285860553383287
3,5,4,3,2,0,150,20,0,1,0.86,2.0,1,0,0,0,118.3248514791506,0.6088628023394099,0.10626283815567505
2,5,4,3,4,1,30,30,0,0,0.72,2.0,1,1,0,1,99.35483157934864,0.5430972800796549,0.6282197447806567
4,1,1,1,8,1,60,15,0,0,0.72,1.5,1,0,0,0,15.199733082358959,0.6920490451111723,0.03168972223045725
3,3,2,1,8,0,120,45,1,0,0.72,4.0,1,0,0,0,84.07815621020522,0.6720608528456297,0.07900784444094275
2,4,4,5,1,1,180,0,1,0,0.82,3.0,0,1,1,0,129.56329910645613,0.7203032999226326,0.6859543017430532
3,3,1,3,6,1,75,0,0,0,0.72,96.0,1,1,1,1,17.74907734207202,0.5684738818783681,0.8120395464965623
4,2,3,4,2,1,75,15,0,1,0.82,4.0,1,0,0,1,76.38552901631803,0.725795476737046,0.2601180026392855
5,4,1,5,0,1,120,10,1,0,0.82,12.0,1,1,1,0,32.866143524070125,0.8065519631864851,0.6154521249263262
3,1,1,5,7,1,75,0,0,1,0.86,96.0,1,1,0,1,108.99298467626875,0.7067050074661991,0.6231926392615452
3,2,1,4,0,1,90,45,0,0,0.86,1.5,1,0,0,1,37.24127364053053,0.7385424459566051,0.23312954454339133
2,5,2,4,5,1,150,20,0,0,0.72,24.0,0,1,0,0,72.16000822606188,0.4389850230311142,0.42737772053852996
3,5,1,3,3,1,180,30,0,0,0.86,3.0,1,1,1,1,22.9745279204013,0.7166703152757772,0.8051494298776297
4,2,3,4,0,0,45,30,1,0,0.82,48.0,1,0,0,0,40.24182249042683,0.7193683861348457,0.046472094630845354
1,1,3,5,0,1,150,20,0,0,0.86,3.0,1,0,1,0,33.681450546812314,0.7694998763445478,0.27858930902042317
1,4,2,2,5,0,150,15,0,0,0.72,96.0,1,1,0,1,82.99593389065869,0.5110858585257001,0.6195546124969734
1,4,3,1,5,0,150,15,0,0,0.82,24.0,1,1,0,0,62.94148143808098,0.7887922975930811,0.39674552679387165
3,4,2,1,7,1,30,20,0,0,0.72,2.0,1,1,0,1,65.1105990598812,0.8023799677455602,0.5872404682977317
1,2,1,4,4,0,30,30,0,0,0.86,1.5,0,0,0,0,19.71000483002729,0.5537976874214788,0.04437416510051468
5,4,3,5,8,0,60,60,0,0,0.72,8.0,1,1,1,0,73.94400703498316,0.6026062934316319,0.6571135641497746
1,3,2,3,2,1,180,0,0,0,0.72,24.0,1,0,0,1,93.30096300698031,0.6499466516188136,0.2767043763913366
2,3,1,2,2,1,30,0,0,0,0.86,12.0,1,0,0,0,57.032194161916664,0.7334938850438256,0.05667689082154332
4,4,1,1,6,1,30,30,1,0,0.82,4.0,0,1,0,1,21.198760474889784,0.7258405071875693,0.5633236714801301
3,2,4,3,6,1,75,45,0,0,0.86,48.0,1,1,1,0,141.25016593023562,0.5884511039746161,0.7029752000086007
2,1,3,4,2,0,180,15,0,1,0.86,12.0,1,1,0,0,29.09878444717612,0.646820517761528,0.3841217533881438
3,4,5,3,0,1,30,60,0,0,0.72,8.0,1,1,0,0,114.56792344896473,0.5871027054035476,0.4452814262543948
1,5,1,2,0,1,180,15,1,1,0.72,72.0,1,1,1,1,69.62193103787185,0.8384128444101575,0.8277257215832036
3,5,4,1,5,0,75,30,1,1,0.72,2.0,0,1,0,1,115.45161454301558,0.8305751530636722,0.61882748231422
2,5,1,3,8,0,45,45,0,0,0.72,12.0,1,1,0,0,25.549985977948914,0.6385203398154579,0.38233690019821726
2,5,2,2,1,0,120,45,0,1,0.72,96.0,1,0,0,0,121.29100523819858,0.6420186727767365,0.1059193630644275
5,5,1,3,7,1,150,30,0,0,0.82,72.0,1,0,0,0,136.22495370857692,0.6636647338132493,0.1143601044387905
5,3,5,5,7,0,150,30,0,0,0.72,8.0,1,1,1,1,117.23275660830308,0.5533688666583771,0.8794193504061156
1,1,5,3,7,1,45,60,1,0,0.82,4.0,1,1,0,1,14.507183034086957,0.6350033454444116,0.5652212211749492
3,4,5,4,4,0,45,15,1,1,0.72,48.0,1,1,0,0,52.63239224222852,0.6080630693612562,0.4025238466395311
1,5,2,5,0,1,30,20,0,1,0.72,3.0,1,1,0,0,157.28695913915868,0.6722315695689294,0.4678017628896141
2,1,2,1,1,1,30,0,0,0,0.72,8.0,1,0,0,0,14.030086447474535,0.8284123462871162,0.02136452672488489
2,5,5,3,5,0,150,10,1,0,0.86,8.0,1,1,1,0,55.46073764157518,0.5560693409439675,0.6480489712283057
2,2,4,5,1,1,75,10,1,1,0.72,48.0,0,1,1,0,92.67191649441946,0.692973114432862,0.663273159652646
5,3,5,4,2,1,120,10,0,0,0.72,1.5,1,0,1,0,32.67377959385222,0.5509222646685158,0.2932179612024387
3,2,1,1,6,0,60,0,0,1,0.72,8.0,0,1,0,0,82.68772291281698,0.741642860189686,0.4132101483952667
2,4,2,4,1,1,120,30,0,0,0.82,3.0,1,1,0,1,130.00974970292984,0.7888985828525801,0.6314502656689394
2,1,5,3,1,1,60,15,1,0,0.86,12.0,1,0,1,0,168.83524981428306,0.6777389988385026,0.37511510329082687
1,5,1,2,1,1,90,30,0,1,0.82,12.0,1,1,0,0,37.32056045899719,0.6613806207279785,0.38858373018837294
2,2,1,5,7,0,75,20,0,0,0.86,72.0,1,1,1,0,125.86957159133121,0.7157109192772635,0.6838132833781457
4,3,4,4,1,0,30,0,0,0,0.82,96.0,0,1,0,0,111.99761383942834,0.7096736616760771,0.4349879195756269
3,1,1,3,3,0,75,60,0,0,0.82,48.0,1,1,0,0,28.347216750308522,0.8241044582258984,0.3712108324243928
5,1,1,5,2,0,90,10,1,0,0.86,24.0,1,1,1,0,84.62945220054726,0.6437423184480074,0.6613576725090043
4,1,1,3,8,1,150,10,0,0,0.72,8.0,1,1,0,0,140.8740483524895,0.7122774797357239,0.45405660865349234
4,3,5,5,3,0,60,0,1,0,0.82,4.0,1,1,0,1,53.618794167681294,0.6895467747423808,0.5874775885464876
5,5,5,5,0,1,45,0,1,0,0.72,48.0,1,1,1,1,137.99352647593196,0.5873562225884065,0.8908807487360996
1,5,4,3,0,1,45,20,0,0,0.82,12.0,1,0,1,1,51.01531228736402,0.7936052348995879,0.47845784174860484
1,1,3,3,2,1,60,60,0,1,0.72,72.0,1,1,0,0,9.752090058331646,0.8169087443395784,0.35931778126845065
2,3,3,5,3,1,45,30,0,0,0.86,1.5,1,1,1,0,69.23660351450638,0.8059141998103794,0.6397437416896111
3,2,2,1,4,0,30,60,0,0,0.82,72.0,1,0,0,0,13.257249692248388,0.8017691427936011,0.02271432646594685
1,1,3,3,8,1,45,20,0,0,0.86,3.0,0,0,0,0,30.506038240862807,0.4977105707138761,0.05549761887727055
4,5,4,2,4,1,90,10,0,0,0.86,48.0,1,1,0,0,84.30740052607092,0.5934512851836135,0.42466334372119435
2,1,1,5,2,1,45,20,0,0,0.86,4.0,0,1,1,0,105.76055156135466,0.8089154169016619,0.6638829551911202
2,1,2,2,3,1,120,30,0,1,0.86,96.0,1,0,0,0,26.892305261645276,0.8219288096848107,0.030393186829826765
2,4,1,4,7,1,180,30,0,0,0.72,8.0,1,1,0,0,98.26940705428487,0.6081941937931399,0.4329393444706701
5,2,5,3,1,0,150,30,0,0,0.72,3.0,1,1,0,1,60.16640652953143,0.7592180070866137,0.5869656771902914
5,3,3,5,7,1,75,45,0,1,0.82,8.0,1,1,1,0,48.08638977596772,0.6519875164072825,0.6364184670354688
4,3,4,5,7,1,150,60,0,0,0.82,12.0,0,1,0,1,51.55192295832545,0.5327250514429299,0.5970771950378785
5,5,5,3,3,1,150,20,0,0,0.72,1.5,1,1,0,1,107.08943776161438,0.5181310119351836,0.6351237876722802
2,2,3,5,6,1,90,20,0,0,0.86,24.0,1,1,0,1,97.23240902422509,0.5861624388897742,0.6237902352938659
5,5,3,4,3,0,60,20,0,0,0.82,72.0,1,1,0,1,155.9931608011773,0.8663585349132052,0.6433503430901939
5,1,3,2,0,1,150,0,0,0,0.82,24.0,0,0,1,0,48.059200846939106,0.6379168511012251,0.29738528765420696
2,3,4,5,6,1,180,20,1,1,0.72,24.0,1,1,1,1,81.49602549561727,0.5082857962134019,0.8587506779288068
4,4,5,2,2,0,120,20,0,0,0.72,48.0,1,1,0,1,53.75432674366378,0.7300920565557482,0.5847297738702069
1,4,5,3,5,0,150,20,1,1,0.82,4.0,1,1,1,1,20.936269537675162,0.6108665807494056,0.8111968523726585
2,4,3,5,6,0,120,0,1,0,0.72,8.0,0,1,1,0,14.395269326933072,0.5934625259773979,0.6180544693995377
1,1,5,4,0,0,60,10,1,0,0.86,3.0,1,1,0,1,225.33862783412332,0.7554700187210576,0.6973428505789415
2,2,1,2,7,1,45,20,0,0,0.72,12.0,1,1,0,1,52.17509878621158,0.5663207012583313,0.5951409501027246
2,5,4,5,5,0,30,0,1,0,0.86,96.0,1,1,0,1,186.45038605710667,0.7389096043857981,0.6725765850643987
4,1,5,3,0,1,150,30,0,1,0.82,48.0,1,0,0,0,24.291403958923638,0.9038482572785338,0.022924891296451727
2,4,1,4,4,1,60,0,0,1,0.72,72.0,0,1,0,0,49.92610352364773,0.5959147737246746,0.40157003485503795
3,5,2,1,0,1,45,60,0,1,0.82,4.0,0,0,0,0,41.7044802258581,0.6648578112117772,0.05126294003241433
2,2,2,4,7,1,90,45,1,0,0.86,96.0,1,0,0,0,49.51371232020068,0.5986300228081984,0.061105039950226564
3,4,5,4,0,1,60,20,0,0,0.86,3.0,1,1,0,1,55.46263601943163,0.708000543482511,0.5874150526358454
4,4,3,3,2,0,75,10,1,0,0.86,96.0,1,1,0,0,130.56591810183448,0.8501779690472188,0.4375314875679177
4,1,3,3,5,1,45,10,1,0,0.82,1.5,1,1,0,0,67.68084867891828,0.755139422202397,0.4022608062317778
4,4,5,4,3,1,75,30,0,0,0.82,24.0,1,1,1,0,42.44541912903851,0.6497730417599643,0.6328128331628282
3,1,3,4,4,1,120,45,0,0,0.86,1.5,0,1,1,1,47.13745768164564,0.583674479171752,0.8305677582457411
1,1,2,1,2,0,180,0,1,0,0.86,1.5,1,1,0,0,30.84807234860405,0.8209225878398447,0.3731008004169469
1,2,1,5,5,1,30,20,0,1,0.82,72.0,1,0,0,0,120.88591055587423,0.6339686037738279,0.10621280477308154
4,1,3,1,0,1,30,45,1,0,0.86,96.0,1,0,1,0,65.03143766119315,0.7859445645860822,0.298338172253103
4,2,4,3,6,0,45,30,0,0,0.72,72.0,1,0,0,1,29.34784839183967,0.7433192970702902,0.22753288146630612
4,3,1,2,7,0,75,45,1,0,0.86,24.0,1,0,1,0,39.171175314438145,0.5821272390590714,0.2953652101421571
5,4,5,4,5,0,150,10,0,1,0.82,1.5,0,1,1,1,108.15911045745591,0.6368341124077019,0.8675276857697648
2,4,2,2,7,1,30,30,0,1,0.82,2.0,1,1,0,0,33.091120734287145,0.7959405023412727,0.37634491199230236
1,2,1,1,2,0,180,45,1,0,0.86,4.0,1,0,0,0,87.90581188932906,0.8819623272924895,0.06686651168241178
3,5,3,1,0,0,45,45,1,0,0.72,3.0,1,1,0,0,75.9852310566498,0.6834080156464595,0.41281825960918106
5,2,5,5,8,1,90,10,0,1,0.86,12.0,1,1,1,1,117.79544184924575,0.6595873090617007,0.8723591829318449
1,2,3,1,7,1,150,0,1,1,0.72,24.0,1,0,0,0,144.109799604321,0.8294179972253912,0.10801393993043662
1,3,5,4,3,1,60,60,0,0,0.82,24.0,0,0,0,1,47.34152134019094,0.7846720037231641,0.23663397396617247
4,5,1,4,0,1,45,60,0,1,0.72,2.0,1,0,0,0,164.7882842522597,0.7736097101701814,0.12570617645626042
2,2,5,2,5,1,45,30,1,0,0.82,4.0,0,0,0,0,98.73006198612572,0.8141808916241238,0.07882737891039515
4,1,4,4,2,1,30,15,0,0,0.72,96.0,0,0,0,0,134.75516120270157,0.8672112533087467,0.09913198640352211
5,4,1,5,0,1,180,0,0,1,0.86,96.0,1,1,1,1,48.92404456434254,0.9003038609386679,0.809594759443855
4,4,5,4,0,0,150,15,0,1,0.82,3.0,1,1,0,1,48.307302892394496,0.5871101577762663,0.5911071575505911
1,3,4,5,3,1,180,15,0,0,0.72,3.0,1,1,0,0,80.953636227589,0.5454309150320482,0.4257889267661493
1,5,5,5,2,1,60,20,0,0,0.72,72.0,0,1,1,0,98.34368316088504,0.553075151167521,0.6768471948588637
5,2,4,5,3,0,30,0,0,0,0.82,24.0,1,1,1,1,35.090988782319585,0.621024712597926,0.8199222626396916
1,1,4,5,8,1,90,30,0,0,0.82,12.0,1,1,1,1,81.24542191344244,0.7004053901469542,0.8451352372986749
2,2,4,1,3,0,60,20,0,0,0.82,8.0,1,0,0,0,27.254450164405977,0.6788321053823085,0.04065138606617573
3,2,5,5,2,0,75,10,1,1,0.72,3.0,1,0,0,0,129.24480336508876,0.648359212691259,0.11077805735500439
2,4,5,1,4,0,90,20,0,1,0.86,3.0,1,1,0,1,131.7499692444666,0.7637864264453943,0.6343682629784669
2,1,1,3,0,1,90,10,0,0,0.72,24.0,1,1,0,0,120.79131538402791,0.7328868808994988,0.43922546192638706
5,4,2,2,1,1,120,20,0,0,0.86,96.0,1,0,0,0,70.35126023580318,0.7037110744996264,0.06764106494222827
2,1,1,1,3,1,60,20,0,0,0.72,2.0,1,1,0,0,42.16002570008708,0.751487169939863,0.38550258190426767
5,4,4,4,3,0,150,30,0,0,0.82,2.0,1,1,1,1,69.26187172627854,0.5779226685501953,0.8457199943523387
2,5,4,1,6,1,90,45,0,0,0.72,48.0,1,1,0,0,163.6925380116179,0.45065850801620067,0.4875822631132779
1,5,5,3,0,1,150,15,1,0,0.72,1.5,1,1,1,1,83.7789915356638,0.6935190612246702,0.847306326738049
4,3,5,4,3,0,90,45,1,0,0.72,96.0,1,1,1,0,57.116793349465524,0.5034691183966334,0.6528350239452128
2,2,5,3,3,1,90,45,0,0,0.82,3.0,1,1,0,0,57.79924246602833,0.8932218155884518,0.38600730121949395
2,4,5,3,4,0,75,30,0,0,0.82,96.0,1,1,0,1,58.74068996280032,0.6475672125972272,0.5938307550933943
1,5,5,5,0,1,150,10,0,0,0.72,12.0,1,1,0,1,77.62815424828224,0.6645499995963807,0.6052336028604415
2,5,3,1,0,0,90,10,1,0,0.86,2.0,0,1,1,1,62.604850554907955,0.7307172780825073,0.8305863575708299
1,3,3,4,0,0,150,30,0,1,0.72,12.0,1,0,0,1,84.20456221949202,0.5878728899100409,0.2749852725192918
1,3,4,5,5,1,180,60,0,1,0.72,72.0,1,1,1,0,51.7908938740333,0.5822073407856367,0.6437727487276944
3,1,3,1,4,1,45,10,0,1,0.86,8.0,1,1,0,0,61.51529922795178,0.8080396739976652,0.3944474223054647
3,1,4,2,0,0,180,60,1,1,0.86,96.0,1,0,0,0,17.633916036941095,0.7061742809461031,0.03232374435840018
1,4,1,3,0,1,150,45,1,1,0.86,2.0,1,0,0,1,46.41307517989638,0.5889950188294161,0.2497123988018718
3,2,2,4,2,0,45,60,0,0,0.86,1.5,1,1,1,1,115.43080790012267,0.6438040383808763,0.8718875892467538
1,1,1,5,3,0,30,60,0,0,0.72,72.0,0,0,1,0,169.50230638792596,0.7741763253734503,0.3688091948158091
5,5,3,2,8,1,90,60,1,0,0.72,3.0,1,0,0,0,41.981534852806085,0.46194626245384085,0.06565145153010186
4,4,1,4,4,1,60,15,0,0,0.72,24.0,1,1,1,0,117.12347020951162,0.6769078000956458,0.6806987674663126
1,2,3,4,5,1,30,0,0,0,0.72,4.0,1,1,0,1,111.3921035336063,0.5451857835017723,0.6360983975106135
1,2,3,3,0,1,90,30,0,1,0.72,4.0,1,0,0,1,84.55631834571851,0.7722560414953029,0.26231295599247445
5,4,2,1,3,1,120,30,0,0,0.86,2.0,1,0,0,0,42.51160995095184,0.6501676958821389,0.05282933458888484
5,2,2,1,3,1,150,0,1,1,0.82,1.5,0,1,1,0,125.99305183238396,0.7832753283904534,0.6791660949009244
3,5,2,5,5,1,60,45,0,0,0.86,48.0,1,1,1,0,69.97276847271021,0.7012122406786172,0.647563655467637
4,2,5,1,3,0,45,0,0,0,0.82,1.5,1,1,1,0,95.95709208855226,0.6982652322699655,0.665092828466804
3,4,2,2,0,1,90,45,1,0,0.72,2.0,1,1,1,1,30.194753068358075,0.8277593908124846,0.8021866780220315
5,5,4,5,5,0,30,60,0,0,0.72,72.0,1,1,0,0,55.432486207047305,0.6736654914377067,0.3997984064040588
1,3,1,5,5,1,30,60,0,1,0.86,8.0,1,1,1,1,71.03040286007918,0.5686451325702994,0.8475484426267985
3,2,2,3,6,1,30,15,0,0,0.72,12.0,1,1,0,0,40.646272135341974,0.6623317803870826,0.3907342901297989
2,2,3,2,7,0,150,30,0,1,0.86,2.0,1,0,1,0,36.72269326851323,0.7395171666311373,0.2827155938481625
5,1,4,5,6,0,180,10,0,0,0.82,48.0,1,1,1,0,59.789057369549205,0.624091565485336,0.6461729619957259
1,1,3,3,6,0,120,45,1,0,0.72,3.0,1,1,1,0,35.813432667791204,0.6166503166983502,0.630710099609643
3,3,3,2,0,1,150,0,0,1,0.82,4.0,1,0,0,1,52.30410332189848,0.7516668945959327,0.24225271959288372
1,1,3,4,6,0,120,45,0,0,0.86,4.0,1,1,1,0,39.053448790286836,0.6541608432506671,0.6302443734993113
1,2,4,2,5,0,180,30,0,0,0.72,1.5,1,0,1,0,24.516721049564374,0.4578495705318178,0.2942950107624823
5,4,1,1,4,0,60,60,0,1,0.72,24.0,1,0,1,1,51.380018119612366,0.8058016389288183,0.4778472306880576
1,4,2,1,0,0,180,15,0,1,0.72,3.0,1,0,0,0,22.70327154683262,0.7373405698897434,0.03352167447227305
1,5,3,5,1,0,90,15,1,1,0.82,12.0,1,0,0,1,177.99686366147424,0.7520686141571794,0.3260197727833136
5,1,1,1,7,1,90,0,0,0,0.72,4.0,1,0,1,1,73.26096122216741,0.7308518853636902,0.49768100883932
3,5,5,5,1,0,30,60,0,1,0.86,72.0,1,1,1,1,205.19472996683623,0.6472699005891951,0.9314875936033138
4,5,3,1,8,0,75,45,0,0,0.82,72.0,1,1,0,0,50.39069009178542,0.8033083110360577,0.38736221162199963
1,1,2,4,2,1,30,0,1,0,0.82,72.0,1,0,0,0,15.284046084462911,0.7440489998176475,0.028105934069073288
3,5,4,3,2,1,30,60,0,0,0.86,8.0,1,1,0,0,141.51012102212144,0.7379660319379444,0.4526824584457582
2,4,2,5,6,1,90,45,0,0,0.82,12.0,0,1,0,1,37.50280564095293,0.6483461548456859,0.579617639588104
1,3,2,5,1,1,60,30,1,0,0.86,3.0,1,1,0,0,61.67666939105314,0.8963752305394324,0.3883715134562752
4,2,3,2,7,0,30,30,0,0,0.86,8.0,1,1,0,1,70.80001043684402,0.5840097371687144,0.6063193253560861
4,3,4,3,2,1,45,45,0,0,0.86,1.5,1,0,1,1,35.459004573294926,0.6766350520946125,0.4762748827355737
2,1,4,5,5,0,75,10,0,1,0.82,12.0,1,0,0,0,69.26888239517143,0.6591149206801401,0.07004121048250447
5,2,4,2,8,0,45,60,1,0,0.86,8.0,1,0,1,0,74.38726596272491,0.6622855990817477,0.3132315187060943
4,5,3,4,6,0,90,15,0,0,0.86,1.5,1,1,0,1,147.6694164720444,0.6136591561183505,0.6554901367197451
1,1,1,5,2,1,150,60,1,1,0.86,12.0,0,0,0,1,36.20075083565742,0.668431592817957,0.2373436223931813
4,1,1,1,1,0,30,30,0,1,0.72,1.5,1,0,1,1,54.23956111872589,0.7073222150141572,0.4866471523614929
1,4,3,3,4,0,75,10,0,0,0.72,48.0,1,1,0,1,69.67064209517159,0.5923842948505251,0.6049801940905777
2,5,1,5,5,0,120,0,1,1,0.86,48.0,1,1,0,1,54.59235032119892,0.6050079308764487,0.5940443450527813
1,4,3,2,7,1,180,15,0,0,0.86,96.0,1,0,0,1,174.52987096659137,0.5636318818106106,0.33689901558431823
1,4,3,4,6,0,30,0,0,0,0.72,24.0,0,0,1,0,153.06072434762265,0.5729562928683783,0.3719335423976286
2,1,4,1,4,0,45,0,0,0,0.86,96.0,1,0,0,0,58.66311490702388,0.8916480120365122,0.0466933824287934
4,2,1,4,8,0,75,15,0,0,0.72,72.0,1,1,1,0,117.18743633017152,0.6670789785371127,0.6814294290558499
3,3,1,3,2,1,150,60,0,0,0.86,12.0,1,1,0,0,13.031956200830066,0.7649775805775851,0.36513954016012246
1,1,5,5,2,0,60,0,1,0,0.82,8.0,1,1,1,0,18.94329494178578,0.6254329355553382,0.6188485578056503
2,4,3,1,0,1,30,15,0,0,0.82,72.0,1,0,0,1,35.958741672021596,0.7281860173191186,0.2329994732356761
4,4,5,1,1,1,180,0,0,0,0.72,12.0,1,1,0,1,91.8791744740084,0.6946906314388374,0.6126244387819536
4,5,4,3,0,0,75,15,0,0,0.86,72.0,1,1,1,1,50.43630684591479,0.6522045018665393,0.8279698894332855
5,3,1,2,5,1,75,20,0,1,0.72,8.0,1,0,0,1,66.51924597597015,0.5861917808686383,0.26331273932317545
5,2,2,2,7,1,75,45,0,0,0.86,4.0,1,1,0,1,87.27707207443383,0.760208125682001,0.6049701459185493
5,2,1,2,6,1,45,30,0,0,0.72,4.0,1,1,0,1,151.2493774824032,0.8669461507257568,0.6401466877707992
5,4,1,1,5,1,120,0,0,1,0.72,3.0,1,1,1,1,44.520301771674134,0.5424416426846095,0.8317092861931935
1,5,1,3,7,1,45,20,0,0,0.82,1.5,0,1,0,1,112.2411012250567,0.5691366591428736,0.6349878346767034
4,5,4,2,6,0,45,20,0,0,0.86,48.0,1,1,0,0,142.97008711893,0.548053907191616,0.4669496179092069
2,1,3,4,0,1,30,30,1,0,0.72,8.0,1,0,0,1,12.142422742526316,0.8169939395150969,0.21090537272896076
5,1,3,4,3,1,60,60,0,0,0.72,24.0,1,0,1,1,60.58587473493846,0.662612950625902,0.4940076766128125
2,3,5,1,8,1,150,45,0,0,0.72,8.0,0,1,0,1,53.551811525097975,0.5722526591234645,0.5956435215447562
1,3,2,2,2,1,30,45,0,1,0.86,24.0,1,1,0,1,26.878768084956334,0.6839073690759144,0.5700456628879902
5,2,2,5,3,0,45,60,0,0,0.82,1.5,1,0,1,1,49.2537076840231,0.5290170616781138,0.4958046108052141
1,2,1,3,7,1,180,20,1,0,0.82,48.0,1,0,0,0,74.62149824488878,0.768307783750067,0.06596612063408783
2,5,3,3,7,0,60,0,0,0,0.72,24.0,1,1,0,1,89.51507754958794,0.5404101549154448,0.6218480075223108
1,1,5,3,1,1,45,45,0,0,0.82,1.5,1,1,0,0,65.64731581960613,0.7763991975209779,0.39941693338660234
2,4,2,5,2,1,45,20,0,0,0.82,24.0,1,1,1,0,30.962301461960244,0.6649641729275537,0.6240940422030448
1,1,2,5,4,0,150,20,0,0,0.72,8.0,1,0,0,1,32.77957203008104,0.6131275366834531,0.23893412045221232
2,2,1,5,2,0,90,15,0,0,0.82,24.0,1,0,0,1,71.50811980124905,0.6085264284190248,0.2650752298781677
4,5,2,5,1,1,180,60,0,1,0.82,48.0,0,1,1,1,99.26307823640657,0.6302463217511035,0.8620581429683605
2,1,1,3,1,1,180,30,1,0,0.72,12.0,1,0,0,0,45.76092495706379,0.9628873897361798,0.033105166023176605
1,2,2,2,7,0,150,10,1,0,0.82,2.0,1,1,0,0,54.95106329020115,0.5835589871989564,0.4057849130895405
5,5,4,2,3,0,75,20,0,1,0.86,48.0,1,1,1,1,34.96588718999483,0.6144491086955138,0.8202991538513107
4,2,3,2,3,0,45,10,0,0,0.72,24.0,1,0,0,1,23.14098408516319,0.7112526347299466,0.22563963829234587
4,5,1,4,4,1,30,15,0,0,0.72,96.0,1,0,1,0,93.61810378089876,0.6122966269860127,0.32955130529824495
1,2,3,1,6,1,30,60,1,1,0.72,12.0,0,1,0,0,98.93664224910356,0.5785061925511337,0.435462328020823
5,2,5,5,8,1,75,15,0,1,0.72,12.0,1,0,0,1,20.521431040190798,0.5162692812080495,0.23754210434223041
3,5,2,5,2,0,45,30,1,0,0.86,2.0,0,1,0,0,129.6185469513677,0.5519769665144862,0.45777397697823113
2,5,1,2,6,0,60,10,0,1,0.72,96.0,1,1,0,1,52.983332130880946,0.62797307297997,0.5913641063119894
3,2,4,1,6,1,45,60,0,0,0.86,3.0,1,0,0,0,128.80081382857833,0.5742536806752452,0.11566945157178506
3,1,5,3,0,1,90,60,0,0,0.86,48.0,1,1,0,0,102.99147448966853,0.6954124922705485,0.42998210853417396
3,5,3,5,6,0,150,45,0,0,0.72,24.0,1,1,0,1,82.3451015187701,0.446494372436369,0.623642128275301
5,5,1,5,1,1,150,0,1,1,0.82,2.0,1,1,1,0,60.268179951997205,0.6964272111124298,0.6414288818567948
5,5,2,2,5,0,45,10,1,1,0.82,72.0,1,1,0,0,13.897836243144607,0.4723271583800774,0.386202323075491
4,3,3,2,5,0,60,10,1,1,0.72,48.0,1,0,0,0,66.56892821165926,0.7088885517548462,0.06475708685160027
2,5,4,3,4,0,120,45,0,0,0.86,1.5,0,1,0,1,112.35067093373394,0.5766097724361295,0.6345377632186269
5,1,2,4,0,1,30,15,0,0,0.72,96.0,1,0,1,0,131.98184065456428,0.8560052660679384,0.3380675251449538
4,5,3,1,7,1,150,10,0,0,0.72,8.0,1,1,0,1,18.70679389735281,0.6946941243639134,0.5638426072260946
5,1,3,2,7,0,90,20,0,1,0.82,48.0,0,0,0,0,37.18666756150771,0.7070299279581012,0.04529901675060473
1,1,4,4,1,0,120,10,0,0,0.86,72.0,1,0,0,0,66.32660306454328,0.7428666094285364,0.06221707271636463
3,4,4,2,1,0,90,45,1,0,0.82,96.0,1,1,0,1,97.17120885904781,0.7242313818053892,0.6140846091796547
2,4,2,2,8,0,120,20,0,0,0.86,1.5,1,1,0,0,17.836096625754465,0.6609503962011336,0.375624203349757
3,3,5,5,1,0,90,20,0,0,0.72,12.0,1,1,1,1,48.78326116396529,0.5849599904917582,0.8315749747748872
2,1,3,2,1,1,30,30,0,0,0.86,4.0,1,1,1,0,93.80329679456266,0.9095073054217073,0.6488700198168557
4,2,1,1,5,1,45,30,0,0,0.82,1.5,1,0,0,0,98.66880470685842,0.6922511695518628,0.08732162126927522
4,2,1,4,1,1,90,45,1,1,0.82,3.0,0,1,0,0,60.78589021762434,0.8989738856453696,0.3875957548165737
2,4,2,2,1,1,120,15,0,0,0.86,24.0,0,1,0,1,54.12112436579986,0.6634087190520178,0.5896421392435587
4,3,3,4,7,0,45,10,0,1,0.86,1.5,1,1,1,1,43.123243797928886,0.6961040320308413,0.8200215469564603
4,2,4,3,8,0,75,30,1,0,0.86,12.0,1,1,1,1,38.44424855350311,0.5464771811574178,0.8273760963546495
2,5,5,1,0,1,150,10,0,0,0.86,72.0,1,1,0,1,109.66933755783481,0.6270089422557281,0.6292222657473222
3,1,2,1,4,1,30,20,0,0,0.72,96.0,1,1,0,0,18.309887574207085,0.7134037371642178,0.3722683301146429
1,1,4,1,6,1,75,15,0,0,0.82,8.0,1,1,0,0,40.934416331950644,0.6739523088382917,0.3901129492692867
4,2,4,2,3,0,120,15,0,0,0.86,12.0,0,1,1,0,41.27382370536843,0.6719613199271378,0.630478590075346
2,3,3,4,5,0,60,10,0,0,0.82,48.0,1,1,0,1,82.31132046769464,0.48371372697815407,0.621014252756659
3,3,3,5,0,0,90,15,0,0,0.72,72.0,1,0,0,0,96.91119469543078,0.8646384461808783,0.07408277189762572
2,3,2,5,4,1,120,15,1,0,0.72,2.0,1,1,0,0,68.00509346443411,0.6065280458903294,0.4128797657639664
2,2,2,4,7,0,45,60,0,1,0.86,2.0,1,1,1,0,64.25733433426352,0.6801834078345684,0.6452253843410893
4,5,4,2,5,1,180,15,1,0,0.72,8.0,1,1,0,0,37.245408669812356,0.6999493817033843,0.3858338157273047
3,4,3,3,4,1,120,15,1,0,0.72,24.0,1,1,0,0,100.9273441688181,0.6390825299889898,0.43254911901331616
5,5,1,1,4,1,90,60,0,0,0.82,8.0,1,1,0,1,38.65273770636976,0.8066281939774804,0.569304518225823
3,4,3,2,8,0,90,15,0,1,0.86,12.0,1,1,0,1,66.17874139330611,0.7349697032778294,0.5926712816994226
4,1,4,1,1,1,45,45,1,0,0.72,24.0,1,0,0,1,53.21741625096146,0.7755486360570529,0.24118987297664726
4,4,5,4,4,0,60,10,0,0,0.86,12.0,1,1,0,1,74.01003778810937,0.5790283613994964,0.6088080398941083
2,2,2,3,5,1,120,10,0,0,0.86,96.0,1,1,0,0,19.74441474744905,0.6580907468449879,0.3770965908858169
3,5,4,4,8,1,180,60,0,1,0.72,1.5,1,1,0,1,27.682616768330732,0.5959314559977059,0.5767398759257144
1,4,1,3,7,0,180,30,0,1,0.86,72.0,1,1,0,1,103.6894358840148,0.8135005572761098,0.6121812515800155
3,3,4,3,4,1,120,20,1,0,0.82,8.0,1,0,0,0,87.59654715586761,0.6556731892924537,0.08250057485343999
3,1,4,3,6,1,120,45,0,1,0.82,1.5,1,0,1,0,66.00154777169695,0.7619233144467707,0.300666399836524
3,5,4,4,3,0,90,10,0,0,0.82,1.5,1,1,0,0,11.735165173802923,0.477162003991253,0.3844221031698143
5,5,1,3,1,1,45,0,1,0,0.72,48.0,1,1,1,1,62.837936444238196,0.7141971676391242,0.8318981558947535
5,5,4,4,3,1,90,0,0,0,0.72,12.0,1,1,1,1,119.38007652038976,0.6112354136851043,0.8768002387223025
3,2,1,3,5,1,45,45,1,0,0.82,24.0,0,0,0,0,61.5960456590969,0.7288989428903592,0.06004110443707279
3,5,4,3,7,0,120,30,0,1,0.86,4.0,1,0,1,1,39.610179363492904,0.6587357528613148,0.4802952835420366
3,5,5,2,3,0,90,0,1,0,0.82,12.0,1,1,0,1,54.62139039606535,0.5774127678620966,0.5959953665136969
3,4,4,1,2,1,90,15,0,0,0.82,72.0,0,0,0,1,61.86933456884745,0.6875747932353189,0.253115987519426
1,2,4,4,0,1,120,0,0,1,0.72,8.0,0,0,1,0,137.86141923748642,0.8297725507692936,0.3438235342711404
1,1,4,3,6,0,30,0,0,0,0.86,8.0,1,0,0,1,107.60210714888181,0.8306063678371257,0.27359229235065574
2,2,5,4,0,0,30,20,1,0,0.86,72.0,1,1,1,1,104.1927443718096,0.7211562388040453,0.8589808928649232
1,3,2,4,2,1,75,0,0,0,0.86,8.0,0,0,0,1,45.630992629447434,0.7858285459632666,0.2354126635355363
3,3,5,4,7,0,180,10,0,0,0.82,2.0,1,1,0,1,71.25852662427675,0.6486004914915979,0.6021036500117727
3,3,1,1,7,0,180,0,0,1,0.86,4.0,1,0,0,0,46.93757264358604,0.7342575848812408,0.049893684154037166
4,4,3,1,6,1,75,0,0,0,0.72,48.0,1,1,0,0,53.996818300246446,0.6571140372795011,0.39999989625726595
2,2,3,1,2,1,180,10,1,1,0.72,48.0,1,0,0,1,46.558636380631974,0.9418845438058545,0.2251071728540115
1,4,3,2,1,0,150,10,0,0,0.86,72.0,1,0,0,1,53.454879279146255,0.5990692643286769,0.2537017376830901
3,4,1,1,7,0,45,0,0,1,0.72,48.0,1,1,0,0,90.37590507148386,0.5926660818427254,0.4287639776519985
2,4,3,4,0,1,180,30,1,1,0.86,2.0,0,1,0,0,186.97693283227673,0.7026144857440193,0.4854682745527698
3,2,2,2,1,1,150,30,0,0,0.82,24.0,1,0,0,0,75.65821808090757,0.7742163622006981,0.06624366669988951
1,2,4,4,0,1,120,45,0,0,0.72,2.0,1,1,0,1,50.58305003518217,0.6074162031146315,0.591202899138764
4,1,3,5,5,1,180,45,0,0,0.86,96.0,1,1,0,0,28.255679237374956,0.6625469914956719,0.3824588300868863
3,5,3,1,0,1,45,0,1,1,0.72,24.0,1,1,0,1,58.11140154062359,0.598960379153914,0.5968137078196417
1,3,4,3,5,0,45,0,0,0,0.86,1.5,1,1,0,1,120.78704608083446,0.619622272877487,0.637151138285799
4,3,4,1,2,0,180,20,0,0,0.72,4.0,1,0,1,0,83.76032042777557,0.7893745793856676,0.3105839930615203
2,2,3,3,1,1,30,60,0,0,0.86,24.0,1,1,0,0,38.34841993124745,0.7337325837929927,0.3842043324219888
2,3,1,1,0,1,180,30,1,0,0.72,1.5,1,0,0,0,62.18960261538116,0.8426751701066857,0.05247247316945278
2,5,3,2,2,0,75,20,1,0,0.72,4.0,1,1,0,1,63.266723045052785,0.7018382108554093,0.5930491406034899
3,5,5,5,1,1,150,15,0,0,0.82,2.0,0,1,0,0,37.24515111494041,0.4860106273428602,0.4008093568292934
4,5,5,1,2,1,180,0,1,0,0.72,12.0,1,1,0,1,88.47784716471531,0.43917944123150704,0.628242670556938
2,1,5,5,0,1,120,10,0,0,0.82,24.0,0,1,1,0,66.99634670991001,0.6973724019761623,0.6458481630016087
4,1,4,2,3,1,120,30,1,0,0.82,8.0,1,0,1,1,30.3283042943145,0.6568810286505413,0.4742371975240051
1,2,5,1,3,0,30,20,1,1,0.72,96.0,1,0,0,0,53.19094569827409,0.6959187079233615,0.05674632091088076
2,1,3,5,0,0,75,10,1,1,0.72,4.0,1,0,0,0,39.28997473382535,0.7579849944653496,0.04313436687664243
1,3,4,1,3,1,30,45,0,0,0.72,48.0,0,0,0,0,106.19483651433133,0.7993755407070191,0.08484026982672954
4,4,4,4,5,0,30,10,0,0,0.72,4.0,1,0,1,1,85.59570908226074,0.5399227332478624,0.5192692147274901
1,2,3,2,8,1,90,30,0,1,0.72,4.0,1,1,0,0,13.619396507377386,0.6396483906636127,0.3743042103251321
5,3,3,2,4,1,90,15,1,0,0.72,96.0,0,1,1,0,31.69850333155889,0.7422789759014944,0.619172807241268
1,1,4,2,0,1,180,45,1,0,0.86,2.0,1,1,0,0,35.57614932148647,0.7087905113926404,0.3841020970835062
4,1,1,4,7,0,45,10,0,0,0.82,8.0,1,1,1,1,54.62946554929766,0.6184680421511936,0.8331268807489483
1,1,3,4,3,0,180,60,0,0,0.86,48.0,1,1,1,0,28.829836087503736,0.7204485470312775,0.6187884924328132
2,3,1,5,4,1,45,30,1,1,0.72,1.5,1,1,1,1,68.0407927613832,0.801220725196673,0.8292750777438217
1,5,1,1,7,1,75,60,0,1,0.86,12.0,1,1,0,0,26.448139157059224,0.801360174354297,0.3715368805665721
5,2,3,5,1,1,30,60,0,1,0.86,1.5,0,1,0,0,22.731983923953113,0.6734015302421732,0.37801654883235003
5,1,1,4,1,0,180,10,0,0,0.86,4.0,1,1,1,0,32.09306512510797,0.6612528097958011,0.625107680064366
2,1,1,3,4,0,120,60,0,0,0.82,72.0,1,1,0,0,25.162732235545384,0.7860355532610972,0.3717526660954201
2,1,3,1,1,1,45,60,1,1,0.82,3.0,1,1,0,0,18.30921352405666,0.8715029056762617,0.3612009389520328
4,4,5,5,6,0,180,10,1,0,0.72,24.0,1,0,0,1,84.33590778887009,0.66905589987369,0.2693900255347551
1,2,5,4,7,0,90,60,0,1,0.82,24.0,1,1,1,1,148.47453929920178,0.7148354153023343,0.8889445471283045
4,3,4,1,8,1,75,45,1,0,0.86,3.0,1,1,0,0,89.64631675748407,0.7108604233225626,0.4200039815390767
3,5,4,3,2,0,120,10,0,1,0.72,1.5,1,1,1,1,79.2932426064515,0.5864788566151244,0.8518086417745757
5,3,2,1,0,1,60,20,0,0,0.86,2.0,1,0,0,0,9.58881538256603,0.796325702471927,0.020649744415342466
2,4,2,2,7,1,75,45,1,1,0.82,72.0,1,1,0,1,70.94235944687122,0.5658624423135908,0.6076845353359628
4,5,3,4,5,0,30,0,0,1,0.82,48.0,1,1,0,1,158.09031726500137,0.6374518225445747,0.6607719172652141
5,2,5,5,5,1,180,60,0,1,0.72,3.0,1,1,1,1,135.7680512928486,0.606180233031666,0.8880794178830157
2,2,3,2,1,1,75,45,0,0,0.86,96.0,0,1,0,0,128.946724654864,0.9122537628310856,0.4321067197050667
3,3,2,3,0,1,45,60,0,0,0.72,72.0,1,0,0,0,178.0606356671342,0.8156497593796695,0.13161160728817925
5,2,1,4,4,0,75,20,0,1,0.72,48.0,0,1,0,0,18.92819654949652,0.49572627914263645,0.38791795815967983
1,3,3,3,3,1,90,20,0,0,0.72,2.0,1,1,0,1,50.99716100092053,0.8126949920599136,0.5771094578897531
3,5,1,3,8,1,90,45,0,0,0.72,48.0,1,1,1,0,58.92489402733096,0.6352311626985556,0.6448170812959886
3,2,2,4,8,1,60,60,0,1,0.82,48.0,1,0,1,0,100.17998881732717,0.5844875837092773,0.33587252835190207
3,2,1,3,7,1,150,15,0,1,0.72,2.0,1,1,1,0,54.64260408909021,0.5918743789539469,0.644997196199284
1,1,1,1,8,0,30,0,0,1,0.86,3.0,1,0,0,1,12.287817086881734,0.7739953692964842,0.21401220220716727
3,5,2,2,6,0,30,20,1,1,0.82,48.0,0,1,0,1,57.09294893328827,0.6565299125345334,0.5921048720781081
2,3,3,1,8,0,30,45,0,0,0.72,3.0,1,1,0,1,57.786903607596116,0.6647879855009551,0.5919894434199973
4,1,5,1,7,1,45,10,1,0,0.82,24.0,1,0,0,0,45.850698279760664,0.7383489861359775,0.048882703156988686
3,5,1,5,0,1,60,45,0,1,0.72,48.0,1,1,1,1,73.4564939739247,0.6581919985291125,0.8428975560855786
4,1,5,1,7,0,30,20,0,0,0.72,96.0,1,0,0,0,52.81597210485519,0.7907719999661212,0.049856608072274974
1,2,3,4,7,0,180,45,1,1,0.86,48.0,1,1,0,1,77.47077184914643,0.6245606990959077,0.6079279322960507
1,5,2,5,5,1,90,60,0,1,0.72,72.0,1,1,0,1,92.33753234335359,0.5864458130037528,0.6205071479853064
3,1,1,1,2,1,120,60,0,0,0.82,96.0,0,0,0,0,19.645235149466547,0.8385400576772277,0.024399019395571757
1,5,1,3,1,1,60,30,0,0,0.86,4.0,1,1,0,0,56.06080605156988,0.6048016992619196,0.4050377517527122
5,1,5,4,6,1,180,30,0,0,0.86,8.0,1,0,0,0,96.77665665039099,0.5649952035821326,0.09496810684951137
5,5,3,1,6,1,120,10,0,1,0.82,3.0,1,1,0,0,143.284080944448,0.5835127361693297,0.46467682909777897
2,3,1,1,2,1,75,30,0,1,0.86,48.0,1,0,0,0,62.07413360267105,0.7041575824934908,0.06209172496056968
1,3,5,4,5,1,150,60,0,0,0.82,8.0,1,1,0,1,84.54443089648204,0.5239963269362719,0.619683211045449
5,1,4,2,1,1,120,20,0,0,0.82,3.0,1,1,0,0,55.196162402849346,0.6879113100474277,0.39864364989857964
2,4,4,3,5,0,150,20,1,1,0.72,3.0,1,1,0,0,46.02737426941331,0.8089719091818133,0.38405688253688197
1,4,2,1,3,1,60,30,0,0,0.86,24.0,0,0,0,0,46.674502787306096,0.544813850028375,0.06297936568955115
3,5,4,4,8,1,30,20,1,0,0.86,72.0,0,1,1,0,133.61755926576157,0.5297977523419232,0.7019925301799065
2,3,3,3,6,0,45,45,1,1,0.72,4.0,1,1,0,0,32.62501395223451,0.5647008556601643,0.3922209494052782
2,2,5,5,5,0,60,20,1,0,0.86,4.0,1,1,0,1,96.21011718217213,0.6004152724738384,0.6221110090482794
3,3,5,2,5,0,180,60,0,0,0.86,48.0,1,1,0,1,159.022271994106,0.5316482274868874,0.6687994720719885
4,1,1,3,3,0,120,10,0,0,0.86,8.0,0,0,0,1,25.680962435726695,0.8366913988841094,0.21855224370193013
4,5,4,3,7,1,60,10,0,0,0.72,72.0,1,1,1,1,108.9289004881525,0.4614233852357519,0.880319630025599
3,1,5,2,1,1,60,20,0,0,0.82,8.0,1,0,0,0,64.4542553703634,0.7832230492911592,0.05814389012986113
5,3,1,3,0,1,150,0,0,0,0.86,24.0,0,0,0,0,19.60550535024847,0.8507690659414777,0.023516502284262206
5,2,1,1,1,1,120,15,0,1,0.72,96.0,0,0,0,0,5.868693338015239,0.6793140045184548,0.02636048190905166
5,5,4,3,4,0,150,10,0,1,0.82,2.0,1,1,1,0,30.384435101772162,0.6970140759264847,0.6214653047529942
1,2,5,1,4,0,90,60,1,1,0.86,3.0,1,0,0,0,102.60835874316797,0.5597806357844972,0.0992209279905305
4,3,2,2,2,0,45,10,0,0,0.82,96.0,1,0,0,0,22.88388568835862,0.9606040334226607,0.018013641452652836
2,2,2,5,2,1,180,10,1,0,0.82,96.0,1,1,0,0,48.26615149339848,0.7337084864266038,0.3908178402790701
4,4,4,3,4,0,60,15,1,0,0.72,3.0,1,0,1,1,66.62842925660536,0.5446592978986674,0.5062928019848302
3,5,3,1,3,1,60,10,1,0,0.72,3.0,1,1,0,0,13.496464478592234,0.7858767258738271,0.36398627217456025
5,4,2,4,7,1,180,0,1,0,0.86,1.5,1,1,1,1,46.592680781871834,0.5344511806286097,0.8336502045439118
3,3,4,3,7,0,120,45,1,1,0.86,4.0,1,1,1,0,112.15410619489747,0.609065971631359,0.6821347861157365
3,4,3,3,3,1,90,0,0,0,0.82,12.0,1,1,1,0,56.25250616772574,0.7110711683270203,0.6377266889955925
4,4,5,4,7,1,30,10,0,0,0.82,4.0,1,1,0,1,87.96373489409828,0.515009664407823,0.6225918134208513
5,3,1,2,1,1,60,15,1,0,0.82,72.0,1,0,0,0,23.967166685226157,0.7223088902295819,0.035416488807413375
1,3,3,5,8,1,30,45,0,1,0.72,12.0,0,1,1,0,104.86877922345562,0.644570158431341,0.6747926083921099
3,1,4,5,5,1,75,15,0,0,0.72,72.0,1,1,0,1,98.92094362010688,0.7735492192480738,0.6117988503993729
1,1,4,3,5,0,30,30,0,1,0.72,3.0,0,1,0,1,54.804201433917925,0.5507632499097025,0.5979827067955995
2,3,5,2,3,1,90,15,0,1,0.72,96.0,1,1,1,0,83.43299583542321,0.5975093808652626,0.6637963405630471
2,3,4,1,7,0,180,60,0,0,0.82,48.0,1,1,0,0,54.05367663438798,0.6210744403099876,0.4025605736012262
5,1,3,4,5,1,60,15,0,0,0.82,2.0,1,1,0,0,41.32147378454084,0.6747631969010413,0.39031422540662103
5,1,4,1,5,0,120,10,1,0,0.86,12.0,0,0,1,0,38.65192415329448,0.727303668287305,0.28485669265541835
2,2,3,2,1,1,60,60,0,0,0.72,4.0,0,1,0,0,72.47420422475656,0.7871775771181041,0.40321370575157045
4,4,3,1,1,0,75,30,1,1,0.72,8.0,1,0,0,0,102.3596249164394,0.713011616389932,0.0883289367969977
3,4,3,5,2,0,120,20,0,0,0.72,4.0,1,1,0,0,28.617454466139804,0.7267710033626056,0.3782043327420442
1,3,5,4,6,1,120,10,1,0,0.86,3.0,1,1,0,1,146.88248272734495,0.5681714558922,0.6581496532391093
2,5,1,2,6,1,150,10,1,0,0.72,4.0,0,1,0,1,42.360637569817314,0.7593540545052251,0.5750856412311791
4,2,1,3,7,0,60,10,0,0,0.82,96.0,1,0,1,0,52.04790333558117,0.6642056831912477,0.29820420440033346
1,3,1,5,8,1,75,10,0,0,0.72,3.0,1,1,0,1,54.25119042716858,0.5683576122548776,0.5963824274269376
4,5,5,2,5,1,75,15,1,1,0.86,72.0,1,1,1,0,38.74900685247616,0.5423049373354945,0.6378713256214996
1,1,2,3,6,0,75,20,0,1,0.82,72.0,1,0,0,0,41.50516689202162,0.736206388800327,0.04613566404532486
1,1,4,5,5,1,180,45,1,0,0.82,12.0,1,1,0,1,17.246693099652624,0.6076258307374033,0.5689639872481501
2,1,3,2,3,1,30,20,1,1,0.86,12.0,1,1,1,1,12.330753883620368,0.8268330460759458,0.7903421893637641
2,1,5,5,8,1,45,60,0,0,0.86,3.0,1,1,0,0,79.64890511306164,0.4381728002204732,0.4324271740599413
3,1,1,3,1,1,30,15,1,0,0.86,2.0,1,1,0,0,61.976418951132224,0.6308861701645183,0.40715558072257185
3,4,1,1,2,0,30,0,0,0,0.86,48.0,1,0,1,1,98.6304695460062,0.8295221194559392,0.5076870980020883
3,1,1,4,4,0,45,45,0,1,0.72,2.0,1,0,0,1,88.32341336087696,0.8099349871632793,0.2621868264724884
3,1,5,4,1,0,30,20,0,0,0.82,48.0,1,0,1,0,51.54035876772922,0.6860883515721159,0.29633405456843803
2,5,2,4,2,0,75,60,0,0,0.86,72.0,1,1,0,0,40.61087806617741,0.6247626506239244,0.39334053316711026
3,3,2,2,3,1,30,15,0,1,0.86,48.0,0,0,1,0,37.51394795928912,0.5630810015267675,0.2955936285326523
5,5,5,5,2,1,90,30,0,1,0.72,24.0,1,1,0,1,113.20600438682928,0.5753134586199693,0.6351987274878217
5,2,3,4,0,0,75,15,0,0,0.82,2.0,1,1,1,0,76.67141832820231,0.7715506133495521,0.6471057359509996
1,1,3,3,4,0,120,10,1,0,0.72,4.0,1,0,1,0,20.519284110890748,0.6014989411703614,0.2815745968586685
2,1,1,1,2,0,30,15,1,0,0.82,24.0,1,0,0,0,7.018437059792069,0.980496230810842,0.006044221883102437
5,5,3,4,7,1,45,45,0,0,0.86,8.0,1,1,1,1,141.3926312754791,0.6580025720696706,0.8882015741387758
2,2,5,4,4,0,90,60,0,0,0.86,1.5,0,0,0,0,48.027699514449196,0.7609673265516201,0.04875075348435272
5,5,2,2,4,1,120,10,0,1,0.82,48.0,1,1,1,0,97.70748267095843,0.6089931808467027,0.6725087991213698
5,5,2,5,2,1,60,15,0,0,0.82,72.0,1,1,1,0,34.742936591842735,0.6536000972377334,0.627409950921254
5,1,3,4,5,1,180,45,1,1,0.86,24.0,1,0,1,1,59.6441710360852,0.7313326044166502,0.48856949838155794
5,2,5,2,3,1,60,60,0,0,0.82,3.0,1,1,0,1,69.68786794078639,0.7446183361359565,0.594335295097674
1,4,3,2,8,1,90,60,0,0,0.72,3.0,1,1,0,0,60.482595220631985,0.6969438539890053,0.40153566036785765
1,4,3,3,2,1,30,60,1,0,0.86,4.0,1,1,1,0,76.15674382829461,0.8479809102369114,0.6414124988356127
3,5,3,1,0,1,75,45,0,0,0.72,72.0,1,1,0,1,62.21720087194436,0.6263340513592746,0.5976347503194804
3,5,3,3,6,1,150,0,0,0,0.72,12.0,1,1,1,1,65.55075857167822,0.6135550378716544,0.8407516530634364
3,2,1,3,1,0,60,60,0,0,0.82,96.0,1,0,0,0,17.08746773629417,0.874652634665896,0.020165960730916727
5,1,1,4,7,0,180,20,0,0,0.82,12.0,1,0,0,0,88.03705432968383,0.6460418081986669,0.08346844297921588
5,3,3,3,3,1,30,15,0,1,0.72,48.0,1,0,1,0,74.72777059300985,0.5731853668273111,0.31969553805076145
3,4,5,1,1,0,150,45,1,0,0.72,2.0,0,1,1,1,19.812681183426733,0.5526748778422114,0.8145212126733297
5,4,1,5,1,0,45,0,1,0,0.86,12.0,1,1,1,1,46.150990828960815,0.7359204183359812,0.8192528979357885
4,2,1,5,3,1,60,30,0,0,0.72,3.0,1,1,1,0,94.47086299137726,0.6975640190899257,0.6641510939912901
1,1,3,3,7,0,120,60,0,0,0.82,72.0,1,1,0,0,22.179121626941996,0.816956679072018,0.36759911354958674
2,4,3,5,1,0,45,20,0,0,0.86,4.0,1,1,1,1,15.238733960242602,0.6093834418330096,0.8075023150451843
1,3,4,1,2,0,90,60,0,0,0.72,2.0,1,1,0,1,1.4324948953317627,0.6922535320525656,0.5524972493532082
3,1,3,2,1,1,150,20,0,0,0.82,12.0,1,1,0,1,92.30349443489722,0.9189429249204537,0.5972096582121664
1,1,3,4,3,1,45,45,0,0,0.72,24.0,1,0,0,0,117.65153431255416,0.7010018091287467,0.09936422956935717
5,5,2,5,4,0,90,60,0,0,0.82,12.0,0,1,1,0,98.36622084757752,0.5619606848179106,0.676240232627798
4,4,5,4,5,0,90,15,0,1,0.86,8.0,1,1,0,1,65.70564180714169,0.6013662427938342,0.6017081242091927
3,1,5,1,4,0,90,20,0,1,0.82,72.0,1,0,0,0,82.66750935266,0.7929647968277681,0.06960413712382958
1,2,2,4,5,1,75,45,0,0,0.82,24.0,1,1,1,1,102.17538522413312,0.6797829411572239,0.8605321176017497
5,1,4,1,7,0,180,60,0,1,0.86,72.0,1,0,0,0,194.76188185653376,0.6993549683235354,0.15088640678837503
3,3,5,3,7,1,120,0,0,0,0.82,48.0,1,1,0,0,127.7012658536076,0.5490405809012524,0.4567013365726508
2,1,4,2,4,0,45,20,0,0,0.72,24.0,1,1,1,0,34.7788402629439,0.6652758488083277,0.6266165840920465
3,3,1,5,4,1,75,10,1,1,0.86,2.0,1,1,1,0,49.86070713430668,0.516778829183089,0.6470659533800549
2,5,3,5,5,0,30,60,0,0,0.82,72.0,0,1,1,1,69.01935635311708,0.5662431727631959,0.8463758821419877
4,2,1,2,8,1,60,0,0,0,0.72,24.0,1,1,1,1,42.521187917045445,0.7447769325862488,0.8162130733303263
4,1,5,4,0,1,180,15,0,0,0.82,72.0,1,0,0,0,156.85557262083285,0.659230151381247,0.12842427115053462
3,1,3,2,1,1,60,30,0,0,0.82,2.0,1,0,0,0,59.581183538413654,0.8303178668071001,0.0515985383491121
1,1,3,2,8,0,180,15,0,0,0.72,48.0,1,1,0,0,88.92449700547095,0.523313378865006,0.4326510614830969
5,1,1,2,5,1,30,60,1,0,0.72,8.0,1,0,1,0,55.83023835555659,0.708237199092265,0.2976435549672458
3,2,1,2,5,0,120,45,0,0,0.72,3.0,1,1,0,0,61.99228010571272,0.9104817078945519,0.38759446718452323
5,1,4,2,5,1,180,15,0,0,0.86,72.0,1,1,1,1,109.20794932300754,0.650289766071132,0.8672850159236924
5,1,1,1,0,0,150,30,0,1,0.72,48.0,1,0,0,0,28.35348946867405,0.9115081644341332,0.025096754802060042
4,4,1,2,6,0,180,15,0,1,0.86,1.5,1,1,1,1,78.96955449933829,0.6662126660090189,0.8460114830455941
1,1,4,3,4,1,150,45,1,0,0.82,8.0,1,0,0,0,137.06737994200185,0.7597475219362952,0.10819592675912723
1,3,4,4,6,1,75,15,0,1,0.82,1.5,1,0,0,0,65.4842826681118,0.5688541566907589,0.07383639747705475
5,4,2,4,8,0,120,60,0,0,0.86,24.0,1,1,1,0,58.97514071736845,0.6068809380318639,0.6468350948160152
2,2,3,4,1,1,150,30,1,0,0.72,24.0,1,1,1,1,135.8066683107267,0.7725970387603895,0.8764559861605905
5,1,5,4,2,1,45,15,1,0,0.86,12.0,1,0,1,1,69.22391268227202,0.7257753525879649,0.4953450004403571
3,1,1,1,3,1,90,60,0,1,0.86,3.0,1,0,0,0,5.47291328380919,0.9576057210014018,0.006616208385774664
2,4,1,3,0,1,150,30,1,0,0.86,8.0,1,1,1,0,14.786748357146214,0.6367501416285752,0.6152853223240973
1,5,4,2,4,1,30,0,1,0,0.86,72.0,0,1,0,1,69.56006764136248,0.6570272328941936,0.6003814721249814
1,2,2,2,3,0,30,45,0,1,0.86,3.0,1,1,0,0,86.92982851339755,0.8452031463063664,0.4087889987674861
2,3,4,4,5,1,75,45,1,0,0.82,3.0,1,1,0,0,112.97680886351452,0.5908155301877275,0.4439607854625355
1,3,3,4,6,1,60,20,0,1,0.86,48.0,1,0,1,0,41.504549678956785,0.6838499760716258,0.28980020146095736
5,2,1,5,8,0,60,45,0,1,0.82,8.0,0,1,0,1,80.64909977794446,0.6594395122657799,0.607605300660025
1,3,5,5,6,1,60,15,1,1,0.82,2.0,1,1,0,1,137.8999460220094,0.8379618706750717,0.6332759664007512
2,5,3,3,0,1,180,10,0,0,0.72,48.0,1,1,0,1,116.0012375930983,0.8467593014035404,0.618061007297151
5,3,1,2,7,0,45,20,0,0,0.72,24.0,1,1,0,0,25.272776884176007,0.6099579831695701,0.38415145910091414
1,4,3,5,7,1,180,30,0,1,0.72,96.0,1,1,0,1,118.82062107969787,0.6545977491972508,0.6333919049426577
3,2,4,5,6,1,150,0,0,1,0.82,4.0,1,1,1,0,117.73856580778937,0.7199611660812247,0.6780950955795072
5,3,4,3,8,0,180,30,0,1,0.72,4.0,0,0,0,0,39.186116057997566,0.6411379285877434,0.05124442237085634
2,2,3,4,5,0,90,10,1,0,0.82,48.0,1,1,1,0,41.94748383159123,0.6267727512002056,0.6340908966370465
2,3,4,5,2,0,180,15,1,0,0.86,8.0,1,1,1,1,168.98585635421173,0.6917250330249614,0.9042364852577273
4,4,2,1,1,1,60,0,1,1,0.86,4.0,0,0,0,0,155.14887072318118,0.7603578346529328,0.12020753205641549
5,1,2,2,1,1,120,60,1,0,0.86,2.0,1,0,0,0,24.619109140940402,0.6980830012765454,0.03754692933793542
4,5,5,1,8,0,180,30,1,1,0.72,8.0,1,1,0,1,155.62545043227186,0.5602144620313916,0.6645352879459838
5,1,2,4,4,0,90,60,0,0,0.82,48.0,1,1,1,1,44.95398396691125,0.7268952407894771,0.8190866557893441
3,2,2,1,8,0,30,10,0,0,0.86,96.0,1,0,0,0,169.95961722485634,0.6942446251094295,0.1347092877255775
5,4,4,5,2,1,150,0,0,1,0.82,96.0,1,1,0,1,36.19561063045203,0.6988398392009955,0.5752116183428984
1,5,3,5,1,0,30,20,0,1,0.86,3.0,1,1,0,0,109.79910786853095,0.6080739357993282,0.4406342297397344
1,4,2,3,0,1,30,60,0,0,0.86,48.0,1,0,0,1,58.989987510440955,0.6569945262214262,0.25333704150479414
5,1,4,5,8,1,75,30,0,0,0.82,8.0,0,1,0,1,40.73784125391198,0.5003737638316412,0.5921323973677265
2,1,1,4,8,1,45,10,0,1,0.86,2.0,0,0,1,1,57.60008167412036,0.5816139444190862,0.4976870783400775
1,3,1,5,5,1,120,45,0,1,0.72,12.0,1,1,0,1,33.467912767720534,0.8181185183963665,0.5650436455574014
2,3,4,1,4,0,90,15,0,0,0.82,24.0,1,1,0,1,38.63781862748162,0.6672696721529912,0.579049668700945
5,1,2,4,6,0,30,60,0,1,0.82,4.0,0,0,1,0,49.300016532237066,0.7422094028666064,0.29091201948749557
5,2,1,3,2,1,60,0,0,1,0.82,12.0,1,0,0,0,59.85898981239434,0.8463786162728467,0.05065949006916362
1,4,5,1,0,0,30,45,0,0,0.82,72.0,0,0,0,0,34.61876736933796,0.8299159989287159,0.03498505832121519
4,1,3,1,2,1,45,30,0,0,0.72,2.0,1,0,0,1,29.5812700627327,0.7703567420337019,0.22579587476612936
1,5,5,1,1,1,150,60,0,0,0.82,4.0,1,1,0,0,52.23556289796578,0.7149390590287088,0.39477797446663426
2,3,3,5,5,1,90,15,0,0,0.86,24.0,1,1,0,0,27.886315295738044,0.6466818218573755,0.3833231493338091
2,3,1,2,1,1,150,45,1,0,0.82,96.0,1,0,1,0,27.3541254462048,0.820685859975809,0.27078807343249656
1,5,5,1,6,0,60,0,0,1,0.82,24.0,1,1,0,1,48.916775182717075,0.5234801515414387,0.595967572847244
4,4,2,3,4,1,60,45,1,1,0.86,3.0,0,1,0,0,25.121570083972983,0.4353929709258598,0.39627020542450514
1,5,2,5,4,0,120,15,1,1,0.72,3.0,1,1,1,1,40.62315717491009,0.5987906435924761,0.8251667597318001
2,2,3,1,2,1,150,60,0,1,0.82,96.0,1,0,0,0,8.860403686751855,0.7156508455887888,0.025811376599952692
2,1,3,4,7,0,120,0,1,0,0.82,12.0,1,1,0,0,92.16605060751107,0.7382082221464459,0.41976945818808953
4,3,5,5,6,1,45,15,0,0,0.82,2.0,1,1,0,0,29.9451476496723,0.6026029926259178,0.387781222282634
2,1,2,3,3,0,150,20,0,0,0.82,4.0,0,0,0,1,109.9255945755161,0.7805366002969543,0.27864616769622397
2,2,2,1,3,1,120,30,0,1,0.72,3.0,1,0,0,0,27.560608370919965,0.7077637350492715,0.03883027746049764
3,4,1,1,2,0,30,45,0,0,0.86,2.0,1,0,0,0,47.341787974755704,0.6929944152723321,0.05305158291410723
5,5,2,3,8,1,60,60,0,1,0.72,1.5,1,1,0,1,61.85877860946623,0.5883042144994737,0.600057890724681
2,2,1,3,7,0,30,20,1,1,0.82,72.0,0,1,1,0,49.485434553720296,0.7839621498626104,0.6281129392120975
5,4,2,5,6,1,150,15,0,0,0.72,2.0,0,1,1,1,182.09142024415348,0.7187174871929657,0.9110840560592615
1,1,2,3,6,0,75,20,0,0,0.86,48.0,1,1,0,0,29.36241088333994,0.7749102653257589,0.3753312220160902
5,4,2,5,0,1,150,20,0,0,0.72,1.5,1,0,1,1,72.65318670623378,0.6262945476475723,0.5045948394688258
5,1,1,1,3,1,120,60,0,1,0.86,4.0,1,1,0,0,3.497031819083905,0.7811792647890166,0.35764880601082477
3,2,3,1,6,1,150,60,0,0,0.86,1.5,1,1,1,0,113.71593310323722,0.6271418465281174,0.6819106928118567
3,5,1,4,0,1,180,45,1,0,0.72,24.0,0,0,0,0,67.52562439067282,0.7554942507578019,0.06213248537406909
2,4,3,4,1,1,90,0,1,0,0.86,8.0,1,1,1,1,116.73501775621764,0.5813191040003688,0.877131007890786
3,1,5,3,8,0,45,15,1,0,0.86,48.0,1,1,0,0,111.47102254081639,0.664137020451367,0.43782442359561524
1,1,1,2,6,1,90,45,0,1,0.72,8.0,0,1,0,0,162.51356429389267,0.6385187547302087,0.47364606336481385
3,4,3,2,6,0,60,0,1,0,0.72,8.0,1,1,1,1,52.43070082604612,0.8449593090187847,0.8158066489193825
1,5,5,4,3,1,180,20,0,0,0.72,1.5,1,1,0,0,53.296358701307774,0.6224731262437857,0.4019577869638069
5,2,2,3,7,1,45,45,0,1,0.72,96.0,1,1,1,0,36.29027366274659,0.4943090675570369,0.6395918810461718
1,1,1,4,6,0,120,60,0,0,0.82,2.0,1,0,0,1,27.080712947885637,0.6370788756106633,0.23345828733917734
2,4,2,3,1,1,90,20,0,0,0.86,3.0,1,1,0,1,110.08537348558502,0.7201835144135837,0.6229774029814392
5,1,5,4,7,1,150,45,1,0,0.82,1.5,0,1,0,0,42.13501878171747,0.5516291633553034,0.39947597108627375
2,3,5,2,8,1,75,60,0,0,0.72,24.0,1,1,1,1,52.538839236104366,0.6839844371656462,0.8271469822224743
4,1,2,4,3,1,180,0,0,0,0.72,48.0,1,0,1,0,163.0798795182898,0.6946403157016544,0.370095097579744
2,5,2,3,1,0,120,20,0,1,0.86,1.5,1,1,0,0,103.95053438625297,0.6704088322490531,0.4323717380000683
1,5,3,5,0,1,45,0,1,0,0.86,8.0,1,1,1,0,148.56629816008814,0.6876473313388268,0.7009088855796743
3,2,3,4,5,1,150,0,0,1,0.86,24.0,1,1,1,1,159.06413146192065,0.7899712874348088,0.8907447641875105
1,5,2,3,5,1,45,10,0,0,0.72,2.0,0,0,0,0,49.08404198431546,0.6600991303790389,0.05651575552967758
4,4,1,2,0,0,75,15,0,0,0.72,3.0,1,1,1,1,80.57777395821873,0.7055645728500897,0.8443289958726395
1,1,4,3,8,0,45,15,0,0,0.86,72.0,1,1,0,0,111.80549451440507,0.6366327261762359,0.4399727055106002
1,1,3,5,5,0,90,15,0,1,0.72,24.0,0,1,0,0,28.161721609532194,0.7073087495626926,0.379262868603633
1,1,1,2,4,1,75,10,0,0,0.72,72.0,1,1,0,0,57.653525126740945,0.8775855259692014,0.3870046965999832
3,1,2,5,2,1,45,30,0,1,0.82,24.0,1,0,0,0,47.1648092769353,0.7923772791282663,0.0459767966456449
4,3,3,4,0,1,180,45,0,0,0.82,24.0,1,1,1,1,110.59307677134817,0.7015510759272596,0.8646201425326573
1,1,4,1,3,0,60,20,0,0,0.82,8.0,1,1,0,1,62.62695349058035,0.8163875859198224,0.5846041713126661
4,2,1,5,7,1,150,30,0,0,0.72,2.0,1,1,0,0,40.71964303337366,0.8437775475021263,0.37808200036376693
2,2,3,2,5,0,150,15,0,1,0.72,72.0,1,1,0,1,80.15085097498327,0.6675142157673581,0.6067079055462739
5,4,4,4,4,1,30,10,0,0,0.86,4.0,1,1,1,0,98.60048710827024,0.5087194703123191,0.6801232951503179
2,1,3,4,2,0,30,60,0,1,0.82,48.0,1,0,0,1,54.855950766659774,0.8614701356368722,0.2362677243498588
5,4,4,5,6,0,60,10,0,1,0.86,4.0,1,1,1,0,35.39931167490226,0.5007003647169367,0.638550515586416
3,5,3,5,4,0,90,0,0,0,0.86,24.0,0,1,0,0,105.24412889800766,0.6816176850141018,0.43244951464768466
1,5,3,5,4,1,30,20,0,1,0.86,96.0,0,1,0,0,141.4375841982762,0.5989613908707203,0.4623644254379004
1,1,1,5,8,1,30,20,0,0,0.82,2.0,1,1,0,0,78.5112961275828,0.7528270827543618,0.4096429682922499
1,2,5,4,0,1,120,30,1,0,0.82,8.0,1,0,0,0,78.57974762312334,0.7037402987501228,0.07312467750290697
1,1,3,2,0,1,90,10,0,0,0.82,2.0,1,1,0,0,25.442883839337455,0.7096486170989181,0.3772865193626341
4,3,5,4,2,0,180,10,0,0,0.82,96.0,1,1,0,0,14.939122517352008,0.6823281651234229,0.3721964434529284
5,2,3,4,3,0,150,45,1,1,0.82,1.5,1,0,1,0,63.09620749114752,0.8635314157495885,0.29161693922496046
2,2,3,5,1,1,75,20,0,0,0.82,2.0,1,0,0,1,76.56337004822359,0.6880415968148913,0.26287933492177334
5,2,4,4,4,1,30,10,1,0,0.72,4.0,1,0,1,0,72.37121811606193,0.645300678197434,0.3130764312702209
4,4,5,3,8,0,150,30,1,0,0.86,2.0,1,1,0,1,89.77196850712551,0.6154115676673265,0.6167691692680375
4,4,2,2,5,1,90,20,0,0,0.86,2.0,0,1,0,1,44.06466877051977,0.5840934535898249,0.5884899040957254
5,2,5,3,8,1,30,10,1,0,0.82,1.5,1,1,1,1,171.93523624299553,0.8102032221975526,0.8979092652748351
5,4,5,2,3,1,180,0,0,1,0.82,2.0,1,0,1,1,52.17804768232551,0.6434810566312535,0.4897416911573626
1,1,4,3,3,1,75,10,0,1,0.72,4.0,1,1,0,0,163.65443966571758,0.5904744673371598,0.4777697470635439
1,3,3,3,8,0,30,60,1,1,0.82,4.0,0,1,1,0,57.51708033233379,0.7754333783566394,0.6340643837365912
1,5,2,5,5,1,180,20,0,0,0.86,48.0,1,1,0,0,32.77530816279277,0.6957400073798199,0.38314840492527447
2,3,5,1,7,1,30,30,1,0,0.72,2.0,1,1,0,0,152.00022504837384,0.6454534958241447,0.46615173865789244
2,1,3,5,8,0,90,45,0,0,0.86,1.5,1,1,1,1,21.024606948937667,0.6243752221212427,0.8103101390841382
5,5,1,4,5,0,180,20,0,1,0.86,48.0,1,0,1,0,65.52134373476133,0.6610806438925827,0.30740525075069347
3,4,3,5,0,0,180,45,1,0,0.86,72.0,1,1,0,1,73.68449821269944,0.6351853545576305,0.6046600239894322
2,5,2,3,8,1,30,15,0,0,0.82,96.0,0,1,0,1,77.00858947570265,0.7054997352197748,0.6019540781850843
3,4,4,5,6,0,75,0,0,0,0.82,2.0,1,1,0,1,145.50233885876403,0.4657769322282502,0.6643971739831985
2,1,5,3,0,1,60,60,0,1,0.72,1.5,1,0,0,0,23.987172281313843,0.810732668827553,0.02924016136961385
2,4,4,2,6,1,75,10,1,0,0.72,4.0,1,1,0,1,90.3955334579105,0.6449816026903284,0.6151149767836174
5,5,2,3,3,1,75,0,1,0,0.82,24.0,1,1,0,1,63.24897817096104,0.46447457165996375,0.6096527654311099
5,3,4,5,2,1,90,0,0,0,0.82,2.0,1,1,1,0,137.95710919505694,0.6436983327434667,0.6969125228379953
4,3,1,2,5,1,180,15,0,1,0.82,12.0,1,0,1,0,240.0,0.7514140794296412,0.41740101443992517
5,4,3,2,5,0,150,45,0,0,0.82,24.0,1,1,0,0,60.38784271882443,0.7321179830498639,0.39901030299905915
4,1,5,5,8,1,30,30,0,1,0.82,1.5,1,1,0,0,102.33225936136765,0.39910943382964365,0.45028384587283676
5,4,3,2,6,0,75,10,1,0,0.82,4.0,0,1,0,0,83.88873656980988,0.7003910745065878,0.41689844916441215
4,3,2,4,6,0,180,10,0,0,0.82,12.0,1,1,0,1,82.79732359555308,0.7210631141032855,0.6047237977431388
4,1,1,2,2,1,150,0,0,0,0.72,3.0,1,1,0,0,79.43445827654858,0.7904721481808322,0.40762325514504083
5,3,2,1,5,0,30,45,1,0,0.86,8.0,0,0,1,0,84.12659494858471,0.8355443692422375,0.30759629078543316
1,4,3,2,2,0,45,30,0,0,0.82,12.0,1,0,0,0,55.7717669778435,0.5753385888131454,0.06690747676830883
4,5,4,5,3,0,30,15,0,0,0.82,24.0,1,1,1,0,46.32150764568267,0.5143328306435788,0.6448777069520714
4,1,5,3,2,1,75,45,0,1,0.72,72.0,1,0,0,0,44.762890711465126,0.7953753529266469,0.044165652436111466
1,3,4,5,3,1,45,0,0,1,0.86,1.5,0,1,0,1,104.6011073140738,0.6643203935190689,0.623231643996381
3,1,1,3,8,1,150,30,0,1,0.72,2.0,0,0,0,0,41.759861642684136,0.6961979571238439,0.04910605076312036
1,3,5,2,3,0,150,15,1,1,0.82,48.0,1,0,0,1,32.750352566809084,0.6164501557045814,0.23868205747855203
4,4,4,1,4,1,60,0,0,0,0.82,1.5,1,1,0,0,42.6911870409283,0.7783021543745484,0.3839796405544005
3,5,2,5,6,1,90,45,0,0,0.82,24.0,0,1,0,1,41.1817799473719,0.586400047485215,0.5864065166409496
5,4,5,1,0,1,60,30,0,0,0.86,48.0,0,1,0,1,91.62315423337694,0.7541976489118771,0.6082882673984199
3,2,1,1,7,1,75,20,0,0,0.86,72.0,1,0,0,1,49.46861323406392,0.7370862468028851,0.241383038213174
5,5,2,3,4,1,120,45,0,0,0.82,12.0,0,1,1,0,46.458960058802695,0.49488955484997393,0.6463303711997036
1,4,3,1,0,1,90,10,0,1,0.86,4.0,1,0,0,0,40.916706127390185,0.6534305042562814,0.051537668786987095
5,5,2,5,5,0,60,0,0,0,0.86,2.0,1,1,1,1,72.51352830800373,0.6114275786798743,0.8455424216977446
3,5,3,1,4,1,30,15,1,1,0.72,12.0,0,1,1,1,142.42126185115367,0.7298206663101701,0.8838600612590573
2,5,1,5,0,1,120,45,0,0,0.72,4.0,0,1,1,1,73.90210678706335,0.7438895636499873,0.8371958017358765
3,2,3,2,2,1,30,15,1,1,0.82,72.0,1,0,0,0,87.51690751703066,0.7062623091111502,0.07890624337357327
5,1,5,1,6,1,90,20,0,0,0.82,1.5,1,0,0,0,55.25855096610679,0.7774441668912608,0.05241794229501627
1,4,5,3,8,0,90,20,0,0,0.86,1.5,0,1,0,0,78.76875413823561,0.5920247074945757,0.4210707732342035
4,5,2,2,4,1,60,20,1,1,0.72,48.0,1,0,0,1,38.181298575363684,0.6236178299156133,0.24180095095614954
5,4,2,2,0,1,180,0,1,0,0.86,2.0,1,1,1,0,140.80245732381331,0.8305529796945577,0.6857295963039232
1,4,2,1,0,0,180,30,0,1,0.72,72.0,1,0,0,1,19.616242695785047,0.762026848182987,0.21973561575771428
4,4,4,1,1,0,75,30,1,0,0.72,72.0,1,0,0,0,84.13732517021131,0.6640049711138282,0.07961120213550624
3,5,3,5,8,1,45,15,0,0,0.86,1.5,1,1,1,1,86.62332149661066,0.6392314218020169,0.8530026814715993
1,1,4,5,1,1,90,45,0,1,0.82,12.0,1,1,1,1,36.72345920959644,0.8003263232829121,0.8084594635099271
3,2,1,1,8,1,75,45,0,0,0.82,8.0,1,1,0,0,174.13593944485785,0.5632031405460196,0.4866664064583506
5,1,4,3,2,0,120,30,1,0,0.82,1.5,0,1,0,1,39.227255696872476,0.8228152148101839,0.5685544387612022
1,5,5,4,5,0,45,30,0,1,0.82,12.0,1,1,1,0,177.99663336910186,0.6496272309341168,0.7231905160806797
3,2,5,5,6,1,120,30,1,1,0.82,96.0,1,1,1,1,61.786687219850016,0.6265031552690526,0.8373359039443997
1,2,4,2,3,1,60,60,0,0,0.72,24.0,1,0,0,1,86.49947862762099,0.6297439354314918,0.27358424360487626
1,4,3,2,6,1,90,20,0,0,0.86,3.0,1,1,0,0,84.05758652566016,0.5244170245479547,0.42932919929874996
2,4,3,3,7,0,75,0,0,0,0.72,2.0,1,0,0,0,45.93528336288611,0.6608856448090025,0.054361527105293905
4,4,5,5,6,1,75,30,1,0,0.86,2.0,1,1,0,1,95.92973817073742,0.542690614539923,0.625964815762697
1,5,1,1,3,0,45,30,1,1,0.82,24.0,1,1,0,0,94.14263217979016,0.5594179177889661,0.4336025005412991
3,1,3,3,6,0,75,45,1,1,0.86,3.0,1,1,0,1,65.22462931690367,0.670834151567264,0.5965246956015607
3,2,3,4,8,0,75,30,0,0,0.72,48.0,1,1,0,0,54.96823611035609,0.6363203277746723,0.40210306779601035
5,5,2,3,1,1,45,30,0,0,0.72,72.0,1,1,0,1,122.90336336200146,0.7493421667146404,0.6294816239046429
4,2,1,5,5,0,150,20,0,1,0.72,3.0,1,1,1,1,72.81247600496866,0.7408353780438177,0.8366831742069119
2,5,2,4,6,0,45,60,0,0,0.86,8.0,1,1,0,1,108.02676562813822,0.43023098918661506,0.6419016745090291
5,1,1,1,0,1,150,15,1,0,0.72,96.0,1,0,0,0,13.313823493305453,0.792298485462956,0.023414988346463383
1,1,3,2,4,1,75,20,1,1,0.72,3.0,1,0,0,0,125.65922938895156,0.7763272259576419,0.09942991377559944
3,1,4,2,5,1,30,45,1,0,0.82,4.0,1,0,0,0,26.583633014181615,0.6699343713156939,0.04082701601735584
3,3,3,4,8,1,90,0,0,1,0.72,72.0,1,1,0,1,116.1519441922431,0.5726922790468048,0.637346169928219
4,1,4,4,8,0,120,15,0,0,0.86,4.0,1,1,1,1,107.54092348785645,0.5500547058551155,0.8731901195820462
1,5,4,2,4,0,180,60,1,1,0.82,2.0,1,1,0,1,17.565195716467287,0.4668926780680157,0.5790276430128838
2,4,1,1,0,1,45,20,1,1,0.86,24.0,0,1,0,1,43.33699738400058,0.8648390933659073,0.5683525950537203
1,3,4,1,2,1,60,45,0,1,0.86,96.0,0,1,0,1,49.21405661158739,0.5671356501697905,0.5931098755625064
1,5,3,5,7,1,90,60,0,0,0.82,48.0,1,1,1,1,36.0554420570345,0.6419545221547129,0.8191001448205265
3,4,5,3,1,0,180,15,0,0,0.86,1.5,1,1,0,0,55.414943106623326,0.7316332025833469,0.3957289712235813
2,2,5,4,6,0,60,45,0,0,0.72,8.0,1,1,1,0,25.249038293055087,0.6095756244501531,0.6241623984838595
3,5,1,1,8,1,180,20,0,1,0.82,1.5,1,0,1,1,25.6078919076486,0.5584038158770177,0.4779836608270412
1,1,4,2,8,0,90,15,0,0,0.86,48.0,1,1,0,0,145.81957858108137,0.8817720782972565,0.44548900690657967
2,1,5,3,3,0,150,20,0,0,0.86,3.0,0,1,0,1,12.450694369686316,0.4274781051065066,0.5783769955556688
5,3,2,1,2,0,120,0,0,0,0.86,24.0,1,0,0,0,36.50422506423073,0.6071505670829869,0.05183561034701141
4,1,2,2,2,1,180,20,0,1,0.72,1.5,1,0,0,1,36.295114059244064,0.9756878134169943,0.2158985957669731
3,4,3,2,5,1,180,15,0,1,0.86,4.0,1,0,0,1,55.307376285434515,0.6723624480899687,0.24980621282399187
4,4,5,5,4,0,120,20,0,0,0.86,4.0,1,1,1,1,77.32804211659032,0.6288845043364353,0.8475301127741764
1,3,2,1,2,1,180,30,0,0,0.82,72.0,1,1,0,0,52.33596885276596,0.6145914582233377,0.40186924382621037
5,2,4,4,6,0,150,15,1,1,0.72,48.0,1,0,0,1,123.71190764053367,0.5681715319750349,0.3027025978554367
2,5,3,5,8,1,180,15,0,1,0.86,2.0,1,1,1,0,86.29778423103855,0.543215229253318,0.6695067901062934
5,3,5,1,1,1,150,0,0,0,0.86,72.0,1,1,0,1,36.46397404973638,0.6382783673037691,0.5796298303218937
2,3,2,2,8,1,30,10,0,1,0.86,72.0,1,0,1,1,77.87743771945995,0.6838958588972056,0.5040455816901689
5,4,4,5,2,1,90,20,0,0,0.82,96.0,1,1,0,1,138.79495602039464,0.533737980940947,0.6551683120143968
3,5,2,4,6,1,150,0,0,0,0.82,1.5,0,0,1,0,173.06626717986043,0.5841485363508488,0.38448711390868084
2,3,5,3,2,1,60,0,1,0,0.72,3.0,1,1,1,0,51.76281279937288,0.6181894854102065,0.6412352778875342
5,1,4,5,6,0,120,60,0,0,0.86,2.0,1,1,1,1,26.471519594884732,0.5562608722230168,0.818709418674312
5,2,5,2,5,0,75,45,0,0,0.72,12.0,0,1,0,1,14.719976652768107,0.7576730745113259,0.5567762025527192
5,4,1,5,0,1,30,45,0,1,0.82,2.0,1,1,0,1,48.59760970851217,0.6300377186652827,0.5882957661657717
1,4,3,5,7,0,150,15,1,0,0.86,48.0,1,1,1,0,33.31104338041239,0.6245069795344385,0.6284918736861977
5,1,1,1,0,1,120,30,1,0,0.86,72.0,1,1,0,1,3.9148390402292033,0.7948591262106373,0.5469697538587415
3,3,4,5,4,0,90,20,0,0,0.86,72.0,1,1,0,1,94.39534800282462,0.5140110882220927,0.6269494558263367
5,1,1,1,1,0,60,10,0,1,0.86,48.0,1,0,0,0,45.83700192751404,0.9697469905791403,0.03267571194446954
4,2,1,1,0,0,90,30,1,0,0.86,3.0,0,0,0,0,49.45208845210624,0.7915614671306314,0.04755875626892663
4,5,3,5,1,1,90,0,0,0,0.86,72.0,1,1,1,1,46.09498506294025,0.7298938664477909,0.8196374193906149
4,4,3,2,3,1,120,10,1,0,0.86,3.0,1,1,0,0,37.18924128346677,0.5822630393780032,0.394034414765851
1,4,3,3,4,1,120,10,1,0,0.72,48.0,1,1,0,0,134.10991576578118,0.6064499855671434,0.4569551115208208
1,4,3,4,3,0,180,60,0,0,0.72,2.0,1,1,0,1,230.82234534939346,0.507209319075844,0.7183769112309533
2,5,4,1,7,0,60,60,0,0,0.86,72.0,1,0,0,0,86.77893779718147,0.6621184558154566,0.08150433329103901
4,2,5,5,6,0,60,20,0,1,0.72,4.0,1,1,0,1,43.1444161226124,0.4552396252088274,0.5968961703171237
1,3,3,4,7,1,150,10,0,1,0.72,48.0,1,0,1,0,63.33923163215241,0.6348543189477537,0.3077863520950922
3,1,5,3,3,0,60,15,0,1,0.82,96.0,1,1,1,1,33.62076493033098,0.6987321915677978,0.8135025898771415
3,3,5,3,6,0,60,10,0,0,0.86,96.0,1,1,0,1,116.70630121249141,0.5890069665944516,0.6365737131467161
4,3,1,2,3,1,75,20,0,0,0.72,3.0,1,1,0,0,98.5679929970352,0.5216498533077759,0.4391965055998125
2,3,3,3,2,1,120,45,0,0,0.72,8.0,1,1,0,0,23.144699864118408,0.6540120832487277,0.3796489540820014
5,1,2,1,8,1,180,10,0,0,0.86,4.0,1,1,0,0,25.52394580686051,0.677201187922801,0.37961188071664426
1,2,3,4,3,1,45,30,0,0,0.82,96.0,0,0,0,0,69.96999879012347,0.7086904245941439,0.06703833613849225
4,3,3,3,2,1,60,60,0,0,0.82,3.0,0,1,0,0,8.663304997198203,0.6384176703262124,0.37108629974196394
4,4,3,1,5,1,75,0,0,0,0.82,48.0,1,1,0,0,98.83200394997226,0.7834702372311789,0.42104508602713236
4,1,1,5,7,1,180,15,0,0,0.86,3.0,1,1,1,0,88.51816214346657,0.5567468612459442,0.6700398278084284
4,4,2,1,0,1,90,60,0,0,0.86,12.0,1,0,0,0,47.61683138670822,0.6843154457882307,0.05384247305262933
5,5,4,1,4,1,150,60,0,0,0.82,48.0,1,1,1,1,128.23053008420789,0.6644431507255542,0.8789759995053499
2,2,3,2,2,1,120,30,1,0,0.72,48.0,1,0,0,0,55.32847883061595,0.7031979436003649,0.05766179650171843
5,4,2,4,7,0,45,20,0,1,0.72,12.0,0,1,0,1,54.77232853409659,0.5787495559453391,0.5960024167732241
4,2,4,2,3,1,180,45,0,1,0.82,24.0,0,0,0,1,123.52948670416471,0.736973847601274,0.29076482180402063
5,4,1,2,0,1,180,10,0,1,0.82,72.0,1,0,0,1,27.662604768124524,0.7264446686585577,0.227590609705984
2,2,2,5,7,0,60,45,1,0,0.86,48.0,1,1,0,1,134.44916876525392,0.41591321693222777,0.6605188539915801
5,2,2,1,8,1,60,60,0,0,0.86,48.0,1,1,0,0,119.0717353856821,0.6484960868408522,0.44398643084492845
2,3,2,5,2,0,180,20,0,0,0.72,4.0,0,0,0,0,55.71533840070785,0.5721898918279923,0.06709026650584578
4,5,5,5,0,0,60,10,0,1,0.82,2.0,0,1,1,1,138.2509923002792,0.6031975084538042,0.8899435026084199
4,1,4,2,3,1,45,15,1,0,0.82,2.0,0,0,1,0,72.93642089409451,0.915819548707107,0.2945169121865655
2,4,4,2,2,1,45,30,0,0,0.86,8.0,1,1,0,0,68.15888966155208,0.5455517144701933,0.4172506397614546
5,1,5,1,7,1,60,30,0,0,0.72,1.5,1,0,0,0,80.26600654498228,0.6738639303877056,0.0763401959028488
2,2,1,5,1,1,30,15,0,1,0.72,3.0,0,0,0,0,49.06206904140133,0.7283619043485418,0.05172271272320296
3,1,4,4,6,1,150,15,0,1,0.82,48.0,0,1,0,0,53.3989219191686,0.6474879803501556,0.40027512265493487
1,3,1,4,1,1,60,0,0,1,0.82,3.0,1,0,0,1,67.85197534823787,0.6194775528448047,0.2618712215330223
3,3,3,4,8,1,45,0,0,1,0.86,4.0,1,0,1,0,54.5098518991513,0.7007089828493588,0.29729027246664574
3,3,2,3,4,1,150,20,0,1,0.72,48.0,1,1,0,1,84.26343512723342,0.6103581423957561,0.6134505534504527
4,3,5,2,8,1,60,15,1,1,0.82,2.0,1,1,0,0,33.50619622636366,0.4106725487223375,0.4035903857403455
1,5,3,3,4,1,180,0,0,0,0.82,24.0,1,1,0,1,142.8721808451666,0.6525287932130546,0.6495711050385307
2,4,3,4,6,0,60,45,0,0,0.72,8.0,1,1,0,0,90.31238774502101,0.6478134581295272,0.42486131642761377
4,2,4,2,5,1,30,15,0,0,0.86,2.0,1,1,1,1,61.64059787089445,0.7392548290194374,0.8293458938825691
2,1,2,5,4,1,75,30,1,0,0.72,1.5,1,1,0,0,50.13331268471441,0.6782991686840071,0.3959412666485958
5,4,5,5,6,0,30,0,0,0,0.82,2.0,1,1,0,1,87.41270868779787,0.5219105157644988,0.6217414030216837
4,2,5,2,8,1,120,60,0,1,0.82,3.0,1,1,0,1,8.006037038453877,0.8187230405994355,0.5480267451836754
5,5,4,4,6,1,75,20,0,0,0.72,48.0,1,1,1,1,67.76144577177736,0.5615129058663046,0.8458683937705436
4,4,2,2,7,0,150,20,0,1,0.86,12.0,1,0,0,0,5.1430486014442645,0.6455923994057287,0.028237231109228506
3,5,1,5,4,1,150,30,0,0,0.86,48.0,1,1,1,0,108.89903956065243,0.5110892105342504,0.6868231149697042
1,1,5,4,5,1,90,15,0,1,0.86,2.0,1,0,0,0,122.63467782765623,0.687613850131883,0.10362348237587234
1,3,4,2,1,1,120,0,0,0,0.86,96.0,1,0,0,1,92.94748539042631,0.6242305107599045,0.2782688545070909
3,5,4,1,7,0,45,10,1,0,0.86,2.0,1,0,0,0,220.3970134343378,0.7046978619227079,0.16760249195496899
5,5,1,1,4,1,75,0,0,1,0.86,48.0,1,0,0,1,32.07334465907948,0.7480961849414304,0.22901549682681951
3,5,1,5,5,0,90,60,0,1,0.82,12.0,0,1,0,1,108.5077503618746,0.5880134263617964,0.6311775603959241
4,1,1,2,3,1,60,20,0,0,0.82,72.0,1,0,0,0,33.87036698463893,0.5873070309841758,0.051468752487533645
5,2,4,4,7,1,150,10,0,1,0.86,24.0,1,1,1,1,140.56120993358147,0.6278943333910295,0.8897548699516822
4,2,1,2,6,1,60,60,0,0,0.86,96.0,1,1,1,0,96.33575762589481,0.7245822292267787,0.6635030823713888
2,5,3,1,4,0,45,20,1,1,0.82,3.0,1,0,1,1,217.46396335103466,0.6213530633093209,0.601481261135704
4,4,2,3,2,1,150,60,0,0,0.82,4.0,1,1,0,1,155.5422726434644,0.6893012278359532,0.6554437624804595
3,1,2,4,5,0,30,45,1,0,0.86,8.0,1,0,0,1,81.40900222463091,0.600380303340303,0.27224604691593274
2,2,3,3,0,1,75,0,0,0,0.82,96.0,0,1,0,1,27.224982683618943,0.9119179814144869,0.5543157297567319
4,2,3,1,8,1,75,60,0,0,0.82,3.0,1,1,0,1,93.52314627827354,0.6122172332529197,0.6194935578578113
4,3,1,3,8,1,90,15,0,0,0.82,12.0,0,1,1,1,15.634886205236292,0.8159803830305709,0.7933046306580176
3,4,3,2,0,1,120,45,0,1,0.82,96.0,1,0,0,0,44.6161284686873,0.6895795231542906,0.05147351902499119
1,1,2,4,1,0,60,0,0,0,0.82,12.0,1,0,1,0,104.51548497584201,0.974314398431652,0.3114749820936791
3,2,5,1,8,0,75,30,0,0,0.72,96.0,0,0,0,0,60.484857979654805,0.5018314046840878,0.07519504032521707
1,3,1,1,2,0,30,45,0,0,0.86,72.0,1,0,0,0,9.324773592267212,0.8331229660271838,0.017897908106275274
4,3,3,1,7,0,60,45,1,1,0.86,72.0,1,0,0,0,115.42358080971691,0.5795963246612247,0.10637731114685889
1,4,4,5,8,1,180,60,0,0,0.86,96.0,1,1,1,1,79.2722824312823,0.5810507740440432,0.8521746341044386
2,2,4,3,0,1,90,30,0,1,0.72,4.0,0,0,0,0,23.58911057745649,0.5716559439129755,0.04571015764439605
4,3,2,1,4,1,180,10,0,1,0.82,3.0,0,1,1,0,64.00129588488016,0.5292196406525093,0.6556221557442445
5,4,5,4,5,1,120,10,1,0,0.82,24.0,1,1,1,1,52.717894840599286,0.4805344319780945,0.8415078529885996
2,2,3,1,4,0,150,0,1,0,0.82,1.5,0,1,0,0,16.965969706094786,0.6431235082139071,0.37629200089575643
2,3,3,2,7,0,180,30,0,0,0.82,4.0,0,1,0,1,34.60747989952102,0.767508314653332,0.5693460712406141
4,5,4,4,7,1,90,10,0,1,0.86,12.0,1,1,0,0,137.89209959780487,0.527226052702613,0.4650222427093537
4,2,1,3,2,1,180,30,1,0,0.72,12.0,1,0,0,0,11.816935920680745,0.6625488861054658,0.031499535253071226
2,5,2,1,5,0,60,45,1,0,0.86,12.0,1,1,1,1,19.675616146409716,0.7383497874977801,0.8014325923060952
3,5,3,5,4,1,45,60,0,1,0.82,3.0,1,1,0,1,62.134980284069776,0.6031345736500576,0.5992039000338759
3,2,5,1,6,0,90,15,0,0,0.72,24.0,1,0,0,0,88.80616973992359,0.7046055819585275,0.07988172242285214
3,4,4,3,2,1,30,30,0,0,0.86,72.0,1,1,1,0,110.79314869035349,0.5661693259485979,0.6842302463105006
2,4,1,2,2,0,60,15,0,0,0.72,24.0,1,1,1,1,56.78572577314273,0.7027021239786901,0.8286680018369202
1,1,1,1,8,0,60,15,0,1,0.82,72.0,1,0,0,0,58.51912071816335,0.8035816988116519,0.052762028228626606
5,1,3,2,5,0,90,0,0,1,0.86,12.0,1,1,0,0,65.74026667646783,0.7889915738039145,0.39859743428470457
2,4,2,2,2,1,90,15,0,1,0.86,24.0,0,1,0,0,111.28071941190606,0.6578197124594227,0.43813976640244445
3,2,5,1,4,0,75,15,0,0,0.86,1.5,1,0,1,0,68.02271863585116,0.8845162756095817,0.29343233979789674
3,3,3,5,6,0,120,60,0,1,0.86,12.0,1,1,1,1,58.97189206494008,0.4946725919104653,0.8446875132762275
4,2,3,1,5,0,120,10,0,0,0.86,72.0,1,0,0,0,68.30644497310898,0.7865015666181316,0.06048252031880344
2,4,5,4,7,0,30,0,0,0,0.86,2.0,0,1,0,1,62.21778788342169,0.5890073848852013,0.6002480083136504
2,4,3,2,7,0,150,10,0,0,0.72,72.0,1,1,0,1,92.06792747786808,0.707316842425452,0.6118664393487971
3,1,5,1,1,1,75,10,0,1,0.82,48.0,1,0,0,1,29.775247007104582,0.8525392696494817,0.22017241579593932
4,3,2,5,8,1,30,10,0,0,0.86,12.0,1,1,0,0,111.41719823763987,0.654150538090245,0.4384875944921095
5,2,3,1,6,1,90,15,0,1,0.72,12.0,0,0,1,1,12.1229860887782,0.6594511680871205,0.4619204089597537
1,5,4,1,4,1,120,30,0,1,0.86,4.0,1,1,0,0,68.73289640005103,0.5603496400427602,0.41659745613037413
4,2,4,5,8,0,120,30,0,0,0.82,4.0,1,1,0,0,99.74248935600289,0.4203590725849242,0.44706985782305725
2,4,1,1,3,0,60,15,0,1,0.72,12.0,1,0,0,0,25.120514186934365,0.7651049079400015,0.033189665902156135
1,4,4,3,4,0,45,15,0,1,0.86,24.0,0,1,1,0,32.24614003958472,0.6385919482805285,0.6267959903134195
5,1,5,5,2,1,90,10,1,1,0.86,4.0,1,1,1,1,152.68878284299842,0.7123783300026053,0.89192603879515
4,5,5,3,4,1,75,30,0,0,0.82,96.0,1,1,0,1,102.2172230822391,0.6436478766408492,0.6230894640233
4,4,5,2,0,1,150,0,0,0,0.86,72.0,1,1,0,1,140.06019635678402,0.7613128497051758,0.6400815647584936
1,5,3,5,2,0,30,60,0,0,0.82,72.0,0,1,0,0,43.280819564904796,0.5641984504582185,0.3993599881778613
1,1,1,1,8,0,180,10,0,1,0.82,1.5,1,1,0,1,30.422320809501834,0.8385953016170995,0.5615798760931376
4,2,3,2,8,0,180,60,0,0,0.82,8.0,1,0,0,1,45.28688127640923,0.6733332818163513,0.24305792445712823
1,4,5,1,7,0,120,20,1,1,0.72,96.0,1,1,0,0,164.25768915586204,0.6775365577466561,0.4720775670616421
1,3,1,3,5,0,30,45,0,0,0.86,3.0,1,0,0,1,66.7010382795159,0.5589132868866825,0.26534342877094286
4,3,5,2,4,0,30,20,1,0,0.82,1.5,1,1,1,0,108.03836148387072,0.7012176687139863,0.6729403375126015
1,3,2,1,8,1,120,10,0,0,0.86,3.0,0,1,0,0,50.784830285196435,0.7600818476846924,0.3906508241855358
4,1,1,1,1,1,30,30,1,0,0.72,3.0,1,0,1,0,71.5174178051372,0.7576902190997716,0.30463996319977416
1,4,1,5,3,1,30,20,0,1,0.72,72.0,1,1,1,0,81.32480361085496,0.5320625957095619,0.6669721540409007
3,3,5,1,8,1,60,20,0,1,0.82,96.0,1,1,0,0,31.778998993987372,0.5958748850902986,0.389474757373004
5,4,1,5,2,1,180,15,0,0,0.82,72.0,1,1,1,0,69.502296799379,0.7189464116791783,0.6460086157153769
4,2,1,2,0,0,75,30,0,1,0.72,1.5,1,0,1,1,21.4958157515495,0.9482574488060607,0.4479525224179421
4,1,2,5,8,1,150,10,1,0,0.86,24.0,1,1,1,1,108.47002467115446,0.6287775159541344,0.8682989236639802
3,5,1,2,4,0,75,45,0,0,0.72,48.0,1,0,1,0,70.48265609651429,0.590021506054113,0.3156869319738883
2,5,5,1,7,0,90,45,0,1,0.72,72.0,0,1,0,1,130.61478992487645,0.5744277666332696,0.6468665829522554
3,3,1,3,0,1,120,10,1,0,0.72,2.0,1,0,1,0,74.55829013207817,0.8010720342854629,0.3036304843547364
2,3,5,5,3,1,120,15,0,0,0.72,48.0,0,1,0,1,99.97661934382168,0.6516260219199558,0.6210372580281509
4,3,2,4,4,0,75,30,0,0,0.72,2.0,1,1,0,0,141.01877372929818,0.6985787409631178,0.45511200395211393
2,3,3,2,1,0,30,10,0,0,0.72,96.0,1,1,0,1,38.98350481044498,0.8889052680841221,0.5637656344410747
4,3,3,4,3,0,120,20,0,0,0.82,4.0,1,1,0,0,114.92964860142236,0.6490561030248015,0.4411858385225455
4,4,4,4,8,0,60,60,0,0,0.82,8.0,1,1,0,0,136.2916759442257,0.5963892303464687,0.4591138711718977
5,2,2,3,6,0,120,0,1,0,0.82,72.0,1,1,0,0,134.85833969012202,0.6017875237781259,0.4577804331289459
4,5,1,3,4,1,75,60,0,0,0.82,8.0,1,1,1,1,99.36167108218353,0.5471972359957363,0.8679373075350876
3,4,4,1,3,0,180,0,0,0,0.82,72.0,1,0,1,1,119.42397325757187,0.7201097663703647,0.529208298525789
3,3,2,5,2,1,180,0,0,1,0.82,72.0,0,0,1,1,56.77594351421257,0.5113933484273668,0.5020530946195594
4,1,3,1,6,1,75,60,0,1,0.82,1.5,1,1,1,1,159.6277111406789,0.6828225972066169,0.8986208922893227
5,5,1,4,6,1,60,45,1,0,0.82,1.5,1,1,1,0,137.08071831281492,0.5871618227504141,0.7002858179493477
1,3,4,3,3,0,150,30,0,1,0.82,96.0,1,1,1,0,33.47736161235413,0.6912025051038462,0.6239340657176337
5,5,4,5,7,1,120,15,1,0,0.86,24.0,1,1,1,1,115.70599752476286,0.6225998273237734,0.8735553437705111
5,2,5,3,8,0,45,15,1,0,0.72,2.0,1,1,0,1,164.3575346482606,0.6096827568212329,0.6668938967880209
1,4,5,1,0,1,45,30,0,0,0.82,72.0,1,1,0,0,37.43661902234063,0.7920475991513958,0.3795144140742961
5,4,2,2,6,0,120,60,0,0,0.86,8.0,1,1,0,0,47.919179179697984,0.7629589741994764,0.38853899125916863
3,1,1,2,4,0,45,0,1,0,0.72,24.0,0,0,0,0,33.321034097556954,0.6523551940988817,0.04654915914478292
4,5,4,1,5,1,90,0,1,0,0.86,48.0,1,1,0,1,66.27951427592023,0.6231595993305203,0.6005651708974771
1,3,2,1,5,0,180,10,1,1,0.72,8.0,0,1,1,0,35.70211614787807,0.5452532569268241,0.6356336827803744
2,5,1,1,5,0,45,45,0,0,0.86,48.0,1,1,1,1,90.36133167685796,0.6227560007069154,0.8566479677350879
3,2,2,1,4,1,150,60,0,1,0.86,12.0,1,1,1,1,74.96318826460512,0.8130761963382823,0.8330601250993903
4,2,3,1,6,0,30,20,0,1,0.72,48.0,1,1,0,0,69.30982641625096,0.6871765299753742,0.40810419384589114
3,1,2,4,8,1,45,45,1,1,0.86,3.0,1,1,0,1,54.648745646314865,0.793625535185295,0.5808787096345727
4,3,5,2,3,1,45,60,0,1,0.72,12.0,0,0,0,1,85.77352994789966,0.6927228106138633,0.2686917565556293
2,4,1,5,0,1,150,15,0,0,0.82,72.0,1,1,0,0,119.03812443589302,0.6675493920345318,0.4426302921815115
5,4,4,3,4,1,75,45,0,0,0.82,96.0,1,1,1,0,98.9676858847579,0.6041348687732695,0.6736890164423766
4,5,3,5,7,1,30,30,0,1,0.72,72.0,1,1,1,0,48.9495342842811,0.5403778840908301,0.6448065709698294
3,4,4,1,7,1,120,15,1,0,0.82,12.0,1,1,0,1,144.6892720810996,0.6116932959411764,0.6536409840048508
1,4,1,2,3,0,150,15,0,0,0.72,8.0,1,1,0,0,61.43045260188275,0.6760804991954096,0.40362800012424316
4,1,5,2,7,0,90,10,0,1,0.82,96.0,0,1,0,1,68.82797758550635,0.7928229814756913,0.5903877096870392
4,1,4,4,7,1,90,45,1,0,0.82,96.0,1,0,1,1,20.19150998567177,0.7287637436671431,0.4624475446004145
4,2,3,3,5,1,60,10,1,0,0.86,2.0,1,1,1,0,84.61976926032062,0.746095806120866,0.6541864730784198
1,5,1,2,8,1,120,0,1,0,0.72,2.0,1,1,0,0,25.014554542125992,0.5615273354322161,0.3873694562144956
4,2,3,2,1,1,75,30,1,1,0.82,96.0,1,0,0,0,146.57498729806008,0.7993106458683614,0.11176491298792142
5,5,4,1,7,1,30,20,0,1,0.82,12.0,1,1,0,1,32.79507484550624,0.6019467277401438,0.5797271122885275
5,5,4,3,5,1,60,60,1,0,0.86,2.0,0,1,0,1,61.70069980712009,0.7173849521254962,0.5909168532226287
2,3,3,5,1,1,120,45,0,0,0.72,8.0,1,1,1,1,66.61050210065521,0.7405158197823282,0.8325708940156739
2,5,2,1,4,1,45,30,0,0,0.72,2.0,1,0,0,0,51.39958369458587,0.6690435276447896,0.05743334219458865
1,4,4,3,8,1,75,20,0,0,0.72,72.0,1,0,0,0,38.47764195347423,0.5890896307536432,0.05441548714956113
5,5,5,1,4,1,150,15,0,0,0.72,12.0,0,1,0,0,43.8705836130428,0.6388838489620537,0.3945251863146848
3,1,5,1,0,0,45,45,1,0,0.86,72.0,0,0,0,1,29.690583407674254,0.7803018520578078,0.22517259262773628
1,5,4,2,8,0,120,10,1,0,0.86,3.0,1,1,0,1,103.96156508874344,0.7329573834530692,0.6180006932174474
5,1,4,3,3,1,30,10,0,1,0.82,2.0,1,0,1,0,127.47677907535682,0.7276806766874033,0.344046872015453
3,2,2,2,2,1,90,60,0,0,0.72,72.0,1,0,0,1,26.018432076231484,0.7446283477762589,0.2252216370398162
3,1,5,3,4,1,30,30,0,0,0.82,8.0,1,0,1,0,110.5165123487183,0.6977834915317753,0.3348328304919213
5,2,1,3,0,1,90,45,0,0,0.86,8.0,0,0,1,0,25.629263658085364,0.7614187067608998,0.2737868662987939
2,5,1,5,0,1,180,0,0,1,0.86,12.0,0,1,0,0,97.531115387606,0.7059723330225011,0.4256026802801623
5,5,2,3,6,0,60,60,0,1,0.72,96.0,1,1,0,1,70.38707075097156,0.6793019276642834,0.5993735788974812
4,5,1,1,8,0,120,15,1,1,0.72,48.0,1,0,1,0,70.68705634971407,0.5268330559804272,0.32024639031451285
5,3,2,2,8,1,75,10,0,0,0.86,12.0,1,1,0,1,80.01282512369671,0.5815386640627805,0.6126341769314032
4,3,4,3,5,1,150,0,1,1,0.86,8.0,0,1,0,0,79.20156411412471,0.7234697286727798,0.4121581617356553
3,1,2,5,0,1,120,45,0,0,0.86,2.0,1,0,0,0,76.28650214713039,0.8226313630277502,0.06327347268614442
5,1,1,3,2,0,120,0,0,1,0.86,3.0,1,1,0,1,83.00817097288069,0.762121798274617,0.601990254769364
4,4,2,3,3,1,60,0,0,1,0.82,72.0,1,0,1,1,116.0391728260426,0.8087511309389761,0.5207468693849667
1,2,1,4,8,0,180,45,0,0,0.86,72.0,1,0,1,1,101.26773248049909,0.5820802724205807,0.5267662025842254
3,4,4,2,7,1,30,0,0,0,0.82,1.5,0,1,1,1,83.75629616280443,0.7022265973750791,0.8466816689589474
3,4,2,3,7,0,180,60,1,0,0.72,96.0,1,1,1,1,97.76894886937185,0.7277621230943471,0.8542359506296436
3,4,1,2,8,1,45,0,0,1,0.82,4.0,0,1,0,0,115.78581669462415,0.5403508033178527,0.4493659882308331
4,4,3,2,7,0,60,20,0,1,0.86,3.0,1,1,1,0,64.10711836775386,0.6066582555823948,0.6502720010210683
1,5,2,4,2,1,60,0,0,0,0.72,12.0,1,1,0,1,172.62500535130147,0.7265379767481508,0.6642256785284971
1,3,1,2,1,1,30,0,0,1,0.82,8.0,1,1,0,0,40.97057557420162,0.7161639645408614,0.38718223953160746
2,5,5,3,0,0,45,15,0,0,0.82,72.0,1,1,1,0,77.40650826095222,0.5737124069243756,0.6614444703559287
1,1,5,4,5,0,150,60,0,0,0.86,8.0,1,1,1,0,50.88304641888126,0.69744197313169,0.6351010928267026
2,4,1,3,4,0,30,45,0,0,0.72,8.0,0,1,0,0,111.45266877463098,0.6692136541788893,0.43745682339056513
3,4,4,2,2,0,45,60,0,0,0.86,12.0,1,1,0,0,61.742771205285145,0.8084280257164663,0.3945718856700375
4,4,1,1,2,0,60,15,0,0,0.86,8.0,0,1,1,0,50.85906923216385,0.7646037232697457,0.6303837855258938
5,2,1,5,0,1,90,30,0,0,0.82,8.0,1,1,1,0,122.2716315491354,1.0,0.661514421032757
1,3,2,1,8,1,75,60,0,1,0.86,8.0,1,1,0,1,25.614957517106756,0.5772498506692957,0.5766691487978871
4,3,4,2,2,1,180,45,0,0,0.86,2.0,1,1,0,1,85.55982639787824,0.7577119279170715,0.6040000493110572
1,3,5,1,5,0,60,30,1,0,0.72,1.5,1,1,1,1,115.40151280741156,0.7849611809714525,0.8619870592036061
2,5,2,5,4,1,75,60,1,0,0.82,8.0,1,1,0,0,62.41223418244401,0.5521205246906696,0.41295971939328247
5,1,4,1,4,1,180,20,0,0,0.86,1.5,1,1,0,1,48.848540837319305,0.757993212409758,0.5795061690228631
1,5,5,4,1,1,75,60,0,1,0.86,4.0,0,1,1,1,100.5490254230501,0.6848826923701391,0.859090895149457
3,4,1,3,5,0,45,15,1,1,0.72,3.0,0,1,1,0,152.2413050072298,0.7232855262450785,0.7008642165009977
4,4,1,1,2,0,150,45,1,1,0.72,4.0,1,0,0,0,13.473496075193982,0.6551020183480492,0.03312518943243255
1,3,2,5,2,0,45,30,1,0,0.72,8.0,0,1,1,1,101.44086313436875,0.7183941028061468,0.8573396548931489
1,5,2,4,6,1,75,15,1,0,0.82,3.0,1,1,0,1,72.84880724775574,0.5980508023795912,0.6067023153319324
1,2,4,4,3,0,30,15,0,1,0.72,1.5,1,1,1,0,97.2690414653343,0.7250815763727547,0.6640903172974634
1,2,5,1,1,0,75,10,0,1,0.86,4.0,1,0,0,0,101.79012181645916,0.8649353828778084,0.0773146044095262
5,2,4,5,6,0,75,20,0,0,0.82,72.0,1,0,1,1,114.46798308265944,0.5843274121551134,0.5354090698709151
4,4,5,5,4,1,120,15,1,0,0.82,2.0,1,1,1,0,125.30264102712096,0.5572891716093648,0.6945248520054252
1,4,3,3,0,1,30,10,0,0,0.72,24.0,1,1,0,1,180.98382334559275,0.6101241600079602,0.6779471910298379
2,2,2,3,5,1,30,0,0,1,0.82,1.5,1,0,0,0,38.05533835297378,0.670042415368396,0.04846725649286147
4,4,4,4,1,0,180,45,0,0,0.72,2.0,1,1,1,1,82.22585295388836,0.6533399577720351,0.8490834382585497
3,5,4,5,6,1,60,0,0,1,0.82,1.5,1,1,0,0,98.1761479516519,0.7169198585436867,0.4252663752030432
1,4,3,5,2,1,75,0,0,1,0.72,8.0,1,1,1,0,75.54854056985086,0.5586143325314994,0.661262690436029
2,4,4,5,2,1,75,60,0,0,0.82,1.5,1,0,1,1,49.12625277100618,0.7190951300548212,0.4824141760768333
3,1,2,3,0,0,75,30,0,0,0.82,4.0,1,1,1,0,39.80658205559452,0.8309837271195875,0.6183688604720253
1,2,5,4,0,1,180,15,0,0,0.72,12.0,1,1,0,1,43.69148321148742,0.6582635922057053,0.5830492040199255
5,2,1,1,4,0,90,15,0,1,0.86,8.0,1,1,1,1,62.67885374616708,0.7800988644303969,0.827178981987317
3,5,5,1,4,1,60,20,0,1,0.72,24.0,1,1,0,0,31.55506904187816,0.7999112605552294,0.3750429244557194
4,5,4,4,6,1,150,45,0,0,0.72,3.0,1,1,0,1,55.44009037518849,0.4250750655656697,0.6072048056605288
3,1,2,4,1,1,120,10,0,1,0.82,24.0,1,0,0,0,50.4075512704222,0.8384725024282697,0.04491195901030259
4,4,2,5,7,1,30,45,0,0,0.86,3.0,1,1,1,0,150.1826355376441,0.48796380909571035,0.7159642903883964
3,5,3,3,6,1,150,0,0,0,0.72,24.0,1,1,0,1,73.06171517907208,0.6234750922635998,0.6050645536609295
5,4,5,2,4,0,180,15,1,0,0.72,96.0,1,1,0,0,151.03292692395507,0.5367682040226682,0.47311484366771667
1,4,5,4,3,1,30,45,0,1,0.82,12.0,1,1,1,0,43.97249007327096,0.5807618109727206,0.6386616666140903
1,1,5,3,2,0,90,0,1,0,0.82,72.0,1,0,0,1,42.84251853343508,0.6093269048540156,0.24590879568250898
4,4,4,1,0,0,90,0,0,0,0.86,1.5,1,1,1,0,117.75603216132674,0.8006414107201095,0.6724591226904769
5,1,5,1,8,1,120,20,0,0,0.72,3.0,1,1,1,1,46.790789748411356,0.9212866141748277,0.8067037968400363
3,3,1,3,6,1,90,0,1,1,0.72,3.0,1,1,0,1,44.159852041073265,0.5106640126486032,0.5936934204753133
1,1,5,2,6,0,90,20,0,0,0.86,8.0,1,0,0,0,100.63785952446699,0.7718120650191268,0.08306506179830579
4,1,4,1,0,0,60,0,1,1,0.82,48.0,1,1,1,1,66.1481646580308,0.8572488998570649,0.8240913534486927
3,4,5,2,1,1,60,45,1,1,0.72,3.0,0,0,0,1,49.842523681768554,0.695000707921007,0.24457829956670854
3,5,2,1,2,0,150,30,0,1,0.72,2.0,1,1,1,1,116.59461630119674,0.6086433129914043,0.8751247122913995
1,3,1,2,7,1,120,20,0,0,0.86,12.0,1,1,0,0,66.47118724559576,0.5196450379174629,0.41793897217617476
2,1,2,1,7,0,150,10,1,0,0.72,4.0,1,1,0,0,33.69426168650786,0.7610591274859466,0.3791887022003223
5,1,5,4,5,1,60,0,0,0,0.86,4.0,1,0,1,1,42.818086396706086,0.6849240729445439,0.4806007058250193
4,2,2,5,3,0,75,10,1,0,0.86,12.0,1,0,0,1,49.955936161910515,0.6230510258885733,0.24969038562907356
1,2,2,2,6,1,180,20,0,0,0.82,24.0,1,1,0,0,41.88372904619883,0.6164716787554941,0.39476946851791467
5,1,4,4,1,1,120,0,1,0,0.86,96.0,1,1,1,0,79.05383587551512,0.7233181965377279,0.6520702834927026
5,1,1,3,1,0,75,10,1,0,0.86,48.0,0,0,1,0,72.42052397552973,0.9373457435430348,0.29266614726900736
1,1,4,5,8,1,60,45,0,1,0.72,8.0,0,0,0,0,94.32612702533406,0.4999245122455094,0.0978893688263704
4,5,2,5,8,1,45,10,1,1,0.82,1.5,1,1,0,1,78.31283261934172,0.6034866355022205,0.6099644905944057
5,1,2,2,7,1,60,45,0,1,0.82,48.0,1,0,0,1,83.70368881407856,0.8526988374202584,0.2561135405899676
5,3,4,5,2,1,180,45,1,0,0.86,48.0,1,0,1,1,36.151901306718564,0.5976644845462057,0.482264753619578
1,4,1,2,0,1,90,0,1,0,0.86,2.0,1,1,0,0,79.15462385410939,0.692433553897758,0.4142994004632299
2,4,2,5,1,0,45,60,0,0,0.72,8.0,1,1,1,1,104.36181826735235,0.5905435535907594,0.8682364967602152
5,1,1,1,4,1,180,10,1,1,0.72,48.0,1,0,0,0,52.066104154023904,0.7145196548219462,0.054694360265146375
5,3,1,2,0,0,180,0,0,0,0.86,1.5,1,0,1,1,124.65278686570596,0.7634506891694136,0.5296603096686118
2,1,1,1,1,1,120,30,0,0,0.82,24.0,1,0,0,0,22.196318310227348,0.7798489500768852,0.030208119034769606
1,1,1,2,7,1,30,45,0,0,0.82,4.0,0,1,0,0,37.45326295007434,0.7556811790920368,0.3820711594302737
5,2,1,5,7,1,75,10,1,0,0.72,24.0,0,1,1,0,47.71408523392986,0.5444329788960073,0.6436990816332328
3,5,3,5,2,1,75,15,0,1,0.82,96.0,1,1,0,0,47.07623033866032,0.6468543060025316,0.3961043521389297
4,3,3,4,4,0,180,20,0,0,0.86,4.0,1,1,1,0,45.99373691989432,0.6702350137484007,0.6337460403175417
2,3,5,2,1,0,45,0,1,0,0.72,96.0,1,0,0,1,78.80409491357301,0.8308985666126509,0.25437316361282974
3,1,2,4,1,1,75,20,1,0,0.82,96.0,1,0,1,0,7.806493205063215,0.8560544536742125,0.2552805170461806
2,1,4,5,5,1,120,60,0,1,0.72,4.0,1,1,0,1,15.720958808442711,0.6244799961783938,0.5667670394731409
1,2,4,4,2,1,90,30,0,0,0.86,4.0,1,1,0,0,37.68380574916101,0.7050499313085515,0.3857690419745088
5,5,2,2,2,0,30,20,0,0,0.86,48.0,1,1,0,1,25.730907003850575,0.6499435702417066,0.5716578880856477
5,5,4,5,0,0,75,10,0,1,0.86,96.0,1,1,1,1,95.80083371623851,0.6161011513517235,0.8607401418828717
4,2,3,4,0,1,30,60,0,0,0.72,24.0,1,0,0,0,36.87231878516611,0.7875369224634361,0.03945396128433688
2,4,4,5,8,1,75,20,0,1,0.82,72.0,1,1,1,0,49.39685420230103,0.5717426329813069,0.642909251826176
1,3,5,2,6,1,90,15,0,1,0.82,2.0,1,1,0,0,51.404951732043656,0.5320447237327665,0.4070268371600688
3,4,2,3,1,1,45,45,1,0,0.82,1.5,1,1,1,1,53.25209765360979,0.745591869556363,0.8233099675667944
5,4,4,1,5,0,75,60,1,0,0.82,12.0,0,0,1,0,70.96547088588656,0.5797906906294161,0.31672496557986524
4,3,5,5,0,1,90,45,1,1,0.72,72.0,1,1,1,0,94.00807792759099,0.8128336737750232,0.6557736947874757
1,3,5,3,3,1,120,15,0,0,0.86,24.0,1,1,0,1,45.83834484173137,0.696903214130678,0.5817756715720068
1,3,5,3,8,1,75,0,0,1,0.86,48.0,1,1,0,1,166.38686989756854,0.5031252828004806,0.6757058101356788
2,2,3,1,8,0,90,45,0,0,0.86,12.0,1,1,0,0,43.70096149746145,0.5633016570322065,0.3997028583393865
3,1,5,3,8,0,75,0,0,0,0.82,4.0,1,1,0,0,44.64288807980211,0.6844263652500385,0.39185207981903203
1,1,3,5,3,1,60,30,0,0,0.86,4.0,1,0,1,1,56.64101900793195,0.6823769337366954,0.48999429397705263
5,2,1,2,1,1,30,30,1,0,0.86,12.0,1,1,0,0,80.47922842904434,0.8810900157666866,0.4019765178490282
1,5,3,1,1,0,120,20,0,1,0.82,8.0,0,1,0,0,41.44164342306036,0.46453886246566956,0.4051100419094434
4,3,2,2,8,0,30,0,0,0,0.86,24.0,1,1,0,1,132.65565289197633,0.5368767140596499,0.6508557319438089
1,5,1,3,7,0,180,30,0,0,0.82,2.0,1,1,0,0,80.03784945071466,0.74466722796381,0.41123186034300974
4,5,1,5,0,0,60,45,0,1,0.86,72.0,0,1,0,1,88.96934476305141,0.6487637096089146,0.613899436836077
1,5,2,4,5,0,60,60,1,1,0.82,12.0,1,1,0,0,84.8076636956196,0.7398631938323198,0.414748018895484
1,4,2,1,4,1,90,20,0,1,0.72,72.0,1,0,1,0,85.68034022775093,0.5288145623482218,0.3301032074541251
2,1,3,2,7,1,45,10,1,1,0.72,24.0,1,0,0,0,50.981177052799154,0.9779306586376384,0.035532305263898084
3,4,1,3,0,1,45,20,0,1,0.72,2.0,0,0,1,0,92.82680607844297,0.6205630574948395,0.32844512336098985
1,5,3,1,4,0,45,45,0,0,0.72,24.0,1,0,0,1,158.03392425904107,0.730429066218944,0.31422591487070134
1,3,3,4,3,1,30,30,0,0,0.86,8.0,1,1,0,1,75.34514634006145,0.7393178291928086,0.5984778495165444
1,4,5,1,5,1,180,15,0,1,0.82,1.5,1,1,1,1,51.740799372055506,0.6812792606975301,0.8268043179992098
4,1,5,2,7,1,120,0,0,1,0.82,8.0,1,1,0,1,100.43466000298508,0.6890482521621787,0.6187230623506376
3,5,3,2,7,1,180,30,0,0,0.72,4.0,1,1,0,1,77.38980502032842,0.5599842110180953,0.612394308575619
5,4,2,4,7,0,90,60,0,1,0.82,48.0,1,1,1,1,63.25260194311959,0.6115690354496108,0.8393585688139403
4,5,1,5,8,1,180,15,0,0,0.72,1.5,0,1,1,0,21.8978302026348,0.6762691936776313,0.6172597099109891
5,3,3,3,5,0,45,45,0,1,0.72,8.0,1,1,1,0,157.84199839921905,0.6878479522883375,0.7070786422726291
3,4,1,4,6,0,150,15,0,0,0.86,72.0,1,1,0,1,53.408547625601486,0.7354907600592567,0.5841213452129197
1,5,1,1,2,0,150,30,1,0,0.86,2.0,0,0,0,1,69.5246411070386,0.6562453017053625,0.2604125896186504
1,2,3,4,7,0,30,10,0,0,0.72,3.0,1,1,1,1,62.707562075415666,0.6945323613886053,0.833187776086408
4,2,1,1,7,1,45,30,0,0,0.82,24.0,1,1,0,1,66.11625956150773,0.6745474850917584,0.5968591824179155
4,1,5,2,4,1,30,45,1,0,0.72,24.0,0,0,0,0,85.33964647337322,0.5947871735038504,0.08525799550364596
4,2,3,3,2,1,120,45,0,0,0.86,12.0,1,0,0,1,34.82972020483947,0.7561062549269433,0.23029237562500696
4,5,2,2,2,0,60,10,1,0,0.72,2.0,1,1,0,0,113.93503019332212,0.7405617429610681,0.43411736478827334
1,2,3,2,6,1,120,45,1,1,0.86,8.0,1,1,0,0,59.1524976563005,0.7295333133606378,0.39836766650228905
4,5,4,4,5,1,75,45,1,0,0.82,2.0,1,1,0,1,83.07222778833054,0.5555727250719975,0.6164913944371805
3,3,2,3,4,1,180,15,1,0,0.72,72.0,1,1,1,1,80.68083739490066,0.6974890894165304,0.8449629886707767
3,5,5,1,4,1,120,15,0,1,0.86,12.0,1,1,0,1,40.131868092685366,0.7634067598923769,0.5733161055359906
5,1,2,4,4,0,75,45,0,0,0.86,3.0,1,1,0,1,50.28718666063162,0.6056032672290099,0.591132562401057
2,3,4,2,7,0,120,10,0,0,0.86,12.0,0,1,0,0,121.80174530061066,0.7193946125697621,0.4408435406538571
5,1,1,5,6,1,90,10,1,1,0.86,2.0,1,1,0,1,29.830312952041623,0.677082362874038,0.5724911099001785
5,2,3,2,3,0,120,45,1,0,0.82,72.0,1,1,1,0,98.06176071088542,0.8886226662116015,0.6531709205057782
2,5,4,2,8,1,180,15,1,0,0.82,48.0,1,1,0,1,139.60769755101734,0.6022773439316352,0.6509123842921305
1,1,5,4,2,1,120,45,1,0,0.86,72.0,1,1,0,0,26.690042009217166,0.7347952632447664,0.3763576929123445
4,1,4,3,7,0,150,10,0,0,0.82,4.0,1,1,0,0,87.46047654530092,0.7820941920505629,0.4135603909199946
3,5,3,5,6,1,75,15,1,0,0.72,48.0,1,1,1,1,140.13629484040834,0.5905468302442506,0.8920859184431748
1,5,1,4,6,1,180,10,0,0,0.82,1.5,1,1,0,1,9.509578959060569,0.6423923247153134,0.5613722565759685
3,1,2,4,6,1,150,60,0,0,0.86,4.0,1,1,0,0,115.37097661670656,0.6779386399154798,0.4394582796170542
3,2,5,5,4,1,30,20,0,0,0.86,8.0,1,1,1,0,101.38088619698459,0.6172742895002843,0.6743780571996366
1,2,2,2,6,0,150,10,0,0,0.82,24.0,1,0,0,0,10.759906839252173,0.7229145885773008,0.02656925002575706
3,5,1,3,7,0,120,60,0,1,0.82,24.0,1,0,0,1,37.473130297684975,0.5388041422335117,0.2472657969087775
4,3,5,4,7,1,60,60,0,0,0.86,1.5,0,1,0,1,46.29773572548076,0.6036859240910597,0.5886071424639463
4,3,3,5,7,0,150,30,0,0,0.86,4.0,1,1,1,0,110.52634634676858,0.6747258989069068,0.6764534179743623
2,5,3,2,5,0,180,10,1,1,0.72,12.0,1,1,0,1,32.92665801788286,0.6044720244191158,0.5796380636359172
3,5,2,3,1,0,120,60,1,0,0.86,24.0,1,0,1,1,142.88758470334588,0.5627825878160057,0.5558636086551102
3,1,5,1,1,1,180,20,0,1,0.82,3.0,1,0,0,0,73.91524178533348,0.7015795088604075,0.07016626223666046
2,1,3,2,2,0,30,45,0,1,0.82,1.5,1,0,0,0,96.72903595778266,0.5869928493602379,0.09339652451663845
1,2,2,4,4,1,120,45,0,0,0.82,96.0,1,1,1,0,8.786498399673754,0.6509803073603176,0.6102890440845603
4,5,4,1,8,1,90,0,1,1,0.72,24.0,1,1,0,1,58.64898803640405,0.6025357476770656,0.5969218230202081
4,3,1,4,5,1,180,60,1,1,0.86,12.0,0,0,1,1,24.039995427298038,0.6186266242836921,0.47272279991834026
2,2,4,1,1,1,30,45,1,1,0.82,3.0,0,1,0,1,78.55976297911484,0.7360280385467268,0.600851212621139
1,5,4,1,5,0,45,15,0,0,0.86,4.0,1,1,0,1,45.49023764849145,0.6113111738402534,0.5875350429301767
2,1,2,5,1,0,180,60,0,0,0.82,4.0,1,0,1,0,109.37359315595188,0.8650231103629256,0.3223641110452298
1,1,1,2,6,0,30,60,0,0,0.82,3.0,0,1,0,0,27.768139946257666,0.8356748316517769,0.3700148550818807
2,5,1,1,1,0,75,0,0,0,0.82,8.0,0,1,0,1,47.37328471291675,0.6039654318873618,0.5893046095764959
2,2,5,5,8,0,45,0,1,0,0.86,1.5,0,1,0,0,100.15925492930286,0.6963827979147378,0.42802604076550366
2,2,5,2,8,1,60,15,0,0,0.72,12.0,1,0,0,1,191.57310007797815,0.5283955184329776,0.350727713761677
4,5,5,3,4,0,120,10,0,0,0.82,72.0,1,1,1,1,62.697817882943696,0.7152506350036751,0.8317310008050386
4,2,1,4,6,1,90,30,0,0,0.72,8.0,1,1,0,0,68.00751168663945,0.4873661216158858,0.42122271261131433
2,4,4,3,3,0,45,45,0,0,0.86,96.0,1,1,1,0,77.40327091825941,0.6398790504637415,0.656810647079711
1,4,3,3,5,1,120,45,0,0,0.82,4.0,1,1,0,1,85.74952337059241,0.6076307492946736,0.6146321964631012
4,5,4,5,6,1,150,60,1,0,0.72,8.0,1,1,0,0,113.60577842791832,0.6236459045007775,0.4420819723035578
3,2,5,2,8,1,120,20,0,1,0.72,12.0,1,1,1,0,133.77027624295638,0.7926958160805566,0.683691477036332
3,5,1,1,6,1,45,45,0,1,0.72,96.0,1,1,0,1,157.82352981881513,0.6805030554211495,0.6575804726663963
5,2,1,4,5,0,120,60,0,1,0.82,8.0,1,0,0,0,38.16113427977363,0.6884475046639105,0.04724943086004202
2,3,5,4,7,1,60,15,0,0,0.82,1.5,1,1,0,1,222.7265289941092,0.6455531371958962,0.7032956330590268
2,5,2,2,4,1,75,45,0,0,0.72,48.0,1,1,1,1,58.962036681918974,0.6526901463618969,0.8336197142092799
2,1,1,1,4,0,75,60,0,1,0.72,8.0,1,1,0,0,58.200117196529774,0.7497571306459533,0.39631707898580315
1,4,3,2,3,0,60,20,0,1,0.82,72.0,1,0,0,0,76.75760729420269,0.5358463748585254,0.08366249195603835
2,2,1,4,6,0,120,60,0,0,0.86,96.0,1,0,0,1,130.58796125296027,0.6255205618787567,0.30327220150379386
1,2,5,1,8,1,120,30,1,1,0.72,8.0,1,1,0,1,94.02634697351817,0.6111470096823258,0.619903940637916
1,1,1,3,4,1,120,15,0,1,0.82,3.0,0,1,0,0,73.86832636658423,0.7480376765558449,0.406882913552147
4,4,5,4,4,1,45,20,0,1,0.82,48.0,0,1,1,1,240.0,0.5311134448397288,0.9628220588612191
5,3,4,1,4,1,75,60,1,0,0.86,4.0,1,1,1,1,102.44999360968437,0.7799602084591084,0.8537027811476521
5,1,4,1,5,1,180,60,1,0,0.82,72.0,1,0,1,0,96.72340012195829,0.8091529894524727,0.3178415574862991
5,5,4,4,1,1,45,20,0,1,0.86,8.0,1,0,1,1,55.101228154313205,0.6803199069961505,0.48911175861314493
1,5,2,3,2,1,45,45,0,0,0.82,48.0,1,0,0,1,97.58164342470397,0.7709061811075019,0.27109099627227756
5,5,3,4,4,1,30,20,0,0,0.86,96.0,1,1,0,1,31.51457861113179,0.6930199671498475,0.5724983213735986
5,2,2,3,3,1,120,45,1,0,0.72,24.0,1,1,0,0,11.173842863892258,0.6724309760080152,0.37037906025536715
5,3,1,5,2,1,90,15,0,0,0.86,2.0,1,1,0,0,39.82479454206208,0.7501084408847817,0.3840422721661067
3,2,4,4,3,0,45,45,1,1,0.86,1.5,1,0,0,1,78.64473266439255,0.7436131778121268,0.2603768993294128
3,1,2,1,6,1,180,15,0,0,0.86,24.0,1,0,0,0,29.967077742234135,0.8476319949823795,0.030643812179389524
1,4,4,5,4,1,45,45,0,1,0.72,4.0,1,1,0,1,60.35031372587109,0.6722067692435216,0.5931790686368676
4,2,3,4,0,0,45,60,0,0,0.86,8.0,1,0,1,0,47.543026958546875,0.6731096616410781,0.29457767499082244
1,3,2,1,3,0,180,15,0,0,0.72,4.0,1,0,0,0,33.847280065395395,0.7771603554460734,0.03816362849570513
1,2,4,1,0,1,120,10,1,0,0.86,12.0,1,0,0,0,65.75983069886617,0.8860956807655256,0.05181318947899066
1,4,3,2,0,0,75,15,1,1,0.86,4.0,1,1,1,1,15.779819832609498,0.7246030536809032,0.7997976661307431
4,5,5,3,6,0,60,60,0,1,0.72,3.0,0,1,1,0,17.340215886698903,0.6963633123193171,0.6128147120621138
5,3,1,2,8,1,120,0,0,0,0.86,1.5,1,0,0,0,127.77914036155033,0.7524170828406428,0.10251689777552189
1,3,4,3,2,0,120,60,1,1,0.82,72.0,1,0,1,0,30.176398156506842,0.6584088132727304,0.28402898184191344
4,2,5,2,0,1,180,15,0,0,0.72,3.0,0,1,0,0,173.2795527817871,0.8119183496208917,0.4686854173810623
4,5,3,4,0,0,45,15,1,1,0.72,12.0,0,1,1,1,19.62685301730181,0.6063029904924743,0.810643359343728
3,3,3,1,3,0,60,10,0,0,0.86,1.5,1,0,0,0,53.51379361371143,0.8375912956077896,0.04704447171659568
5,1,1,3,4,0,120,20,1,0,0.86,8.0,1,1,1,0,116.24959706722869,0.9506291543246224,0.660955690575429
5,4,5,4,2,1,180,20,0,0,0.86,24.0,1,1,1,0,108.54764606542594,0.7159694220879091,0.6722472378307971
4,4,3,3,4,1,30,45,0,0,0.82,8.0,1,0,1,1,60.18075043897781,0.5936636153555239,0.49856404721776515
